Customer_ID,Customer_Name,Gender,Age,City,State,Customer_Type,Join_Date
1001,Sara Khan,Female,37,Delhi,Delhi,New,2024-05-22
1002,Aditya Khan,Male,25,Pune,Maharashtra,Returning,2024-02-02
1003,Aarav Khan,Male,34,Ghaziabad,Uttar Pradesh,Returning,2024-01-28
1004,Meera Gupta,Female,46,Pune,Maharashtra,New,2025-08-26
1005,Kabir Sharma,Male,47,Gurugram,Haryana,New,2024-06-08
1006,Priya Mehta,Female,25,Noida,Uttar Pradesh,New,2025-01-02
1007,Ishaan Mehta,Male,36,Bengaluru,Karnataka,Returning,2025-04-15
1008,Meera Khan,Female,25,Lucknow,Uttar Pradesh,Returning,2025-10-05
1009,Vihaan Mehta,Male,32,Bengaluru,Karnataka,Returning,2024-02-16
1010,Sara Gupta,Female,25,Faridabad,Haryana,Premium,2024-04-13
1011,Zoya Singh,Female,60,Chandigarh,Chandigarh,Returning,2024-06-15
1012,Ananya Mehta,Female,37,Ghaziabad,Uttar Pradesh,Returning,2025-11-30
1013,Sara Khan,Female,60,Bengaluru,Karnataka,New,2024-09-07
1014,Rohan Joshi,Male,37,Lucknow,Uttar Pradesh,Premium,2025-10-17
1015,Aditya Malik,Male,40,Ghaziabad,Uttar Pradesh,Returning,2024-02-27
1016,Priya Sharma,Female,45,Jaipur,Rajasthan,New,2024-08-04
1017,Kavya Kapoor,Female,33,Jaipur,Rajasthan,Returning,2025-02-09
1018,Kavya Joshi,Female,36,Gurugram,Haryana,New,2025-07-28
1019,Meera Singh,Female,47,Bengaluru,Karnataka,Premium,2025-02-12
1020,Ananya Gupta,Female,52,Gurugram,Haryana,Returning,2024-02-18
1021,Ishaan Khan,Male,60,Gurugram,Haryana,New,2025-11-27
1022,Zoya Kapoor,Female,44,Noida,Uttar Pradesh,New,2025-04-24
1023,Meera Singh,Female,20,Pune,Maharashtra,Returning,2024-04-27
1024,Sara Malik,Female,41,Faridabad,Haryana,New,2025-03-21
1025,Rohan Joshi,Male,36,Delhi,Delhi,Premium,2024-07-01
1026,Meera Khan,Female,60,Faridabad,Haryana,Returning,2024-07-22
1027,Rohan Mehta,Male,54,Gurugram,Haryana,Premium,2025-06-27
1028,Kavya Sharma,Female,40,Bengaluru,Karnataka,Returning,2024-04-24
1029,Kavya Mehta,Female,35,Faridabad,Haryana,New,2025-08-03
1030,Aisha Khan,Female,24,Chandigarh,Chandigarh,Premium,2025-06-29
1031,Neha Verma,Female,50,Gurugram,Haryana,Premium,2024-06-18
1032,Kabir Malik,Male,47,Bengaluru,Karnataka,Premium,2025-07-06
1033,Neha Gupta,Female,45,Faridabad,Haryana,Premium,2025-10-27
1034,Ananya Joshi,Female,48,Pune,Maharashtra,New,2024-08-18
1035,Aisha Mehta,Female,57,Delhi,Delhi,Returning,2025-08-25
1036,Priya Sharma,Female,60,Noida,Uttar Pradesh,New,2024-03-10
1037,Kavya Sharma,Female,24,Jaipur,Rajasthan,Returning,2024-10-12
1038,Sara Joshi,Female,54,Ghaziabad,Uttar Pradesh,New,2025-08-07
1039,Vihaan Joshi,Male,50,Ghaziabad,Uttar Pradesh,Returning,2024-07-13
1040,Aisha Khan,Female,42,Lucknow,Uttar Pradesh,New,2025-04-23
1041,Ishaan Sharma,Male,23,Noida,Uttar Pradesh,New,2024-12-13
1042,Neha Khan,Female,32,Ghaziabad,Uttar Pradesh,New,2025-04-04
1043,Rohan Patel,Male,37,Gurugram,Haryana,Returning,2024-03-18
1044,Arjun Malik,Male,23,Noida,Uttar Pradesh,Returning,2025-07-07
1045,Ishaan Sharma,Male,35,Noida,Uttar Pradesh,New,2025-05-12
1046,Arjun Gupta,Male,23,Lucknow,Uttar Pradesh,New,2024-01-03
1047,Zoya Singh,Female,38,Chandigarh,Chandigarh,New,2025-07-23
1048,Sara Joshi,Female,32,Gurugram,Haryana,New,2024-02-29
1049,Vihaan Malik,Male,40,Delhi,Delhi,New,2025-08-21
1050,Arjun Malik,Male,30,Pune,Maharashtra,New,2025-06-04
1051,Aisha Verma,Female,58,Noida,Uttar Pradesh,New,2024-08-28
1052,Zoya Khan,Female,35,Bengaluru,Karnataka,Returning,2024-02-10
1053,Vihaan Khan,Male,57,Lucknow,Uttar Pradesh,Returning,2024-11-19
1054,Kavya Singh,Female,40,Ghaziabad,Uttar Pradesh,New,2025-02-09
1055,Rohan Singh,Male,40,Chandigarh,Chandigarh,Premium,2024-03-15
1056,Aarav Joshi,Male,56,Bengaluru,Karnataka,Premium,2024-03-16
1057,Meera Gupta,Female,36,Pune,Maharashtra,New,2024-12-23
1058,Kavya Khan,Female,43,Ghaziabad,Uttar Pradesh,New,2025-03-24
1059,Ishaan Malik,Male,59,Faridabad,Haryana,Premium,2025-10-31
1060,Meera Sharma,Female,39,Pune,Maharashtra,Premium,2024-04-16
1061,Kavya Verma,Female,27,Faridabad,Haryana,Premium,2025-07-20
1062,Rohan Singh,Male,58,Faridabad,Haryana,New,2024-12-17
1063,Priya Singh,Female,51,Pune,Maharashtra,New,2024-02-22
1064,Aisha Patel,Female,22,Faridabad,Haryana,New,2024-05-13
1065,Sara Singh,Female,48,Gurugram,Haryana,Returning,2025-03-13
1066,Meera Sharma,Female,24,Noida,Uttar Pradesh,Premium,2025-12-08
1067,Kavya Verma,Female,22,Pune,Maharashtra,Returning,2025-08-19
1068,Meera Verma,Female,28,Lucknow,Uttar Pradesh,New,2025-01-08
1069,Kavya Sharma,Female,33,Jaipur,Rajasthan,Returning,2025-11-13
1070,Aisha Mehta,Female,46,Pune,Maharashtra,Premium,2024-06-07
1071,Kavya Gupta,Female,31,Gurugram,Haryana,Premium,2024-01-26
1072,Rohan Mehta,Male,35,Lucknow,Uttar Pradesh,New,2025-12-19
1073,Aisha Patel,Female,50,Delhi,Delhi,New,2025-04-16
1074,Ananya Singh,Female,34,Ghaziabad,Uttar Pradesh,New,2024-07-16
1075,Zoya Mehta,Female,24,Faridabad,Haryana,Premium,2024-10-12
1076,Ananya Malik,Female,54,Lucknow,Uttar Pradesh,New,2024-01-29
1077,Aisha Singh,Female,57,Gurugram,Haryana,Premium,2024-09-28
1078,Aarav Khan,Male,47,Bengaluru,Karnataka,New,2024-11-17
1079,Zoya Kapoor,Female,27,Pune,Maharashtra,New,2025-08-13
1080,Priya Singh,Female,47,Delhi,Delhi,New,2025-07-05
1081,Sara Gupta,Female,47,Jaipur,Rajasthan,New,2025-11-11
1082,Kavya Mehta,Female,40,Bengaluru,Karnataka,Returning,2024-05-07
1083,Aditya Singh,Male,39,Pune,Maharashtra,Returning,2024-11-30
1084,Zoya Singh,Female,28,Pune,Maharashtra,New,2025-11-11
1085,Zoya Verma,Female,56,Bengaluru,Karnataka,New,2025-07-15
1086,Ishaan Sharma,Male,38,Faridabad,Haryana,New,2025-08-16
1087,Vihaan Mehta,Male,48,Chandigarh,Chandigarh,New,2024-08-06
1088,Meera Joshi,Female,25,Gurugram,Haryana,New,2025-11-10
1089,Sara Kapoor,Female,25,Jaipur,Rajasthan,Returning,2024-08-28
1090,Sara Singh,Female,32,Ghaziabad,Uttar Pradesh,New,2024-02-17
1091,Priya Joshi,Female,24,Bengaluru,Karnataka,Returning,2025-10-06
1092,Vihaan Gupta,Male,51,Lucknow,Uttar Pradesh,New,2024-05-31
1093,Sara Sharma,Female,47,Noida,Uttar Pradesh,New,2025-12-13
1094,Meera Joshi,Female,55,Delhi,Delhi,New,2024-05-04
1095,Arjun Verma,Male,53,Chandigarh,Chandigarh,Premium,2025-09-01
1096,Ananya Joshi,Female,52,Bengaluru,Karnataka,New,2025-07-15
1097,Arjun Verma,Male,48,Chandigarh,Chandigarh,New,2024-09-10
1098,Ishaan Singh,Male,51,Pune,Maharashtra,Returning,2024-10-08
1099,Arjun Khan,Male,35,Faridabad,Haryana,New,2024-11-23
1100,Kavya Malik,Female,28,Noida,Uttar Pradesh,New,2025-01-27
1101,Aditya Verma,Male,24,Ghaziabad,Uttar Pradesh,New,2024-12-04
1102,Meera Joshi,Female,23,Lucknow,Uttar Pradesh,New,2025-03-06
1103,Zoya Kapoor,Female,56,Delhi,Delhi,New,2024-01-07
1104,Ananya Singh,Female,46,Lucknow,Uttar Pradesh,Returning,2025-07-13
1105,Neha Kapoor,Female,51,Ghaziabad,Uttar Pradesh,New,2025-03-22
1106,Arjun Sharma,Male,41,Lucknow,Uttar Pradesh,Returning,2025-02-18
1107,Aditya Verma,Male,28,Chandigarh,Chandigarh,Premium,2025-06-30
1108,Aarav Patel,Male,56,Bengaluru,Karnataka,Returning,2024-03-26
1109,Sara Patel,Female,49,Gurugram,Haryana,New,2024-09-23
1110,Zoya Mehta,Female,49,Ghaziabad,Uttar Pradesh,New,2025-01-23
1111,Kabir Patel,Male,25,Faridabad,Haryana,Returning,2025-07-06
1112,Aarav Mehta,Male,24,Ghaziabad,Uttar Pradesh,Returning,2025-10-29
1113,Aarav Sharma,Male,32,Ghaziabad,Uttar Pradesh,Returning,2025-09-28
1114,Rohan Gupta,Male,50,Gurugram,Haryana,Returning,2025-07-31
1115,Priya Joshi,Female,43,Faridabad,Haryana,New,2025-09-13
1116,Aditya Khan,Male,39,Gurugram,Haryana,New,2024-01-27
1117,Kavya Singh,Female,44,Bengaluru,Karnataka,New,2024-07-22
1118,Aisha Kapoor,Female,26,Ghaziabad,Uttar Pradesh,Returning,2024-11-04
1119,Ishaan Kapoor,Male,56,Noida,Uttar Pradesh,Returning,2024-12-21
1120,Meera Patel,Female,24,Jaipur,Rajasthan,Returning,2024-12-15
1121,Aarav Patel,Male,26,Chandigarh,Chandigarh,New,2025-01-05
1122,Sara Joshi,Female,47,Gurugram,Haryana,New,2025-06-18
1123,Sara Singh,Female,54,Bengaluru,Karnataka,Returning,2025-04-21
1124,Zoya Kapoor,Female,40,Faridabad,Haryana,Premium,2024-03-29
1125,Kabir Joshi,Male,49,Ghaziabad,Uttar Pradesh,Returning,2025-11-15
1126,Zoya Mehta,Female,51,Delhi,Delhi,Premium,2024-07-05
1127,Arjun Gupta,Male,36,Jaipur,Rajasthan,New,2025-09-02
1128,Aditya Singh,Male,20,Pune,Maharashtra,Returning,2024-07-14
1129,Aisha Gupta,Female,51,Lucknow,Uttar Pradesh,Returning,2024-09-03
1130,Aditya Joshi,Male,48,Chandigarh,Chandigarh,Returning,2024-04-05
1131,Kabir Gupta,Male,35,Lucknow,Uttar Pradesh,New,2025-08-18
1132,Ananya Joshi,Female,53,Pune,Maharashtra,New,2025-07-17
1133,Ananya Mehta,Female,37,Chandigarh,Chandigarh,New,2024-08-24
1134,Aisha Gupta,Female,27,Jaipur,Rajasthan,Returning,2025-12-07
1135,Rohan Gupta,Male,50,Ghaziabad,Uttar Pradesh,New,2025-08-26
1136,Neha Malik,Female,38,Bengaluru,Karnataka,Premium,2024-07-17
1137,Kabir Gupta,Male,31,Jaipur,Rajasthan,New,2025-12-26
1138,Meera Verma,Female,22,Faridabad,Haryana,Premium,2025-07-20
1139,Kabir Verma,Male,26,Chandigarh,Chandigarh,Premium,2025-08-10
1140,Kabir Joshi,Male,48,Chandigarh,Chandigarh,New,2024-02-22
1141,Kabir Joshi,Male,24,Noida,Uttar Pradesh,New,2024-03-16
1142,Vihaan Sharma,Male,29,Gurugram,Haryana,Returning,2024-11-07
1143,Aisha Gupta,Female,55,Noida,Uttar Pradesh,Returning,2025-09-12
1144,Vihaan Kapoor,Male,53,Ghaziabad,Uttar Pradesh,New,2025-03-29
1145,Kabir Kapoor,Male,39,Lucknow,Uttar Pradesh,Returning,2024-03-02
1146,Vihaan Khan,Male,60,Ghaziabad,Uttar Pradesh,New,2025-11-07
1147,Aisha Verma,Female,31,Ghaziabad,Uttar Pradesh,Returning,2024-06-09
1148,Aarav Patel,Male,58,Chandigarh,Chandigarh,Returning,2024-02-03
1149,Priya Singh,Female,49,Faridabad,Haryana,New,2024-08-27
1150,Kavya Singh,Female,32,Bengaluru,Karnataka,New,2025-07-11
1151,Priya Verma,Female,29,Faridabad,Haryana,New,2024-06-18
1152,Neha Singh,Female,56,Bengaluru,Karnataka,Premium,2025-03-25
1153,Aisha Joshi,Female,45,Faridabad,Haryana,Premium,2025-05-27
1154,Meera Joshi,Female,25,Chandigarh,Chandigarh,Returning,2025-03-18
1155,Aditya Mehta,Male,36,Bengaluru,Karnataka,New,2024-08-22
1156,Sara Kapoor,Female,21,Bengaluru,Karnataka,Premium,2025-11-19
1157,Ishaan Singh,Male,22,Bengaluru,Karnataka,Returning,2024-06-28
1158,Arjun Malik,Male,37,Chandigarh,Chandigarh,New,2025-08-22
1159,Zoya Joshi,Female,50,Noida,Uttar Pradesh,New,2024-12-07
1160,Ananya Khan,Female,41,Gurugram,Haryana,New,2025-05-22
1161,Kabir Patel,Male,22,Pune,Maharashtra,Returning,2024-11-18
1162,Kabir Mehta,Male,45,Noida,Uttar Pradesh,Premium,2024-01-02
1163,Sara Malik,Female,46,Chandigarh,Chandigarh,New,2025-06-14
1164,Ananya Kapoor,Female,60,Chandigarh,Chandigarh,New,2024-02-22
1165,Priya Singh,Female,28,Pune,Maharashtra,Premium,2025-03-24
1166,Kavya Joshi,Female,21,Noida,Uttar Pradesh,Premium,2025-09-15
1167,Neha Gupta,Female,39,Gurugram,Haryana,Returning,2025-07-19
1168,Zoya Khan,Female,27,Ghaziabad,Uttar Pradesh,Returning,2024-04-30
1169,Sara Verma,Female,38,Chandigarh,Chandigarh,Returning,2024-10-06
1170,Zoya Joshi,Female,35,Chandigarh,Chandigarh,Returning,2024-05-28
1171,Zoya Gupta,Female,52,Bengaluru,Karnataka,Returning,2024-05-19
1172,Ishaan Khan,Male,46,Faridabad,Haryana,New,2025-06-03
1173,Kabir Sharma,Male,39,Faridabad,Haryana,Returning,2025-08-16
1174,Sara Joshi,Female,48,Gurugram,Haryana,Returning,2024-12-19
1175,Ananya Malik,Female,44,Pune,Maharashtra,Returning,2024-11-25
1176,Ishaan Gupta,Male,56,Ghaziabad,Uttar Pradesh,New,2025-02-24
1177,Aarav Mehta,Male,44,Chandigarh,Chandigarh,New,2025-11-10
1178,Neha Verma,Female,22,Chandigarh,Chandigarh,New,2025-08-27
1179,Ananya Khan,Female,26,Chandigarh,Chandigarh,Returning,2025-04-12
1180,Aarav Verma,Male,29,Lucknow,Uttar Pradesh,New,2024-09-28
1181,Ananya Kapoor,Female,25,Lucknow,Uttar Pradesh,Premium,2025-11-21
1182,Ishaan Malik,Male,40,Lucknow,Uttar Pradesh,Returning,2025-05-14
1183,Ishaan Malik,Male,59,Delhi,Delhi,New,2025-10-08
1184,Sara Singh,Female,25,Ghaziabad,Uttar Pradesh,New,2024-04-10
1185,Neha Khan,Female,30,Chandigarh,Chandigarh,Returning,2024-01-30
1186,Aarav Mehta,Male,38,Delhi,Delhi,New,2025-03-17
1187,Rohan Gupta,Male,46,Pune,Maharashtra,Returning,2024-07-03
1188,Rohan Verma,Male,59,Noida,Uttar Pradesh,Premium,2025-09-26
1189,Sara Gupta,Female,57,Chandigarh,Chandigarh,New,2025-04-17
1190,Sara Singh,Female,36,Chandigarh,Chandigarh,Returning,2025-04-21
1191,Kavya Singh,Female,30,Pune,Maharashtra,New,2024-12-19
1192,Vihaan Singh,Male,36,Lucknow,Uttar Pradesh,Returning,2024-11-05
1193,Priya Patel,Female,26,Chandigarh,Chandigarh,New,2025-08-08
1194,Ananya Kapoor,Female,38,Faridabad,Haryana,New,2025-11-05
1195,Zoya Singh,Female,56,Delhi,Delhi,Premium,2024-02-20
1196,Kavya Kapoor,Female,38,Chandigarh,Chandigarh,Returning,2024-08-23
1197,Vihaan Mehta,Male,60,Ghaziabad,Uttar Pradesh,New,2024-09-13
1198,Sara Verma,Female,60,Noida,Uttar Pradesh,Returning,2024-11-12
1199,Neha Joshi,Female,57,Delhi,Delhi,New,2024-05-14
1200,Aisha Singh,Female,46,Jaipur,Rajasthan,New,2024-05-15
1201,Neha Malik,Female,53,Jaipur,Rajasthan,Returning,2024-10-06
1202,Ishaan Verma,Male,50,Faridabad,Haryana,Premium,2024-10-29
1203,Aditya Mehta,Male,49,Noida,Uttar Pradesh,Premium,2024-05-24
1204,Neha Gupta,Female,55,Lucknow,Uttar Pradesh,New,2025-02-08
1205,Aarav Singh,Male,27,Pune,Maharashtra,Returning,2025-11-19
1206,Aditya Singh,Male,44,Bengaluru,Karnataka,Returning,2025-01-15
1207,Aisha Gupta,Female,21,Chandigarh,Chandigarh,Returning,2025-07-28
1208,Ananya Kapoor,Female,24,Ghaziabad,Uttar Pradesh,Returning,2025-04-20
1209,Kavya Singh,Female,27,Lucknow,Uttar Pradesh,New,2024-02-08
1210,Kabir Joshi,Male,26,Noida,Uttar Pradesh,New,2025-07-04
1211,Rohan Patel,Male,43,Chandigarh,Chandigarh,Returning,2025-12-14
1212,Meera Patel,Female,29,Bengaluru,Karnataka,Premium,2025-11-01
1213,Aisha Joshi,Female,46,Bengaluru,Karnataka,Premium,2024-10-13
1214,Aarav Mehta,Male,48,Ghaziabad,Uttar Pradesh,New,2024-08-29
1215,Ishaan Mehta,Male,43,Noida,Uttar Pradesh,Returning,2025-10-22
1216,Ananya Sharma,Female,37,Lucknow,Uttar Pradesh,New,2024-05-05
1217,Ishaan Joshi,Male,33,Noida,Uttar Pradesh,Returning,2025-09-03
1218,Aarav Sharma,Male,35,Jaipur,Rajasthan,Premium,2025-08-01
1219,Priya Khan,Female,33,Pune,Maharashtra,Returning,2024-08-26
1220,Ananya Verma,Female,20,Bengaluru,Karnataka,New,2024-05-28
1221,Rohan Malik,Male,31,Faridabad,Haryana,New,2024-01-27
1222,Rohan Sharma,Male,35,Jaipur,Rajasthan,Returning,2024-01-17
1223,Rohan Singh,Male,28,Delhi,Delhi,Returning,2025-06-22
1224,Aisha Khan,Female,48,Chandigarh,Chandigarh,Returning,2025-06-09
1225,Vihaan Khan,Male,52,Chandigarh,Chandigarh,New,2025-09-21
1226,Aarav Malik,Male,49,Faridabad,Haryana,Returning,2024-02-01
1227,Aarav Joshi,Male,47,Lucknow,Uttar Pradesh,Returning,2025-05-17
1228,Aditya Joshi,Male,25,Noida,Uttar Pradesh,New,2024-05-31
1229,Aisha Verma,Female,59,Faridabad,Haryana,Returning,2025-07-15
1230,Aditya Mehta,Male,58,Lucknow,Uttar Pradesh,Returning,2025-04-09
1231,Meera Kapoor,Female,26,Lucknow,Uttar Pradesh,Returning,2024-04-27
1232,Ishaan Malik,Male,47,Ghaziabad,Uttar Pradesh,Returning,2024-08-21
1233,Zoya Mehta,Female,45,Chandigarh,Chandigarh,New,2024-04-07
1234,Ananya Patel,Female,36,Jaipur,Rajasthan,New,2024-06-05
1235,Sara Joshi,Female,25,Noida,Uttar Pradesh,Returning,2024-04-05
1236,Zoya Khan,Female,28,Jaipur,Rajasthan,Returning,2025-08-23
1237,Meera Malik,Female,27,Jaipur,Rajasthan,New,2025-11-12
1238,Neha Patel,Female,38,Delhi,Delhi,Returning,2024-12-26
1239,Aisha Kapoor,Female,33,Pune,Maharashtra,New,2025-05-08
1240,Priya Khan,Female,55,Jaipur,Rajasthan,New,2024-10-12
1241,Vihaan Gupta,Male,55,Lucknow,Uttar Pradesh,Premium,2025-09-28
1242,Vihaan Malik,Male,58,Delhi,Delhi,Premium,2025-12-11
1243,Kabir Sharma,Male,37,Gurugram,Haryana,Returning,2024-11-12
1244,Kavya Mehta,Female,20,Jaipur,Rajasthan,New,2024-05-26
1245,Vihaan Patel,Male,29,Noida,Uttar Pradesh,Returning,2024-02-01
1246,Aisha Malik,Female,44,Ghaziabad,Uttar Pradesh,New,2024-12-15
1247,Rohan Mehta,Male,40,Faridabad,Haryana,Returning,2025-08-04
1248,Vihaan Khan,Male,29,Delhi,Delhi,New,2025-09-24
1249,Aarav Khan,Male,48,Faridabad,Haryana,Returning,2025-05-12
1250,Vihaan Joshi,Male,37,Lucknow,Uttar Pradesh,New,2025-06-08
1251,Aisha Mehta,Female,27,Lucknow,Uttar Pradesh,New,2025-11-25
1252,Vihaan Joshi,Male,39,Pune,Maharashtra,New,2025-02-08
1253,Vihaan Sharma,Male,33,Delhi,Delhi,New,2024-08-04
1254,Neha Verma,Female,38,Faridabad,Haryana,New,2024-01-08
1255,Arjun Patel,Male,28,Gurugram,Haryana,New,2025-12-21
1256,Priya Malik,Female,42,Pune,Maharashtra,New,2024-02-13
1257,Zoya Sharma,Female,24,Chandigarh,Chandigarh,Premium,2025-08-12
1258,Zoya Kapoor,Female,60,Lucknow,Uttar Pradesh,New,2024-04-27
1259,Zoya Sharma,Female,30,Jaipur,Rajasthan,Returning,2025-09-24
1260,Arjun Mehta,Male,47,Noida,Uttar Pradesh,Returning,2024-09-06
1261,Zoya Kapoor,Female,53,Lucknow,Uttar Pradesh,New,2024-11-13
1262,Aditya Mehta,Male,41,Ghaziabad,Uttar Pradesh,Returning,2024-03-19
1263,Meera Khan,Female,52,Pune,Maharashtra,New,2024-12-23
1264,Ananya Verma,Female,26,Ghaziabad,Uttar Pradesh,New,2024-07-21
1265,Rohan Kapoor,Male,24,Gurugram,Haryana,New,2025-10-05
1266,Arjun Joshi,Male,57,Bengaluru,Karnataka,New,2025-08-01
1267,Sara Kapoor,Female,60,Jaipur,Rajasthan,New,2025-03-26
1268,Aisha Joshi,Female,60,Chandigarh,Chandigarh,New,2024-10-08
1269,Vihaan Sharma,Male,52,Jaipur,Rajasthan,New,2025-04-17
1270,Arjun Sharma,Male,43,Delhi,Delhi,Returning,2024-03-19
1271,Sara Khan,Female,58,Bengaluru,Karnataka,Returning,2025-04-18
1272,Vihaan Malik,Male,48,Delhi,Delhi,Premium,2025-08-08
1273,Sara Gupta,Female,58,Jaipur,Rajasthan,Returning,2024-06-03
1274,Aarav Joshi,Male,41,Noida,Uttar Pradesh,Premium,2024-03-27
1275,Meera Verma,Female,35,Delhi,Delhi,Returning,2025-03-25
1276,Meera Malik,Female,30,Bengaluru,Karnataka,New,2024-10-16
1277,Zoya Patel,Female,58,Jaipur,Rajasthan,New,2025-10-08
1278,Sara Mehta,Female,41,Noida,Uttar Pradesh,New,2025-11-25
1279,Zoya Singh,Female,58,Faridabad,Haryana,Premium,2024-12-07
1280,Aisha Kapoor,Female,42,Gurugram,Haryana,New,2025-11-02
1281,Aditya Patel,Male,58,Gurugram,Haryana,Returning,2024-03-27
1282,Kabir Malik,Male,41,Lucknow,Uttar Pradesh,Returning,2025-11-17
1283,Aditya Malik,Male,47,Noida,Uttar Pradesh,Returning,2024-01-19
1284,Ananya Singh,Female,33,Gurugram,Haryana,New,2025-05-12
1285,Priya Gupta,Female,29,Gurugram,Haryana,New,2024-04-13
1286,Meera Malik,Female,22,Pune,Maharashtra,Returning,2025-09-24
1287,Rohan Kapoor,Male,29,Lucknow,Uttar Pradesh,New,2025-12-10
1288,Neha Kapoor,Female,48,Gurugram,Haryana,New,2025-01-08
1289,Sara Gupta,Female,59,Chandigarh,Chandigarh,New,2025-04-04
1290,Priya Malik,Female,39,Ghaziabad,Uttar Pradesh,Premium,2025-04-25
1291,Kavya Gupta,Female,56,Jaipur,Rajasthan,Premium,2025-04-17
1292,Neha Singh,Female,52,Lucknow,Uttar Pradesh,Returning,2024-06-14
1293,Ishaan Gupta,Male,28,Bengaluru,Karnataka,Premium,2024-02-23
1294,Sara Joshi,Female,55,Jaipur,Rajasthan,Premium,2025-12-29
1295,Ishaan Malik,Male,38,Noida,Uttar Pradesh,New,2024-06-13
1296,Kabir Joshi,Male,29,Pune,Maharashtra,Returning,2024-04-03
1297,Kavya Gupta,Female,42,Chandigarh,Chandigarh,Premium,2025-02-28
1298,Aarav Patel,Male,43,Pune,Maharashtra,New,2024-03-24
1299,Ananya Gupta,Female,40,Delhi,Delhi,Premium,2025-10-27
1300,Ananya Verma,Female,22,Gurugram,Haryana,New,2025-04-28
1301,Aditya Verma,Male,48,Chandigarh,Chandigarh,Returning,2024-03-22
1302,Aarav Singh,Male,29,Ghaziabad,Uttar Pradesh,Returning,2025-09-15
1303,Meera Patel,Female,38,Noida,Uttar Pradesh,New,2024-05-04
1304,Aarav Gupta,Male,60,Lucknow,Uttar Pradesh,Returning,2025-04-13
1305,Aisha Khan,Female,58,Chandigarh,Chandigarh,Returning,2025-10-09
1306,Meera Kapoor,Female,29,Ghaziabad,Uttar Pradesh,New,2024-01-02
1307,Vihaan Mehta,Male,56,Ghaziabad,Uttar Pradesh,New,2025-11-11
1308,Sara Khan,Female,43,Pune,Maharashtra,New,2025-06-22
1309,Meera Malik,Female,55,Pune,Maharashtra,New,2025-04-26
1310,Aarav Patel,Male,36,Jaipur,Rajasthan,Returning,2024-12-31
1311,Neha Khan,Female,35,Jaipur,Rajasthan,Returning,2025-10-05
1312,Aisha Kapoor,Female,28,Jaipur,Rajasthan,New,2025-07-13
1313,Ananya Verma,Female,50,Chandigarh,Chandigarh,Returning,2024-05-18
1314,Aisha Joshi,Female,38,Delhi,Delhi,New,2024-07-23
1315,Kavya Sharma,Female,39,Jaipur,Rajasthan,Returning,2025-07-10
1316,Arjun Singh,Male,32,Delhi,Delhi,New,2024-02-18
1317,Ishaan Mehta,Male,27,Faridabad,Haryana,Returning,2025-03-23
1318,Kavya Patel,Female,44,Chandigarh,Chandigarh,New,2024-07-10
1319,Arjun Joshi,Male,53,Jaipur,Rajasthan,New,2024-03-25
1320,Aditya Patel,Male,47,Noida,Uttar Pradesh,Returning,2024-07-03
1321,Meera Singh,Female,26,Jaipur,Rajasthan,New,2025-11-07
1322,Kabir Singh,Male,58,Chandigarh,Chandigarh,Returning,2024-06-19
1323,Aditya Joshi,Male,48,Jaipur,Rajasthan,New,2024-12-27
1324,Vihaan Patel,Male,60,Faridabad,Haryana,Premium,2024-02-28
1325,Aisha Patel,Female,52,Jaipur,Rajasthan,Returning,2025-11-26
1326,Rohan Sharma,Male,58,Gurugram,Haryana,Returning,2025-03-24
1327,Aarav Verma,Male,35,Noida,Uttar Pradesh,Returning,2025-01-10
1328,Ananya Patel,Female,22,Bengaluru,Karnataka,Returning,2025-11-26
1329,Arjun Mehta,Male,48,Jaipur,Rajasthan,Returning,2025-08-10
1330,Rohan Malik,Male,45,Jaipur,Rajasthan,New,2024-10-12
1331,Priya Khan,Female,31,Delhi,Delhi,Returning,2025-01-31
1332,Kavya Malik,Female,36,Noida,Uttar Pradesh,Returning,2025-12-21
1333,Arjun Gupta,Male,38,Bengaluru,Karnataka,Returning,2025-05-17
1334,Priya Khan,Female,24,Gurugram,Haryana,Returning,2025-12-31
1335,Arjun Khan,Male,42,Jaipur,Rajasthan,Returning,2025-07-17
1336,Meera Singh,Female,30,Faridabad,Haryana,Returning,2025-12-18
1337,Sara Verma,Female,52,Jaipur,Rajasthan,New,2024-07-24
1338,Neha Verma,Female,51,Ghaziabad,Uttar Pradesh,New,2025-07-21
1339,Vihaan Mehta,Male,55,Chandigarh,Chandigarh,New,2024-03-29
1340,Aisha Singh,Female,50,Lucknow,Uttar Pradesh,Returning,2025-02-23
1341,Ishaan Kapoor,Male,28,Noida,Uttar Pradesh,Premium,2025-10-19
1342,Aisha Joshi,Female,53,Chandigarh,Chandigarh,New,2025-07-18
1343,Sara Kapoor,Female,28,Gurugram,Haryana,New,2024-02-26
1344,Ishaan Khan,Male,29,Pune,Maharashtra,New,2024-06-14
1345,Ananya Gupta,Female,53,Jaipur,Rajasthan,Premium,2024-03-21
1346,Kabir Gupta,Male,37,Pune,Maharashtra,New,2024-11-06
1347,Vihaan Malik,Male,52,Noida,Uttar Pradesh,Returning,2025-08-29
1348,Vihaan Verma,Male,59,Gurugram,Haryana,Returning,2025-09-11
1349,Ananya Kapoor,Female,21,Delhi,Delhi,New,2025-10-18
1350,Neha Kapoor,Female,33,Faridabad,Haryana,Returning,2025-03-02
1351,Vihaan Sharma,Male,60,Chandigarh,Chandigarh,Returning,2025-10-19
1352,Kabir Joshi,Male,45,Ghaziabad,Uttar Pradesh,New,2024-03-15
1353,Aditya Sharma,Male,48,Gurugram,Haryana,New,2025-04-20
1354,Priya Mehta,Female,29,Bengaluru,Karnataka,New,2024-11-22
1355,Aditya Mehta,Male,28,Lucknow,Uttar Pradesh,Returning,2025-06-11
1356,Meera Khan,Female,35,Jaipur,Rajasthan,Returning,2024-09-30
1357,Arjun Gupta,Male,26,Gurugram,Haryana,New,2025-01-28
1358,Ishaan Kapoor,Male,35,Lucknow,Uttar Pradesh,Premium,2024-06-12
1359,Ishaan Mehta,Male,40,Bengaluru,Karnataka,New,2024-06-12
1360,Arjun Malik,Male,51,Chandigarh,Chandigarh,Premium,2025-05-24
1361,Aarav Khan,Male,52,Lucknow,Uttar Pradesh,Returning,2024-09-03
1362,Priya Kapoor,Female,23,Jaipur,Rajasthan,New,2025-05-21
1363,Vihaan Joshi,Male,54,Faridabad,Haryana,New,2024-04-20
1364,Zoya Verma,Female,43,Faridabad,Haryana,Returning,2025-01-09
1365,Aarav Patel,Male,56,Delhi,Delhi,Returning,2025-01-06
1366,Meera Singh,Female,44,Noida,Uttar Pradesh,Returning,2025-07-17
1367,Kabir Kapoor,Male,27,Bengaluru,Karnataka,New,2024-04-09
1368,Zoya Mehta,Female,55,Jaipur,Rajasthan,Premium,2024-05-27
1369,Priya Kapoor,Female,45,Pune,Maharashtra,Returning,2024-02-16
1370,Aarav Verma,Male,50,Jaipur,Rajasthan,Returning,2024-06-01
1371,Vihaan Malik,Male,40,Gurugram,Haryana,Premium,2024-11-22
1372,Rohan Patel,Male,39,Bengaluru,Karnataka,Returning,2025-06-03
1373,Ishaan Malik,Male,51,Pune,Maharashtra,Returning,2024-11-02
1374,Arjun Sharma,Male,41,Jaipur,Rajasthan,Returning,2025-03-02
1375,Vihaan Singh,Male,58,Delhi,Delhi,Returning,2025-11-02
1376,Neha Kapoor,Female,34,Bengaluru,Karnataka,Returning,2025-08-20
1377,Arjun Verma,Male,60,Pune,Maharashtra,Returning,2025-01-24
1378,Rohan Gupta,Male,56,Delhi,Delhi,Premium,2024-04-22
1379,Priya Sharma,Female,40,Chandigarh,Chandigarh,New,2025-02-26
1380,Aditya Gupta,Male,52,Lucknow,Uttar Pradesh,Returning,2025-04-27
1381,Ishaan Sharma,Male,53,Gurugram,Haryana,New,2024-11-28
1382,Sara Joshi,Female,44,Pune,Maharashtra,New,2024-06-26
1383,Arjun Malik,Male,54,Jaipur,Rajasthan,New,2025-11-28
1384,Sara Singh,Female,50,Bengaluru,Karnataka,New,2024-09-09
1385,Kabir Malik,Male,34,Faridabad,Haryana,Premium,2024-10-31
1386,Neha Singh,Female,51,Ghaziabad,Uttar Pradesh,New,2024-12-23
1387,Meera Singh,Female,27,Faridabad,Haryana,Returning,2025-07-10
1388,Zoya Patel,Female,29,Jaipur,Rajasthan,New,2024-10-21
1389,Aditya Khan,Male,48,Jaipur,Rajasthan,Returning,2025-05-05
1390,Priya Gupta,Female,37,Pune,Maharashtra,Premium,2025-12-13
1391,Kabir Verma,Male,59,Noida,Uttar Pradesh,Returning,2024-09-02
1392,Priya Sharma,Female,34,Pune,Maharashtra,Returning,2024-02-23
1393,Aisha Patel,Female,50,Jaipur,Rajasthan,New,2024-05-20
1394,Aarav Malik,Male,46,Gurugram,Haryana,Returning,2025-05-02
1395,Arjun Gupta,Male,40,Faridabad,Haryana,New,2024-03-01
1396,Kavya Khan,Female,34,Bengaluru,Karnataka,Returning,2024-02-08
1397,Kavya Verma,Female,31,Lucknow,Uttar Pradesh,Premium,2024-02-07
1398,Ishaan Patel,Male,31,Chandigarh,Chandigarh,Premium,2024-10-23
1399,Kavya Sharma,Female,39,Delhi,Delhi,Returning,2024-04-19
1400,Kavya Mehta,Female,49,Faridabad,Haryana,Premium,2025-07-10
1401,Meera Joshi,Female,52,Gurugram,Haryana,Returning,2024-07-16
1402,Neha Khan,Female,30,Jaipur,Rajasthan,Returning,2025-10-25
1403,Kabir Verma,Male,41,Delhi,Delhi,Returning,2025-08-04
1404,Sara Gupta,Female,59,Gurugram,Haryana,Premium,2025-02-19
1405,Ishaan Patel,Male,40,Pune,Maharashtra,New,2025-11-16
1406,Aisha Verma,Female,50,Gurugram,Haryana,New,2024-09-11
1407,Aarav Singh,Male,35,Lucknow,Uttar Pradesh,New,2024-09-30
1408,Ananya Singh,Female,56,Bengaluru,Karnataka,New,2025-10-31
1409,Ananya Gupta,Female,27,Delhi,Delhi,Returning,2024-06-12
1410,Zoya Malik,Female,27,Faridabad,Haryana,Returning,2024-10-29
1411,Ananya Kapoor,Female,34,Ghaziabad,Uttar Pradesh,Premium,2025-05-04
1412,Rohan Joshi,Male,43,Bengaluru,Karnataka,New,2025-07-16
1413,Kavya Joshi,Female,33,Pune,Maharashtra,Returning,2025-11-27
1414,Neha Kapoor,Female,53,Noida,Uttar Pradesh,New,2025-12-21
1415,Ananya Khan,Female,27,Bengaluru,Karnataka,New,2025-07-14
1416,Kavya Malik,Female,56,Ghaziabad,Uttar Pradesh,Returning,2024-06-17
1417,Ananya Malik,Female,27,Chandigarh,Chandigarh,Returning,2025-08-20
1418,Arjun Khan,Male,48,Pune,Maharashtra,Returning,2025-04-09
1419,Rohan Malik,Male,49,Lucknow,Uttar Pradesh,Returning,2025-07-26
1420,Arjun Singh,Male,45,Delhi,Delhi,New,2024-01-04
1421,Aditya Gupta,Male,24,Bengaluru,Karnataka,New,2024-12-18
1422,Aditya Khan,Male,23,Pune,Maharashtra,Premium,2024-03-11
1423,Kavya Joshi,Female,38,Delhi,Delhi,New,2024-05-18
1424,Neha Patel,Female,44,Jaipur,Rajasthan,New,2025-01-21
1425,Zoya Khan,Female,28,Pune,Maharashtra,Returning,2024-12-22
1426,Aisha Verma,Female,45,Pune,Maharashtra,Returning,2024-08-16
1427,Ishaan Sharma,Male,39,Delhi,Delhi,Returning,2025-07-11
1428,Zoya Malik,Female,34,Lucknow,Uttar Pradesh,New,2024-12-20
1429,Rohan Singh,Male,27,Ghaziabad,Uttar Pradesh,New,2025-11-07
1430,Zoya Kapoor,Female,35,Delhi,Delhi,New,2024-04-13
1431,Vihaan Sharma,Male,58,Chandigarh,Chandigarh,Returning,2024-02-19
1432,Priya Sharma,Female,48,Lucknow,Uttar Pradesh,New,2024-08-10
1433,Neha Sharma,Female,52,Gurugram,Haryana,Premium,2024-08-27
1434,Ishaan Kapoor,Male,56,Jaipur,Rajasthan,Returning,2025-11-19
1435,Ishaan Mehta,Male,39,Ghaziabad,Uttar Pradesh,Premium,2025-11-07
1436,Meera Gupta,Female,39,Lucknow,Uttar Pradesh,New,2025-07-24
1437,Vihaan Verma,Male,55,Lucknow,Uttar Pradesh,Returning,2024-12-18
1438,Sara Patel,Female,40,Pune,Maharashtra,Returning,2025-02-22
1439,Rohan Singh,Male,31,Lucknow,Uttar Pradesh,Returning,2025-04-29
1440,Priya Gupta,Female,29,Faridabad,Haryana,Returning,2024-02-29
1441,Meera Patel,Female,55,Lucknow,Uttar Pradesh,Returning,2025-02-01
1442,Priya Singh,Female,41,Ghaziabad,Uttar Pradesh,Returning,2025-04-05
1443,Ishaan Mehta,Male,54,Noida,Uttar Pradesh,Returning,2024-07-14
1444,Aarav Singh,Male,58,Lucknow,Uttar Pradesh,Returning,2024-03-15
1445,Priya Kapoor,Female,33,Pune,Maharashtra,Returning,2024-12-06
1446,Kabir Sharma,Male,32,Ghaziabad,Uttar Pradesh,Premium,2024-04-30
1447,Aditya Joshi,Male,58,Ghaziabad,Uttar Pradesh,Returning,2025-02-10
1448,Kavya Gupta,Female,40,Pune,Maharashtra,Returning,2025-01-24
1449,Arjun Malik,Male,39,Jaipur,Rajasthan,New,2025-06-09
1450,Kavya Joshi,Female,26,Chandigarh,Chandigarh,Returning,2025-04-25
1451,Neha Mehta,Female,43,Ghaziabad,Uttar Pradesh,New,2024-02-16
1452,Vihaan Gupta,Male,21,Gurugram,Haryana,New,2025-08-21
1453,Vihaan Patel,Male,29,Faridabad,Haryana,New,2024-08-23
1454,Zoya Kapoor,Female,51,Ghaziabad,Uttar Pradesh,Returning,2025-12-02
1455,Ananya Singh,Female,51,Chandigarh,Chandigarh,Returning,2024-12-26
1456,Rohan Verma,Male,51,Pune,Maharashtra,New,2025-07-09
1457,Sara Sharma,Female,22,Pune,Maharashtra,Returning,2024-03-17
1458,Ishaan Sharma,Male,46,Delhi,Delhi,New,2025-10-07
1459,Priya Khan,Female,20,Gurugram,Haryana,New,2025-04-11
1460,Ananya Sharma,Female,60,Bengaluru,Karnataka,Returning,2025-09-23
1461,Kavya Joshi,Female,21,Chandigarh,Chandigarh,New,2025-07-18
1462,Zoya Sharma,Female,53,Delhi,Delhi,Returning,2025-07-02
1463,Kabir Sharma,Male,47,Pune,Maharashtra,Returning,2024-07-02
1464,Aisha Khan,Female,29,Pune,Maharashtra,New,2025-09-26
1465,Meera Singh,Female,37,Jaipur,Rajasthan,Returning,2024-03-21
1466,Ananya Patel,Female,56,Chandigarh,Chandigarh,New,2025-12-14
1467,Priya Singh,Female,22,Noida,Uttar Pradesh,New,2025-01-23
1468,Zoya Malik,Female,23,Chandigarh,Chandigarh,Returning,2025-12-20
1469,Rohan Khan,Male,47,Chandigarh,Chandigarh,Returning,2024-12-05
1470,Vihaan Khan,Male,22,Pune,Maharashtra,New,2025-12-09
1471,Kavya Kapoor,Female,37,Chandigarh,Chandigarh,New,2024-03-17
1472,Sara Singh,Female,56,Pune,Maharashtra,Returning,2024-07-02
1473,Kavya Mehta,Female,33,Delhi,Delhi,Returning,2025-12-30
1474,Ishaan Patel,Male,39,Noida,Uttar Pradesh,New,2024-09-03
1475,Vihaan Patel,Male,41,Pune,Maharashtra,New,2024-05-23
1476,Neha Khan,Female,42,Pune,Maharashtra,New,2025-03-23
1477,Priya Khan,Female,58,Jaipur,Rajasthan,Returning,2025-09-01
1478,Zoya Mehta,Female,60,Delhi,Delhi,New,2025-04-06
1479,Arjun Gupta,Male,55,Jaipur,Rajasthan,Premium,2025-03-18
1480,Rohan Kapoor,Male,25,Lucknow,Uttar Pradesh,Returning,2024-10-29
1481,Neha Gupta,Female,25,Noida,Uttar Pradesh,New,2025-01-24
1482,Aditya Verma,Male,40,Lucknow,Uttar Pradesh,New,2024-04-03
1483,Aarav Singh,Male,43,Chandigarh,Chandigarh,Returning,2024-04-14
1484,Rohan Khan,Male,47,Gurugram,Haryana,New,2025-07-22
1485,Meera Patel,Female,21,Noida,Uttar Pradesh,New,2025-07-21
1486,Aisha Kapoor,Female,40,Bengaluru,Karnataka,Premium,2024-01-13
1487,Kabir Patel,Male,25,Lucknow,Uttar Pradesh,Returning,2025-07-26
1488,Kavya Gupta,Female,53,Bengaluru,Karnataka,New,2025-01-24
1489,Rohan Verma,Male,39,Faridabad,Haryana,New,2024-05-29
1490,Aisha Verma,Female,37,Lucknow,Uttar Pradesh,New,2025-05-10
1491,Neha Khan,Female,36,Jaipur,Rajasthan,Premium,2025-10-02
1492,Arjun Kapoor,Male,32,Bengaluru,Karnataka,Returning,2024-05-18
1493,Kabir Sharma,Male,41,Lucknow,Uttar Pradesh,Returning,2025-01-24
1494,Neha Mehta,Female,41,Chandigarh,Chandigarh,New,2025-10-28
1495,Vihaan Verma,Male,40,Faridabad,Haryana,Returning,2025-12-12
1496,Priya Joshi,Female,31,Jaipur,Rajasthan,Premium,2024-11-22
1497,Kabir Joshi,Male,35,Bengaluru,Karnataka,New,2024-10-14
1498,Ishaan Patel,Male,27,Jaipur,Rajasthan,Premium,2024-07-23
1499,Vihaan Malik,Male,55,Gurugram,Haryana,New,2025-04-17
1500,Aditya Gupta,Male,38,Chandigarh,Chandigarh,Returning,2024-03-11
1501,Ishaan Patel,Male,28,Chandigarh,Chandigarh,Returning,2024-09-04
1502,Kabir Verma,Male,44,Lucknow,Uttar Pradesh,New,2025-09-04
1503,Arjun Kapoor,Male,54,Lucknow,Uttar Pradesh,Returning,2025-12-09
1504,Zoya Malik,Female,43,Delhi,Delhi,Returning,2025-07-03
1505,Vihaan Khan,Male,35,Noida,Uttar Pradesh,Returning,2024-12-29
1506,Rohan Kapoor,Male,56,Delhi,Delhi,Premium,2025-11-24
1507,Sara Patel,Female,47,Jaipur,Rajasthan,New,2024-04-10
1508,Kabir Gupta,Male,53,Pune,Maharashtra,Returning,2025-12-05
1509,Vihaan Gupta,Male,43,Chandigarh,Chandigarh,New,2025-11-26
1510,Vihaan Malik,Male,42,Gurugram,Haryana,Premium,2025-05-09
1511,Aisha Singh,Female,25,Lucknow,Uttar Pradesh,New,2024-05-25
1512,Ananya Singh,Female,49,Jaipur,Rajasthan,Returning,2025-06-17
1513,Arjun Mehta,Male,26,Chandigarh,Chandigarh,New,2025-12-14
1514,Arjun Mehta,Male,39,Noida,Uttar Pradesh,New,2025-12-28
1515,Aisha Sharma,Female,26,Jaipur,Rajasthan,Returning,2024-06-17
1516,Kavya Gupta,Female,31,Pune,Maharashtra,Returning,2024-12-04
1517,Meera Patel,Female,34,Chandigarh,Chandigarh,Returning,2025-10-06
1518,Rohan Verma,Male,45,Lucknow,Uttar Pradesh,New,2025-09-20
1519,Kavya Gupta,Female,57,Chandigarh,Chandigarh,New,2024-01-05
1520,Aditya Gupta,Male,37,Ghaziabad,Uttar Pradesh,Returning,2024-03-05
1521,Vihaan Khan,Male,31,Pune,Maharashtra,New,2024-07-20
1522,Arjun Khan,Male,51,Faridabad,Haryana,Returning,2025-10-16
1523,Ananya Kapoor,Female,59,Lucknow,Uttar Pradesh,New,2024-04-26
1524,Ananya Mehta,Female,59,Chandigarh,Chandigarh,New,2025-11-20
1525,Aditya Singh,Male,57,Bengaluru,Karnataka,New,2024-05-17
1526,Ananya Khan,Female,39,Ghaziabad,Uttar Pradesh,New,2025-01-17
1527,Aditya Verma,Male,44,Pune,Maharashtra,New,2024-05-21
1528,Vihaan Patel,Male,31,Lucknow,Uttar Pradesh,Returning,2025-07-04
1529,Aditya Verma,Male,30,Pune,Maharashtra,Returning,2024-05-23
1530,Rohan Mehta,Male,59,Chandigarh,Chandigarh,New,2025-01-02
1531,Aarav Joshi,Male,32,Gurugram,Haryana,Returning,2025-07-29
1532,Meera Joshi,Female,51,Lucknow,Uttar Pradesh,New,2025-03-30
1533,Arjun Verma,Male,56,Noida,Uttar Pradesh,New,2024-08-13
1534,Kabir Sharma,Male,34,Faridabad,Haryana,Returning,2024-06-21
1535,Neha Joshi,Female,51,Bengaluru,Karnataka,Returning,2024-04-25
1536,Vihaan Khan,Male,54,Faridabad,Haryana,Returning,2025-01-10
1537,Meera Sharma,Female,54,Chandigarh,Chandigarh,New,2025-03-11
1538,Aisha Gupta,Female,22,Faridabad,Haryana,New,2024-12-22
1539,Ishaan Khan,Male,27,Chandigarh,Chandigarh,Returning,2024-08-30
1540,Priya Kapoor,Female,59,Jaipur,Rajasthan,Returning,2024-06-18
1541,Vihaan Verma,Male,33,Ghaziabad,Uttar Pradesh,Returning,2025-08-06
1542,Ananya Malik,Female,58,Faridabad,Haryana,Returning,2024-11-27
1543,Aditya Singh,Male,56,Faridabad,Haryana,New,2025-06-10
1544,Kavya Khan,Female,46,Gurugram,Haryana,Premium,2024-10-10
1545,Ishaan Verma,Male,35,Gurugram,Haryana,New,2024-11-25
1546,Ishaan Gupta,Male,51,Lucknow,Uttar Pradesh,New,2025-10-09
1547,Kabir Patel,Male,48,Lucknow,Uttar Pradesh,New,2024-04-05
1548,Zoya Malik,Female,43,Faridabad,Haryana,Returning,2025-05-14
1549,Ananya Kapoor,Female,25,Delhi,Delhi,Returning,2025-04-14
1550,Sara Mehta,Female,54,Noida,Uttar Pradesh,New,2025-03-15
1551,Ishaan Gupta,Male,37,Chandigarh,Chandigarh,New,2024-10-17
1552,Ananya Malik,Female,28,Bengaluru,Karnataka,Returning,2025-05-11
1553,Neha Mehta,Female,22,Delhi,Delhi,New,2025-04-15
1554,Aarav Khan,Male,48,Gurugram,Haryana,Returning,2025-03-14
1555,Priya Verma,Female,30,Faridabad,Haryana,Premium,2024-10-07
1556,Aisha Mehta,Female,25,Faridabad,Haryana,New,2025-10-26
1557,Rohan Sharma,Male,60,Lucknow,Uttar Pradesh,New,2025-12-17
1558,Neha Gupta,Female,25,Lucknow,Uttar Pradesh,Returning,2024-01-02
1559,Priya Joshi,Female,28,Noida,Uttar Pradesh,Returning,2025-06-15
1560,Sara Joshi,Female,20,Delhi,Delhi,Returning,2024-05-03
1561,Ishaan Patel,Male,50,Gurugram,Haryana,New,2025-01-27
1562,Aisha Khan,Female,40,Noida,Uttar Pradesh,New,2024-11-02
1563,Rohan Patel,Male,29,Gurugram,Haryana,New,2025-07-30
1564,Aarav Kapoor,Male,48,Gurugram,Haryana,New,2024-08-06
1565,Sara Verma,Female,59,Lucknow,Uttar Pradesh,Returning,2024-08-10
1566,Aisha Khan,Female,27,Gurugram,Haryana,Returning,2025-01-28
1567,Ananya Patel,Female,28,Jaipur,Rajasthan,New,2025-10-22
1568,Aisha Gupta,Female,58,Pune,Maharashtra,Returning,2025-09-14
1569,Kabir Sharma,Male,33,Faridabad,Haryana,Returning,2025-06-05
1570,Priya Patel,Female,23,Faridabad,Haryana,Returning,2024-09-02
1571,Arjun Patel,Male,35,Noida,Uttar Pradesh,Returning,2025-08-31
1572,Aisha Malik,Female,43,Delhi,Delhi,Premium,2024-05-15
1573,Zoya Kapoor,Female,43,Lucknow,Uttar Pradesh,Returning,2024-06-25
1574,Neha Joshi,Female,21,Noida,Uttar Pradesh,Returning,2024-01-15
1575,Kabir Gupta,Male,23,Delhi,Delhi,Premium,2025-02-11
1576,Meera Singh,Female,46,Pune,Maharashtra,New,2025-02-15
1577,Aisha Malik,Female,59,Pune,Maharashtra,New,2024-03-26
1578,Kabir Khan,Male,33,Pune,Maharashtra,Premium,2024-06-08
1579,Meera Mehta,Female,57,Lucknow,Uttar Pradesh,Returning,2025-10-27
1580,Sara Khan,Female,47,Faridabad,Haryana,Returning,2024-09-01
1581,Aarav Gupta,Male,47,Noida,Uttar Pradesh,New,2025-09-18
1582,Vihaan Sharma,Male,31,Faridabad,Haryana,New,2025-12-25
1583,Rohan Sharma,Male,51,Gurugram,Haryana,Premium,2025-06-19
1584,Meera Singh,Female,43,Gurugram,Haryana,New,2024-10-02
1585,Aditya Khan,Male,41,Delhi,Delhi,Returning,2024-10-05
1586,Meera Khan,Female,56,Faridabad,Haryana,Returning,2025-05-23
1587,Arjun Malik,Male,23,Jaipur,Rajasthan,Returning,2025-08-03
1588,Rohan Mehta,Male,36,Gurugram,Haryana,Returning,2025-08-10
1589,Sara Khan,Female,52,Ghaziabad,Uttar Pradesh,New,2024-01-13
1590,Priya Sharma,Female,43,Chandigarh,Chandigarh,New,2024-06-02
1591,Rohan Sharma,Male,46,Pune,Maharashtra,New,2024-09-11
1592,Zoya Mehta,Female,24,Faridabad,Haryana,Returning,2024-05-02
1593,Meera Sharma,Female,34,Gurugram,Haryana,Returning,2024-02-17
1594,Zoya Khan,Female,38,Chandigarh,Chandigarh,Returning,2024-11-14
1595,Ananya Khan,Female,49,Pune,Maharashtra,New,2024-07-24
1596,Kabir Kapoor,Male,59,Faridabad,Haryana,New,2025-01-12
1597,Vihaan Joshi,Male,54,Ghaziabad,Uttar Pradesh,Returning,2024-09-08
1598,Rohan Sharma,Male,21,Lucknow,Uttar Pradesh,New,2024-12-20
1599,Sara Sharma,Female,20,Jaipur,Rajasthan,Returning,2025-01-20
1600,Ishaan Singh,Male,33,Noida,Uttar Pradesh,Returning,2024-08-31
1601,Zoya Joshi,Female,29,Delhi,Delhi,Returning,2024-04-05
1602,Aarav Gupta,Male,46,Pune,Maharashtra,Returning,2025-01-16
1603,Arjun Khan,Male,26,Bengaluru,Karnataka,Returning,2025-10-14
1604,Ishaan Patel,Male,57,Noida,Uttar Pradesh,Returning,2025-03-21
1605,Sara Verma,Female,38,Ghaziabad,Uttar Pradesh,New,2024-11-18
1606,Kavya Patel,Female,40,Jaipur,Rajasthan,Returning,2024-08-27
1607,Aisha Gupta,Female,57,Gurugram,Haryana,New,2024-04-18
1608,Rohan Joshi,Male,40,Chandigarh,Chandigarh,New,2025-07-02
1609,Ananya Gupta,Female,39,Chandigarh,Chandigarh,Returning,2024-05-02
1610,Aisha Verma,Female,58,Faridabad,Haryana,New,2024-12-01
1611,Rohan Khan,Male,42,Ghaziabad,Uttar Pradesh,New,2024-02-20
1612,Sara Singh,Female,31,Faridabad,Haryana,New,2025-02-18
1613,Ishaan Joshi,Male,55,Pune,Maharashtra,New,2025-04-18
1614,Aisha Verma,Female,20,Noida,Uttar Pradesh,New,2024-08-15
1615,Rohan Gupta,Male,43,Lucknow,Uttar Pradesh,Returning,2025-10-22
1616,Aisha Kapoor,Female,36,Bengaluru,Karnataka,Premium,2024-03-17
1617,Aarav Khan,Male,48,Ghaziabad,Uttar Pradesh,Returning,2024-04-04
1618,Kavya Mehta,Female,22,Noida,Uttar Pradesh,Premium,2024-02-21
1619,Rohan Kapoor,Male,45,Lucknow,Uttar Pradesh,Returning,2025-01-26
1620,Sara Patel,Female,42,Gurugram,Haryana,New,2024-07-10
1621,Kabir Singh,Male,29,Chandigarh,Chandigarh,New,2025-09-26
1622,Vihaan Gupta,Male,51,Faridabad,Haryana,New,2025-07-17
1623,Arjun Sharma,Male,37,Noida,Uttar Pradesh,New,2025-03-05
1624,Priya Malik,Female,60,Ghaziabad,Uttar Pradesh,Premium,2025-07-10
1625,Neha Sharma,Female,42,Lucknow,Uttar Pradesh,Returning,2025-05-11
1626,Ananya Kapoor,Female,40,Pune,Maharashtra,New,2024-07-03
1627,Aarav Mehta,Male,34,Bengaluru,Karnataka,New,2024-10-14
1628,Aarav Joshi,Male,42,Pune,Maharashtra,Returning,2024-08-26
1629,Rohan Khan,Male,35,Ghaziabad,Uttar Pradesh,New,2024-02-27
1630,Neha Gupta,Female,44,Bengaluru,Karnataka,New,2024-06-26
1631,Rohan Gupta,Male,40,Bengaluru,Karnataka,Returning,2025-12-15
1632,Ananya Kapoor,Female,42,Delhi,Delhi,Premium,2025-07-31
1633,Rohan Kapoor,Male,51,Ghaziabad,Uttar Pradesh,Returning,2024-06-28
1634,Arjun Sharma,Male,23,Noida,Uttar Pradesh,New,2024-08-12
1635,Aarav Malik,Male,20,Chandigarh,Chandigarh,New,2025-09-20
1636,Priya Verma,Female,31,Jaipur,Rajasthan,Premium,2024-11-27
1637,Aarav Sharma,Male,57,Gurugram,Haryana,Returning,2024-05-25
1638,Neha Khan,Female,43,Pune,Maharashtra,Premium,2025-01-17
1639,Aditya Patel,Male,26,Bengaluru,Karnataka,New,2024-11-26
1640,Rohan Verma,Male,60,Lucknow,Uttar Pradesh,Premium,2025-10-26
1641,Ananya Verma,Female,59,Pune,Maharashtra,Returning,2024-08-16
1642,Sara Kapoor,Female,44,Gurugram,Haryana,New,2025-12-06
1643,Kabir Verma,Male,20,Gurugram,Haryana,Premium,2025-08-09
1644,Zoya Kapoor,Female,31,Delhi,Delhi,Returning,2025-09-18
1645,Priya Kapoor,Female,51,Noida,Uttar Pradesh,New,2024-03-20
1646,Priya Mehta,Female,30,Jaipur,Rajasthan,Returning,2024-03-31
1647,Ishaan Mehta,Male,20,Chandigarh,Chandigarh,New,2024-09-12
1648,Aditya Khan,Male,36,Jaipur,Rajasthan,Returning,2024-01-02
1649,Aarav Patel,Male,46,Chandigarh,Chandigarh,Premium,2025-02-27
1650,Arjun Patel,Male,54,Jaipur,Rajasthan,New,2025-05-05
1651,Neha Kapoor,Female,30,Ghaziabad,Uttar Pradesh,Returning,2024-02-04
1652,Kabir Sharma,Male,36,Jaipur,Rajasthan,Premium,2024-03-16
1653,Ananya Verma,Female,30,Lucknow,Uttar Pradesh,Returning,2025-07-14
1654,Kavya Khan,Female,58,Jaipur,Rajasthan,Premium,2025-05-09
1655,Aditya Sharma,Male,30,Lucknow,Uttar Pradesh,Returning,2025-03-20
1656,Rohan Sharma,Male,41,Noida,Uttar Pradesh,New,2024-07-13
1657,Zoya Malik,Female,36,Pune,Maharashtra,Returning,2024-10-31
1658,Priya Khan,Female,45,Delhi,Delhi,Returning,2025-05-17
1659,Rohan Sharma,Male,20,Jaipur,Rajasthan,New,2024-10-28
1660,Ishaan Kapoor,Male,32,Chandigarh,Chandigarh,New,2024-07-30
1661,Rohan Singh,Male,50,Noida,Uttar Pradesh,Returning,2024-11-11
1662,Neha Patel,Female,51,Chandigarh,Chandigarh,Premium,2024-09-28
1663,Aisha Malik,Female,31,Lucknow,Uttar Pradesh,New,2025-01-25
1664,Ananya Verma,Female,22,Chandigarh,Chandigarh,New,2025-04-21
1665,Kabir Gupta,Male,56,Faridabad,Haryana,New,2025-12-14
1666,Sara Khan,Female,42,Noida,Uttar Pradesh,Returning,2025-02-27
1667,Neha Kapoor,Female,55,Ghaziabad,Uttar Pradesh,New,2025-01-31
1668,Ishaan Malik,Male,54,Lucknow,Uttar Pradesh,Returning,2025-05-01
1669,Vihaan Gupta,Male,39,Chandigarh,Chandigarh,New,2024-02-05
1670,Meera Kapoor,Female,56,Pune,Maharashtra,Returning,2025-09-27
1671,Rohan Khan,Male,31,Chandigarh,Chandigarh,Premium,2024-06-20
1672,Priya Gupta,Female,22,Gurugram,Haryana,New,2025-11-30
1673,Zoya Gupta,Female,58,Gurugram,Haryana,New,2024-03-09
1674,Aisha Patel,Female,45,Pune,Maharashtra,Returning,2024-10-09
1675,Meera Joshi,Female,59,Delhi,Delhi,Returning,2025-03-05
1676,Aisha Patel,Female,29,Gurugram,Haryana,Returning,2025-08-19
1677,Neha Khan,Female,56,Noida,Uttar Pradesh,Returning,2024-10-19
1678,Ishaan Malik,Male,46,Jaipur,Rajasthan,New,2025-11-01
1679,Arjun Kapoor,Male,50,Bengaluru,Karnataka,New,2024-10-09
1680,Zoya Verma,Female,58,Bengaluru,Karnataka,Returning,2025-02-15
1681,Aarav Patel,Male,35,Jaipur,Rajasthan,New,2025-05-01
1682,Kavya Singh,Female,21,Jaipur,Rajasthan,New,2024-11-06
1683,Kabir Singh,Male,26,Chandigarh,Chandigarh,Premium,2024-08-21
1684,Rohan Singh,Male,40,Chandigarh,Chandigarh,New,2025-03-02
1685,Vihaan Khan,Male,48,Ghaziabad,Uttar Pradesh,New,2025-02-20
1686,Aditya Joshi,Male,43,Pune,Maharashtra,Returning,2025-06-11
1687,Neha Verma,Female,39,Noida,Uttar Pradesh,Returning,2025-02-17
1688,Rohan Malik,Male,21,Bengaluru,Karnataka,New,2024-07-24
1689,Ishaan Sharma,Male,22,Ghaziabad,Uttar Pradesh,Returning,2025-01-04
1690,Aditya Gupta,Male,43,Faridabad,Haryana,Returning,2025-06-01
1691,Zoya Khan,Female,35,Delhi,Delhi,New,2025-08-31
1692,Arjun Verma,Male,57,Chandigarh,Chandigarh,Returning,2024-12-18
1693,Rohan Singh,Male,38,Noida,Uttar Pradesh,New,2024-02-20
1694,Rohan Kapoor,Male,34,Ghaziabad,Uttar Pradesh,Returning,2025-11-24
1695,Priya Singh,Female,52,Lucknow,Uttar Pradesh,New,2025-11-29
1696,Aarav Joshi,Male,31,Gurugram,Haryana,Returning,2024-01-09
1697,Priya Singh,Female,39,Bengaluru,Karnataka,Returning,2025-12-27
1698,Sara Singh,Female,44,Lucknow,Uttar Pradesh,Premium,2025-04-15
1699,Kabir Gupta,Male,39,Chandigarh,Chandigarh,Returning,2025-09-30
1700,Zoya Kapoor,Female,20,Noida,Uttar Pradesh,Returning,2025-11-09
1701,Ishaan Mehta,Male,58,Pune,Maharashtra,Returning,2024-11-01
1702,Sara Khan,Female,24,Chandigarh,Chandigarh,New,2024-10-10
1703,Sara Mehta,Female,36,Faridabad,Haryana,Returning,2025-10-29
1704,Kabir Gupta,Male,53,Gurugram,Haryana,Returning,2024-02-28
1705,Neha Kapoor,Female,40,Lucknow,Uttar Pradesh,Returning,2024-01-27
1706,Sara Joshi,Female,36,Faridabad,Haryana,Premium,2025-02-18
1707,Zoya Sharma,Female,56,Bengaluru,Karnataka,Returning,2024-12-17
1708,Aditya Gupta,Male,60,Pune,Maharashtra,Returning,2025-11-18
1709,Ananya Malik,Female,30,Faridabad,Haryana,Returning,2025-07-25
1710,Rohan Singh,Male,50,Noida,Uttar Pradesh,New,2024-09-21
1711,Aditya Malik,Male,41,Gurugram,Haryana,Returning,2024-08-15
1712,Ananya Gupta,Female,46,Faridabad,Haryana,Returning,2024-12-05
1713,Ananya Singh,Female,38,Bengaluru,Karnataka,Returning,2024-04-30
1714,Arjun Sharma,Male,57,Bengaluru,Karnataka,Premium,2024-03-13
1715,Arjun Gupta,Male,27,Pune,Maharashtra,Premium,2025-01-25
1716,Meera Singh,Female,23,Lucknow,Uttar Pradesh,Premium,2024-06-03
1717,Rohan Gupta,Male,46,Jaipur,Rajasthan,Premium,2025-04-13
1718,Rohan Mehta,Male,25,Gurugram,Haryana,Returning,2025-10-08
1719,Rohan Mehta,Male,20,Delhi,Delhi,Returning,2024-08-02
1720,Neha Verma,Female,30,Bengaluru,Karnataka,Returning,2024-03-31
1721,Rohan Kapoor,Male,60,Lucknow,Uttar Pradesh,New,2025-03-15
1722,Arjun Patel,Male,22,Delhi,Delhi,Returning,2025-01-17
1723,Aarav Mehta,Male,32,Pune,Maharashtra,New,2024-01-05
1724,Sara Gupta,Female,42,Ghaziabad,Uttar Pradesh,New,2024-04-15
1725,Zoya Malik,Female,39,Bengaluru,Karnataka,New,2024-02-16
1726,Kabir Singh,Male,53,Chandigarh,Chandigarh,Returning,2024-12-11
1727,Zoya Verma,Female,51,Jaipur,Rajasthan,New,2024-07-11
1728,Rohan Patel,Male,34,Delhi,Delhi,New,2024-05-14
1729,Priya Sharma,Female,52,Bengaluru,Karnataka,New,2025-01-10
1730,Aditya Sharma,Male,60,Lucknow,Uttar Pradesh,New,2025-07-01
1731,Vihaan Sharma,Male,23,Bengaluru,Karnataka,Returning,2025-10-31
1732,Ishaan Sharma,Male,27,Delhi,Delhi,New,2025-01-24
1733,Aisha Malik,Female,50,Faridabad,Haryana,Returning,2024-07-29
1734,Aditya Sharma,Male,46,Faridabad,Haryana,Returning,2025-11-09
1735,Meera Singh,Female,58,Bengaluru,Karnataka,Returning,2025-03-04
1736,Ishaan Khan,Male,59,Pune,Maharashtra,New,2024-04-26
1737,Neha Khan,Female,32,Chandigarh,Chandigarh,Returning,2024-09-26
1738,Ishaan Malik,Male,42,Ghaziabad,Uttar Pradesh,Returning,2024-10-29
1739,Rohan Sharma,Male,51,Pune,Maharashtra,Premium,2025-12-05
1740,Kavya Joshi,Female,35,Jaipur,Rajasthan,New,2025-11-18
1741,Aisha Khan,Female,51,Bengaluru,Karnataka,New,2024-04-02
1742,Neha Malik,Female,26,Noida,Uttar Pradesh,Premium,2025-10-21
1743,Priya Joshi,Female,36,Faridabad,Haryana,Returning,2024-04-12
1744,Ishaan Verma,Male,38,Delhi,Delhi,New,2025-11-24
1745,Ananya Patel,Female,26,Noida,Uttar Pradesh,Premium,2024-02-16
1746,Aarav Verma,Male,41,Gurugram,Haryana,New,2025-03-24
1747,Vihaan Singh,Male,43,Noida,Uttar Pradesh,Returning,2024-07-06
1748,Aisha Patel,Female,49,Lucknow,Uttar Pradesh,New,2025-01-29
1749,Aditya Joshi,Male,30,Lucknow,Uttar Pradesh,New,2025-12-13
1750,Aditya Sharma,Male,26,Gurugram,Haryana,New,2025-08-27
1751,Arjun Kapoor,Male,31,Chandigarh,Chandigarh,Returning,2025-01-02
1752,Vihaan Sharma,Male,50,Gurugram,Haryana,Premium,2024-04-25
1753,Kavya Patel,Female,22,Chandigarh,Chandigarh,New,2025-11-01
1754,Ananya Sharma,Female,56,Pune,Maharashtra,Returning,2024-08-17
1755,Sara Mehta,Female,53,Pune,Maharashtra,Returning,2025-09-25
1756,Aisha Patel,Female,50,Ghaziabad,Uttar Pradesh,New,2025-11-23
1757,Sara Patel,Female,55,Gurugram,Haryana,Premium,2025-09-19
1758,Aarav Sharma,Male,52,Gurugram,Haryana,Returning,2025-05-22
1759,Ishaan Verma,Male,51,Noida,Uttar Pradesh,New,2024-12-04
1760,Kabir Sharma,Male,34,Pune,Maharashtra,Returning,2025-01-22
1761,Zoya Gupta,Female,49,Noida,Uttar Pradesh,New,2025-08-09
1762,Arjun Khan,Male,48,Chandigarh,Chandigarh,New,2025-05-24
1763,Aditya Sharma,Male,45,Noida,Uttar Pradesh,New,2025-07-24
1764,Meera Sharma,Female,58,Noida,Uttar Pradesh,Premium,2025-10-14
1765,Kabir Malik,Male,33,Pune,Maharashtra,Returning,2025-04-12
1766,Ananya Mehta,Female,34,Delhi,Delhi,Returning,2024-12-05
1767,Meera Kapoor,Female,50,Bengaluru,Karnataka,Returning,2025-01-07
1768,Aditya Joshi,Male,26,Noida,Uttar Pradesh,Returning,2024-08-15
1769,Aarav Mehta,Male,60,Jaipur,Rajasthan,Premium,2024-10-25
1770,Meera Malik,Female,26,Jaipur,Rajasthan,New,2024-06-17
1771,Arjun Verma,Male,26,Lucknow,Uttar Pradesh,New,2024-07-19
1772,Priya Khan,Female,33,Lucknow,Uttar Pradesh,Returning,2024-07-14
1773,Aditya Mehta,Male,46,Noida,Uttar Pradesh,New,2025-10-10
1774,Ishaan Kapoor,Male,48,Noida,Uttar Pradesh,Returning,2025-08-26
1775,Meera Verma,Female,20,Chandigarh,Chandigarh,Returning,2024-02-19
1776,Meera Patel,Female,50,Bengaluru,Karnataka,Premium,2024-06-30
1777,Aditya Kapoor,Male,28,Gurugram,Haryana,New,2025-11-04
1778,Vihaan Kapoor,Male,52,Jaipur,Rajasthan,Premium,2025-03-04
1779,Vihaan Gupta,Male,45,Faridabad,Haryana,Premium,2024-10-28
1780,Arjun Verma,Male,46,Gurugram,Haryana,Returning,2025-06-08
1781,Kabir Malik,Male,55,Jaipur,Rajasthan,Returning,2024-07-24
1782,Priya Kapoor,Female,42,Faridabad,Haryana,Premium,2024-05-15
1783,Aditya Verma,Male,54,Pune,Maharashtra,Returning,2024-11-26
1784,Aditya Khan,Male,55,Jaipur,Rajasthan,Returning,2025-08-07
1785,Sara Patel,Female,38,Pune,Maharashtra,Premium,2025-03-08
1786,Neha Sharma,Female,26,Pune,Maharashtra,New,2024-05-28
1787,Aarav Sharma,Male,37,Ghaziabad,Uttar Pradesh,Returning,2024-06-13
1788,Kabir Singh,Male,23,Gurugram,Haryana,Returning,2024-10-29
1789,Priya Malik,Female,42,Delhi,Delhi,Returning,2024-04-14
1790,Vihaan Malik,Male,55,Ghaziabad,Uttar Pradesh,New,2025-06-07
1791,Neha Singh,Female,44,Delhi,Delhi,New,2025-12-02
1792,Ananya Malik,Female,20,Delhi,Delhi,Returning,2024-07-26
1793,Vihaan Joshi,Male,60,Ghaziabad,Uttar Pradesh,Returning,2025-10-25
1794,Ananya Kapoor,Female,58,Pune,Maharashtra,New,2024-07-17
1795,Kabir Joshi,Male,24,Gurugram,Haryana,New,2024-06-26
1796,Aditya Malik,Male,44,Noida,Uttar Pradesh,New,2024-10-12
1797,Meera Singh,Female,30,Gurugram,Haryana,Returning,2024-09-18
1798,Aarav Mehta,Male,29,Chandigarh,Chandigarh,New,2024-11-26
1799,Vihaan Sharma,Male,39,Bengaluru,Karnataka,Returning,2025-08-09
1800,Meera Mehta,Female,40,Noida,Uttar Pradesh,Returning,2024-07-07
1801,Meera Khan,Female,30,Pune,Maharashtra,New,2025-07-03
1802,Zoya Khan,Female,34,Jaipur,Rajasthan,Premium,2025-11-10
1803,Ananya Mehta,Female,38,Jaipur,Rajasthan,New,2025-09-25
1804,Meera Joshi,Female,20,Pune,Maharashtra,New,2024-12-20
1805,Arjun Gupta,Male,59,Bengaluru,Karnataka,New,2024-02-10
1806,Sara Mehta,Female,27,Lucknow,Uttar Pradesh,New,2025-07-07
1807,Aditya Singh,Male,53,Delhi,Delhi,Returning,2025-01-18
1808,Meera Malik,Female,51,Chandigarh,Chandigarh,New,2025-10-29
1809,Priya Mehta,Female,25,Pune,Maharashtra,Premium,2024-06-20
1810,Neha Malik,Female,20,Pune,Maharashtra,Returning,2024-08-03
1811,Sara Gupta,Female,26,Lucknow,Uttar Pradesh,New,2025-12-20
1812,Kavya Patel,Female,29,Noida,Uttar Pradesh,New,2024-12-05
1813,Aarav Khan,Male,23,Noida,Uttar Pradesh,New,2024-09-14
1814,Meera Khan,Female,34,Bengaluru,Karnataka,Premium,2025-02-21
1815,Zoya Joshi,Female,47,Lucknow,Uttar Pradesh,New,2025-02-02
1816,Sara Khan,Female,20,Pune,Maharashtra,Returning,2025-09-25
1817,Aisha Kapoor,Female,24,Delhi,Delhi,New,2025-05-29
1818,Aisha Singh,Female,58,Faridabad,Haryana,New,2025-03-24
1819,Zoya Patel,Female,50,Delhi,Delhi,New,2024-08-13
1820,Rohan Patel,Male,38,Pune,Maharashtra,Premium,2024-05-27
1821,Kabir Mehta,Male,55,Delhi,Delhi,Premium,2024-05-24
1822,Aisha Sharma,Female,56,Delhi,Delhi,Returning,2025-07-04
1823,Meera Khan,Female,33,Faridabad,Haryana,Returning,2024-12-18
1824,Priya Patel,Female,29,Pune,Maharashtra,New,2024-08-14
1825,Vihaan Singh,Male,27,Ghaziabad,Uttar Pradesh,New,2025-08-03
1826,Ishaan Sharma,Male,49,Pune,Maharashtra,Returning,2024-03-15
1827,Kabir Khan,Male,26,Faridabad,Haryana,New,2025-08-17
1828,Arjun Mehta,Male,28,Jaipur,Rajasthan,Returning,2024-08-28
1829,Aisha Singh,Female,24,Bengaluru,Karnataka,Premium,2024-11-21
1830,Arjun Joshi,Male,59,Jaipur,Rajasthan,Returning,2025-12-11
1831,Vihaan Verma,Male,56,Bengaluru,Karnataka,New,2024-11-19
1832,Zoya Verma,Female,40,Delhi,Delhi,New,2024-08-14
1833,Aditya Patel,Male,43,Faridabad,Haryana,New,2024-12-05
1834,Kavya Joshi,Female,48,Chandigarh,Chandigarh,New,2024-11-08
1835,Arjun Malik,Male,31,Noida,Uttar Pradesh,Returning,2024-03-24
1836,Ishaan Singh,Male,54,Gurugram,Haryana,New,2025-10-03
1837,Aisha Khan,Female,52,Delhi,Delhi,Returning,2025-08-18
1838,Vihaan Patel,Male,33,Bengaluru,Karnataka,Premium,2025-07-18
1839,Kabir Malik,Male,50,Pune,Maharashtra,Returning,2024-06-01
1840,Ananya Patel,Female,57,Ghaziabad,Uttar Pradesh,Returning,2024-10-24
1841,Rohan Joshi,Male,52,Pune,Maharashtra,New,2025-01-07
1842,Meera Sharma,Female,59,Ghaziabad,Uttar Pradesh,Returning,2025-06-10
1843,Rohan Joshi,Male,31,Gurugram,Haryana,Returning,2025-08-02
1844,Sara Verma,Female,42,Chandigarh,Chandigarh,New,2025-05-14
1845,Priya Khan,Female,43,Faridabad,Haryana,New,2025-11-15
1846,Priya Malik,Female,44,Jaipur,Rajasthan,Returning,2025-04-10
1847,Kavya Sharma,Female,40,Delhi,Delhi,New,2025-06-17
1848,Sara Singh,Female,57,Faridabad,Haryana,Returning,2024-06-27
1849,Zoya Patel,Female,57,Jaipur,Rajasthan,Returning,2024-03-20
1850,Meera Singh,Female,34,Lucknow,Uttar Pradesh,Returning,2024-12-27
1851,Ishaan Mehta,Male,50,Chandigarh,Chandigarh,Premium,2024-01-07
1852,Meera Verma,Female,30,Chandigarh,Chandigarh,New,2025-06-10
1853,Sara Singh,Female,29,Ghaziabad,Uttar Pradesh,New,2025-01-05
1854,Vihaan Khan,Male,46,Ghaziabad,Uttar Pradesh,Returning,2024-04-26
1855,Arjun Joshi,Male,33,Chandigarh,Chandigarh,Returning,2025-10-24
1856,Ishaan Patel,Male,35,Delhi,Delhi,New,2025-08-10
1857,Vihaan Verma,Male,60,Gurugram,Haryana,Returning,2025-08-09
1858,Rohan Sharma,Male,36,Gurugram,Haryana,Premium,2025-06-13
1859,Zoya Kapoor,Female,60,Bengaluru,Karnataka,New,2025-11-08
1860,Ishaan Singh,Male,33,Noida,Uttar Pradesh,New,2025-04-27
1861,Ishaan Joshi,Male,34,Gurugram,Haryana,Returning,2025-09-07
1862,Rohan Kapoor,Male,59,Gurugram,Haryana,Returning,2024-09-27
1863,Rohan Mehta,Male,58,Chandigarh,Chandigarh,Returning,2024-08-23
1864,Zoya Patel,Female,26,Gurugram,Haryana,New,2025-06-19
1865,Ishaan Malik,Male,29,Lucknow,Uttar Pradesh,Returning,2024-06-30
1866,Arjun Kapoor,Male,22,Bengaluru,Karnataka,Premium,2025-06-28
1867,Meera Khan,Female,50,Noida,Uttar Pradesh,Returning,2025-09-09
1868,Meera Sharma,Female,53,Lucknow,Uttar Pradesh,New,2024-02-14
1869,Aditya Malik,Male,34,Lucknow,Uttar Pradesh,Premium,2025-05-08
1870,Neha Patel,Female,57,Jaipur,Rajasthan,Returning,2025-12-14
1871,Vihaan Khan,Male,28,Lucknow,Uttar Pradesh,New,2024-08-26
1872,Kavya Khan,Female,58,Faridabad,Haryana,Premium,2025-02-22
1873,Kabir Gupta,Male,20,Delhi,Delhi,Returning,2024-04-30
1874,Meera Sharma,Female,33,Lucknow,Uttar Pradesh,Returning,2024-11-19
1875,Zoya Mehta,Female,29,Noida,Uttar Pradesh,New,2025-08-22
1876,Kabir Singh,Male,47,Pune,Maharashtra,Returning,2025-09-18
1877,Kabir Patel,Male,46,Ghaziabad,Uttar Pradesh,Returning,2025-07-24
1878,Arjun Verma,Male,55,Jaipur,Rajasthan,Returning,2024-09-16
1879,Kabir Kapoor,Male,45,Jaipur,Rajasthan,Returning,2025-11-06
1880,Aisha Gupta,Female,30,Chandigarh,Chandigarh,New,2025-06-04
1881,Zoya Mehta,Female,59,Pune,Maharashtra,Returning,2025-12-24
1882,Aarav Verma,Male,60,Lucknow,Uttar Pradesh,New,2024-04-03
1883,Ishaan Verma,Male,58,Chandigarh,Chandigarh,New,2024-03-06
1884,Kabir Gupta,Male,25,Jaipur,Rajasthan,Returning,2025-01-28
1885,Kavya Patel,Female,53,Bengaluru,Karnataka,New,2025-09-03
1886,Aarav Verma,Male,48,Chandigarh,Chandigarh,New,2025-11-03
1887,Kavya Malik,Female,32,Faridabad,Haryana,New,2025-09-05
1888,Meera Malik,Female,59,Ghaziabad,Uttar Pradesh,New,2024-02-06
1889,Ananya Gupta,Female,30,Delhi,Delhi,New,2024-10-09
1890,Neha Patel,Female,45,Jaipur,Rajasthan,New,2024-07-24
1891,Meera Sharma,Female,25,Noida,Uttar Pradesh,Returning,2025-07-26
1892,Kavya Kapoor,Female,42,Jaipur,Rajasthan,Premium,2024-10-10
1893,Priya Kapoor,Female,49,Ghaziabad,Uttar Pradesh,Premium,2025-08-11
1894,Aarav Singh,Male,46,Gurugram,Haryana,Returning,2025-07-26
1895,Aisha Malik,Female,41,Faridabad,Haryana,Premium,2025-06-09
1896,Kabir Malik,Male,36,Bengaluru,Karnataka,Returning,2025-01-21
1897,Vihaan Joshi,Male,41,Ghaziabad,Uttar Pradesh,Premium,2025-04-14
1898,Sara Joshi,Female,21,Bengaluru,Karnataka,Returning,2024-09-21
1899,Aisha Patel,Female,34,Ghaziabad,Uttar Pradesh,Returning,2025-02-26
1900,Ananya Malik,Female,20,Pune,Maharashtra,Returning,2024-09-26
1901,Priya Singh,Female,45,Noida,Uttar Pradesh,Returning,2024-12-16
1902,Aisha Malik,Female,50,Gurugram,Haryana,New,2024-08-11
1903,Kavya Kapoor,Female,31,Faridabad,Haryana,Premium,2025-11-30
1904,Kavya Gupta,Female,32,Chandigarh,Chandigarh,New,2024-09-04
1905,Ishaan Singh,Male,34,Ghaziabad,Uttar Pradesh,New,2024-09-12
1906,Ishaan Kapoor,Male,29,Jaipur,Rajasthan,Returning,2024-05-02
1907,Kavya Khan,Female,59,Chandigarh,Chandigarh,New,2025-07-08
1908,Aarav Joshi,Male,59,Jaipur,Rajasthan,New,2025-08-11
1909,Ishaan Singh,Male,31,Chandigarh,Chandigarh,Premium,2025-06-07
1910,Kabir Patel,Male,56,Ghaziabad,Uttar Pradesh,New,2025-06-22
1911,Neha Patel,Female,54,Chandigarh,Chandigarh,New,2024-12-21
1912,Zoya Verma,Female,27,Chandigarh,Chandigarh,Returning,2025-04-16
1913,Ananya Sharma,Female,33,Delhi,Delhi,New,2024-04-13
1914,Ananya Mehta,Female,36,Bengaluru,Karnataka,New,2024-09-26
1915,Priya Singh,Female,59,Chandigarh,Chandigarh,New,2024-07-07
1916,Arjun Patel,Male,46,Ghaziabad,Uttar Pradesh,Returning,2025-01-16
1917,Ananya Patel,Female,48,Faridabad,Haryana,New,2024-05-14
1918,Vihaan Gupta,Male,37,Noida,Uttar Pradesh,Returning,2025-07-22
1919,Zoya Patel,Female,29,Ghaziabad,Uttar Pradesh,Returning,2024-06-02
1920,Arjun Sharma,Male,46,Gurugram,Haryana,Returning,2025-10-07
1921,Meera Malik,Female,51,Jaipur,Rajasthan,New,2025-07-29
1922,Ishaan Kapoor,Male,45,Delhi,Delhi,New,2024-06-16
1923,Aarav Gupta,Male,50,Faridabad,Haryana,Returning,2024-04-08
1924,Arjun Mehta,Male,43,Faridabad,Haryana,New,2025-07-24
1925,Kavya Singh,Female,21,Jaipur,Rajasthan,New,2024-12-25
1926,Ishaan Kapoor,Male,56,Ghaziabad,Uttar Pradesh,Returning,2025-10-26
1927,Meera Verma,Female,42,Faridabad,Haryana,New,2025-06-06
1928,Arjun Joshi,Male,44,Noida,Uttar Pradesh,Returning,2025-04-19
1929,Sara Verma,Female,60,Gurugram,Haryana,Returning,2024-12-11
1930,Zoya Kapoor,Female,45,Bengaluru,Karnataka,Returning,2024-03-14
1931,Aisha Verma,Female,34,Jaipur,Rajasthan,New,2025-10-30
1932,Kabir Singh,Male,45,Bengaluru,Karnataka,New,2025-03-31
1933,Neha Mehta,Female,53,Bengaluru,Karnataka,Premium,2025-02-27
1934,Rohan Verma,Male,28,Delhi,Delhi,Returning,2025-11-08
1935,Kabir Khan,Male,30,Ghaziabad,Uttar Pradesh,New,2024-04-07
1936,Aisha Joshi,Female,23,Pune,Maharashtra,New,2025-02-10
1937,Meera Khan,Female,36,Noida,Uttar Pradesh,Returning,2024-03-27
1938,Sara Patel,Female,34,Faridabad,Haryana,New,2024-10-17
1939,Arjun Verma,Male,53,Gurugram,Haryana,Returning,2024-01-30
1940,Aarav Mehta,Male,50,Jaipur,Rajasthan,Returning,2025-07-07
1941,Kavya Singh,Female,48,Pune,Maharashtra,New,2025-12-15
1942,Meera Verma,Female,58,Bengaluru,Karnataka,Returning,2025-10-13
1943,Kavya Kapoor,Female,53,Lucknow,Uttar Pradesh,Returning,2025-06-30
1944,Kabir Mehta,Male,54,Chandigarh,Chandigarh,New,2024-04-01
1945,Arjun Singh,Male,46,Jaipur,Rajasthan,New,2024-11-06
1946,Aarav Sharma,Male,28,Pune,Maharashtra,New,2025-04-25
1947,Meera Sharma,Female,50,Chandigarh,Chandigarh,New,2025-03-16
1948,Neha Singh,Female,34,Bengaluru,Karnataka,Returning,2025-07-15
1949,Ananya Gupta,Female,55,Lucknow,Uttar Pradesh,New,2024-09-12
1950,Rohan Patel,Male,34,Lucknow,Uttar Pradesh,New,2025-03-08
1951,Sara Gupta,Female,59,Pune,Maharashtra,Returning,2025-12-02
1952,Kabir Singh,Male,37,Pune,Maharashtra,New,2024-03-11
1953,Rohan Verma,Male,27,Faridabad,Haryana,Returning,2025-09-24
1954,Arjun Singh,Male,51,Bengaluru,Karnataka,New,2024-01-20
1955,Rohan Sharma,Male,21,Pune,Maharashtra,New,2024-04-14
1956,Kabir Singh,Male,48,Gurugram,Haryana,Returning,2024-08-26
1957,Aisha Verma,Female,51,Delhi,Delhi,New,2025-03-06
1958,Kabir Joshi,Male,49,Jaipur,Rajasthan,Returning,2024-02-02
1959,Ananya Khan,Female,23,Gurugram,Haryana,New,2025-02-05
1960,Aisha Malik,Female,31,Chandigarh,Chandigarh,New,2024-09-13
1961,Ishaan Patel,Male,27,Delhi,Delhi,Premium,2024-09-11
1962,Zoya Joshi,Female,22,Ghaziabad,Uttar Pradesh,New,2024-04-06
1963,Meera Gupta,Female,44,Chandigarh,Chandigarh,Returning,2024-11-15
1964,Kavya Mehta,Female,60,Gurugram,Haryana,Returning,2025-07-16
1965,Meera Khan,Female,50,Faridabad,Haryana,Returning,2024-07-22
1966,Ananya Sharma,Female,27,Ghaziabad,Uttar Pradesh,New,2025-03-20
1967,Ananya Sharma,Female,37,Gurugram,Haryana,Returning,2025-02-09
1968,Neha Gupta,Female,22,Delhi,Delhi,Returning,2025-12-08
1969,Arjun Kapoor,Male,43,Gurugram,Haryana,Returning,2024-09-11
1970,Rohan Joshi,Male,59,Noida,Uttar Pradesh,New,2025-10-02
1971,Aarav Sharma,Male,29,Jaipur,Rajasthan,Returning,2024-04-19
1972,Rohan Joshi,Male,40,Ghaziabad,Uttar Pradesh,Premium,2025-10-22
1973,Neha Mehta,Female,32,Chandigarh,Chandigarh,New,2025-01-21
1974,Ananya Verma,Female,22,Faridabad,Haryana,Returning,2025-03-24
1975,Meera Singh,Female,51,Pune,Maharashtra,New,2024-07-10
1976,Meera Mehta,Female,49,Jaipur,Rajasthan,New,2025-09-05
1977,Kavya Malik,Female,24,Gurugram,Haryana,Returning,2025-04-05
1978,Kabir Singh,Male,43,Pune,Maharashtra,Returning,2025-10-15
1979,Meera Patel,Female,21,Gurugram,Haryana,Returning,2025-01-07
1980,Neha Kapoor,Female,40,Ghaziabad,Uttar Pradesh,Returning,2025-11-05
1981,Meera Patel,Female,53,Ghaziabad,Uttar Pradesh,Returning,2025-07-18
1982,Rohan Kapoor,Male,40,Faridabad,Haryana,New,2024-11-25
1983,Aisha Khan,Female,24,Pune,Maharashtra,New,2024-05-12
1984,Rohan Sharma,Male,26,Ghaziabad,Uttar Pradesh,Returning,2024-04-11
1985,Aarav Kapoor,Male,51,Lucknow,Uttar Pradesh,Returning,2025-12-19
1986,Vihaan Singh,Male,43,Delhi,Delhi,New,2024-03-13
1987,Aarav Gupta,Male,25,Chandigarh,Chandigarh,Returning,2025-10-16
1988,Aarav Mehta,Male,46,Pune,Maharashtra,Returning,2025-12-26
1989,Aarav Kapoor,Male,53,Faridabad,Haryana,New,2024-03-13
1990,Ishaan Singh,Male,33,Noida,Uttar Pradesh,Premium,2024-04-09
1991,Aisha Gupta,Female,44,Pune,Maharashtra,New,2025-06-22
1992,Sara Gupta,Female,60,Bengaluru,Karnataka,Premium,2025-07-25
1993,Aditya Malik,Male,26,Lucknow,Uttar Pradesh,Returning,2025-08-13
1994,Ananya Joshi,Female,26,Lucknow,Uttar Pradesh,New,2024-07-03
1995,Meera Patel,Female,41,Pune,Maharashtra,Returning,2025-06-30
1996,Vihaan Joshi,Male,40,Jaipur,Rajasthan,Returning,2024-11-28
1997,Ishaan Mehta,Male,60,Lucknow,Uttar Pradesh,New,2024-11-27
1998,Vihaan Gupta,Male,54,Bengaluru,Karnataka,New,2025-07-17
1999,Kavya Singh,Female,48,Jaipur,Rajasthan,New,2025-02-10
2000,Aarav Sharma,Male,58,Faridabad,Haryana,New,2024-05-18
2001,Kavya Singh,Female,39,Delhi,Delhi,Premium,2024-08-07
2002,Ishaan Mehta,Male,37,Delhi,Delhi,Premium,2025-06-07
2003,Meera Kapoor,Female,29,Bengaluru,Karnataka,New,2025-04-16
2004,Ananya Verma,Female,36,Gurugram,Haryana,New,2025-08-19
2005,Priya Gupta,Female,39,Faridabad,Haryana,New,2025-02-13
2006,Vihaan Gupta,Male,40,Noida,Uttar Pradesh,Returning,2024-06-26
2007,Arjun Kapoor,Male,58,Noida,Uttar Pradesh,Returning,2024-02-08
2008,Aditya Kapoor,Male,25,Lucknow,Uttar Pradesh,Returning,2024-12-08
2009,Ananya Patel,Female,27,Lucknow,Uttar Pradesh,Premium,2024-08-20
2010,Aditya Kapoor,Male,60,Delhi,Delhi,Returning,2025-01-26
2011,Aarav Singh,Male,22,Pune,Maharashtra,New,2025-08-01
2012,Rohan Mehta,Male,34,Pune,Maharashtra,New,2025-11-20
2013,Aditya Patel,Male,58,Chandigarh,Chandigarh,Returning,2024-04-02
2014,Priya Patel,Female,45,Faridabad,Haryana,New,2024-12-10
2015,Aisha Joshi,Female,23,Bengaluru,Karnataka,Returning,2024-09-25
2016,Aisha Patel,Female,47,Pune,Maharashtra,Returning,2024-05-13
2017,Neha Verma,Female,55,Chandigarh,Chandigarh,New,2025-02-08
2018,Sara Kapoor,Female,55,Ghaziabad,Uttar Pradesh,Returning,2025-06-20
2019,Priya Gupta,Female,37,Noida,Uttar Pradesh,Returning,2024-11-27
2020,Sara Kapoor,Female,27,Noida,Uttar Pradesh,Returning,2025-03-09
2021,Ananya Mehta,Female,40,Ghaziabad,Uttar Pradesh,New,2025-11-02
2022,Aarav Singh,Male,42,Gurugram,Haryana,Returning,2025-03-28
2023,Vihaan Verma,Male,22,Chandigarh,Chandigarh,Premium,2024-08-27
2024,Priya Mehta,Female,25,Gurugram,Haryana,New,2024-02-25
2025,Priya Kapoor,Female,38,Gurugram,Haryana,New,2025-12-11
2026,Neha Khan,Female,48,Faridabad,Haryana,Returning,2024-12-05
2027,Priya Malik,Female,33,Ghaziabad,Uttar Pradesh,Returning,2024-09-21
2028,Meera Joshi,Female,29,Bengaluru,Karnataka,Returning,2025-11-15
2029,Aarav Patel,Male,53,Bengaluru,Karnataka,New,2024-06-23
2030,Aarav Singh,Male,59,Ghaziabad,Uttar Pradesh,New,2025-04-21
2031,Sara Sharma,Female,44,Noida,Uttar Pradesh,Returning,2025-11-09
2032,Ishaan Mehta,Male,21,Noida,Uttar Pradesh,New,2025-10-26
2033,Zoya Gupta,Female,52,Lucknow,Uttar Pradesh,Premium,2024-04-11
2034,Kavya Mehta,Female,58,Chandigarh,Chandigarh,Returning,2024-07-09
2035,Priya Malik,Female,55,Chandigarh,Chandigarh,Premium,2024-01-23
2036,Aarav Gupta,Male,39,Pune,Maharashtra,New,2025-02-06
2037,Aditya Verma,Male,42,Delhi,Delhi,Returning,2024-12-29
2038,Sara Singh,Female,52,Ghaziabad,Uttar Pradesh,New,2024-03-04
2039,Sara Singh,Female,21,Lucknow,Uttar Pradesh,Premium,2024-10-13
2040,Priya Verma,Female,45,Jaipur,Rajasthan,Returning,2024-03-30
2041,Aditya Patel,Male,59,Pune,Maharashtra,Premium,2025-12-03
2042,Priya Patel,Female,56,Ghaziabad,Uttar Pradesh,New,2024-11-15
2043,Kavya Kapoor,Female,48,Jaipur,Rajasthan,Returning,2024-07-30
2044,Sara Verma,Female,54,Bengaluru,Karnataka,Returning,2024-07-26
2045,Ishaan Verma,Male,53,Faridabad,Haryana,Premium,2025-03-16
2046,Kavya Verma,Female,30,Bengaluru,Karnataka,New,2025-07-24
2047,Meera Khan,Female,40,Gurugram,Haryana,Returning,2024-05-29
2048,Aditya Sharma,Male,46,Jaipur,Rajasthan,Premium,2024-11-06
2049,Arjun Singh,Male,32,Gurugram,Haryana,New,2024-07-08
2050,Aarav Kapoor,Male,37,Bengaluru,Karnataka,Returning,2025-09-19
2051,Priya Kapoor,Female,34,Ghaziabad,Uttar Pradesh,Returning,2025-01-02
2052,Aisha Joshi,Female,52,Gurugram,Haryana,Returning,2025-04-25
2053,Aditya Mehta,Male,44,Gurugram,Haryana,Returning,2024-05-20
2054,Rohan Gupta,Male,22,Ghaziabad,Uttar Pradesh,New,2024-01-16
2055,Kavya Singh,Female,34,Lucknow,Uttar Pradesh,Returning,2024-07-26
2056,Neha Gupta,Female,31,Noida,Uttar Pradesh,Premium,2025-03-25
2057,Ishaan Kapoor,Male,40,Chandigarh,Chandigarh,Premium,2024-09-09
2058,Zoya Patel,Female,58,Delhi,Delhi,Returning,2025-01-24
2059,Aditya Mehta,Male,59,Lucknow,Uttar Pradesh,Premium,2025-08-08
2060,Vihaan Malik,Male,22,Pune,Maharashtra,Returning,2025-04-07
2061,Arjun Sharma,Male,53,Ghaziabad,Uttar Pradesh,Returning,2024-02-10
2062,Meera Patel,Female,60,Pune,Maharashtra,Premium,2024-07-13
2063,Kabir Joshi,Male,39,Lucknow,Uttar Pradesh,Returning,2024-10-19
2064,Arjun Verma,Male,38,Lucknow,Uttar Pradesh,Returning,2024-02-25
2065,Aditya Malik,Male,49,Gurugram,Haryana,Returning,2025-04-07
2066,Aisha Malik,Female,31,Noida,Uttar Pradesh,Returning,2025-12-13
2067,Meera Verma,Female,46,Lucknow,Uttar Pradesh,New,2024-01-26
2068,Rohan Joshi,Male,32,Bengaluru,Karnataka,Premium,2024-04-02
2069,Kabir Mehta,Male,27,Gurugram,Haryana,New,2025-12-24
2070,Arjun Mehta,Male,53,Noida,Uttar Pradesh,Returning,2025-06-07
2071,Vihaan Verma,Male,55,Lucknow,Uttar Pradesh,New,2024-06-23
2072,Kavya Mehta,Female,29,Bengaluru,Karnataka,New,2024-05-28
2073,Rohan Sharma,Male,39,Lucknow,Uttar Pradesh,New,2025-04-01
2074,Kabir Verma,Male,28,Noida,Uttar Pradesh,Premium,2024-01-04
2075,Vihaan Singh,Male,49,Delhi,Delhi,Returning,2025-05-25
2076,Meera Sharma,Female,51,Bengaluru,Karnataka,New,2025-08-25
2077,Sara Joshi,Female,46,Chandigarh,Chandigarh,New,2025-09-07
2078,Vihaan Sharma,Male,55,Ghaziabad,Uttar Pradesh,New,2025-10-05
2079,Meera Gupta,Female,31,Delhi,Delhi,New,2025-10-30
2080,Ananya Sharma,Female,22,Gurugram,Haryana,Returning,2025-09-09
2081,Kabir Mehta,Male,23,Noida,Uttar Pradesh,New,2024-07-01
2082,Rohan Singh,Male,58,Bengaluru,Karnataka,Returning,2025-07-29
2083,Rohan Joshi,Male,43,Bengaluru,Karnataka,Premium,2024-04-05
2084,Neha Singh,Female,43,Jaipur,Rajasthan,Premium,2024-03-10
2085,Neha Patel,Female,24,Pune,Maharashtra,New,2024-05-17
2086,Aisha Singh,Female,53,Jaipur,Rajasthan,New,2024-08-02
2087,Aditya Gupta,Male,23,Bengaluru,Karnataka,New,2025-10-06
2088,Meera Khan,Female,58,Chandigarh,Chandigarh,Premium,2025-12-24
2089,Kabir Patel,Male,40,Bengaluru,Karnataka,New,2025-08-11
2090,Vihaan Mehta,Male,59,Gurugram,Haryana,Returning,2025-06-16
2091,Aditya Joshi,Male,31,Chandigarh,Chandigarh,Premium,2024-08-26
2092,Aditya Singh,Male,20,Ghaziabad,Uttar Pradesh,New,2025-04-21
2093,Sara Khan,Female,59,Ghaziabad,Uttar Pradesh,Premium,2025-02-27
2094,Aarav Mehta,Male,55,Jaipur,Rajasthan,Returning,2024-08-05
2095,Aarav Gupta,Male,36,Faridabad,Haryana,Returning,2024-11-11
2096,Kabir Malik,Male,40,Pune,Maharashtra,Returning,2024-04-26
2097,Sara Mehta,Female,45,Jaipur,Rajasthan,Returning,2025-09-22
2098,Aarav Verma,Male,41,Ghaziabad,Uttar Pradesh,Returning,2025-11-19
2099,Arjun Joshi,Male,28,Delhi,Delhi,Returning,2025-10-04
2100,Arjun Malik,Male,49,Jaipur,Rajasthan,Returning,2025-02-27
2101,Kavya Sharma,Female,39,Pune,Maharashtra,Returning,2025-11-25
2102,Ananya Malik,Female,21,Pune,Maharashtra,New,2025-12-02
2103,Ananya Mehta,Female,29,Noida,Uttar Pradesh,New,2024-02-01
2104,Ananya Patel,Female,30,Pune,Maharashtra,Returning,2025-02-02
2105,Rohan Kapoor,Male,39,Noida,Uttar Pradesh,Returning,2024-11-18
2106,Aditya Sharma,Male,46,Faridabad,Haryana,New,2024-08-31
2107,Ananya Joshi,Female,33,Faridabad,Haryana,Returning,2024-06-28
2108,Aisha Mehta,Female,32,Delhi,Delhi,Premium,2025-03-30
2109,Meera Sharma,Female,52,Chandigarh,Chandigarh,New,2024-12-14
2110,Kavya Joshi,Female,39,Pune,Maharashtra,Returning,2024-05-26
2111,Neha Khan,Female,28,Pune,Maharashtra,New,2024-02-07
2112,Arjun Patel,Male,27,Pune,Maharashtra,New,2024-02-15
2113,Sara Kapoor,Female,41,Noida,Uttar Pradesh,Returning,2024-02-17
2114,Aisha Malik,Female,21,Faridabad,Haryana,Returning,2024-11-15
2115,Sara Gupta,Female,32,Jaipur,Rajasthan,New,2024-10-10
2116,Meera Mehta,Female,27,Chandigarh,Chandigarh,New,2024-06-10
2117,Kabir Khan,Male,59,Delhi,Delhi,Returning,2024-04-14
2118,Priya Malik,Female,55,Jaipur,Rajasthan,New,2024-05-24
2119,Aditya Singh,Male,35,Bengaluru,Karnataka,New,2024-11-14
2120,Vihaan Mehta,Male,48,Pune,Maharashtra,New,2024-01-30
2121,Arjun Sharma,Male,44,Noida,Uttar Pradesh,New,2025-03-12
2122,Zoya Verma,Female,57,Bengaluru,Karnataka,Returning,2025-12-07
2123,Aditya Joshi,Male,42,Bengaluru,Karnataka,New,2024-07-21
2124,Aditya Malik,Male,49,Noida,Uttar Pradesh,Returning,2024-04-05
2125,Ishaan Joshi,Male,49,Noida,Uttar Pradesh,New,2025-10-21
2126,Aditya Joshi,Male,34,Chandigarh,Chandigarh,Premium,2024-05-27
2127,Ishaan Kapoor,Male,43,Faridabad,Haryana,New,2025-12-17
2128,Kavya Mehta,Female,49,Jaipur,Rajasthan,Returning,2024-03-07
2129,Arjun Khan,Male,50,Jaipur,Rajasthan,Returning,2024-06-23
2130,Kabir Mehta,Male,56,Bengaluru,Karnataka,New,2024-04-15
2131,Zoya Khan,Female,55,Jaipur,Rajasthan,Returning,2024-11-05
2132,Meera Joshi,Female,57,Lucknow,Uttar Pradesh,New,2025-09-27
2133,Priya Malik,Female,50,Gurugram,Haryana,New,2024-12-14
2134,Priya Kapoor,Female,47,Lucknow,Uttar Pradesh,Returning,2024-12-16
2135,Meera Gupta,Female,24,Gurugram,Haryana,Returning,2025-12-29
2136,Vihaan Joshi,Male,57,Noida,Uttar Pradesh,Returning,2024-11-29
2137,Meera Khan,Female,31,Chandigarh,Chandigarh,New,2025-02-19
2138,Aisha Kapoor,Female,58,Noida,Uttar Pradesh,Returning,2025-01-23
2139,Ananya Joshi,Female,25,Delhi,Delhi,New,2024-05-22
2140,Kavya Kapoor,Female,29,Delhi,Delhi,Returning,2025-04-08
2141,Meera Singh,Female,59,Lucknow,Uttar Pradesh,Returning,2024-07-19
2142,Priya Mehta,Female,56,Faridabad,Haryana,Returning,2025-11-26
2143,Kabir Patel,Male,25,Jaipur,Rajasthan,Returning,2025-09-18
2144,Meera Patel,Female,38,Gurugram,Haryana,New,2025-07-16
2145,Aarav Sharma,Male,42,Pune,Maharashtra,New,2024-10-15
2146,Ishaan Sharma,Male,47,Ghaziabad,Uttar Pradesh,Returning,2025-02-07
2147,Sara Mehta,Female,45,Lucknow,Uttar Pradesh,New,2025-07-12
2148,Priya Verma,Female,28,Chandigarh,Chandigarh,New,2025-01-28
2149,Ishaan Mehta,Male,29,Lucknow,Uttar Pradesh,New,2025-11-17
2150,Rohan Verma,Male,24,Delhi,Delhi,Returning,2024-05-27
2151,Aditya Joshi,Male,28,Lucknow,Uttar Pradesh,New,2025-10-19
2152,Neha Patel,Female,58,Chandigarh,Chandigarh,Premium,2025-09-30
2153,Rohan Joshi,Male,47,Pune,Maharashtra,Returning,2025-04-05
2154,Zoya Mehta,Female,31,Ghaziabad,Uttar Pradesh,New,2024-01-08
2155,Vihaan Joshi,Male,52,Ghaziabad,Uttar Pradesh,New,2025-07-13
2156,Vihaan Mehta,Male,22,Delhi,Delhi,Returning,2025-12-22
2157,Ananya Khan,Female,50,Bengaluru,Karnataka,Premium,2024-03-22
2158,Rohan Malik,Male,49,Faridabad,Haryana,Returning,2025-06-19
2159,Kavya Kapoor,Female,35,Noida,Uttar Pradesh,Returning,2025-11-10
2160,Sara Khan,Female,57,Pune,Maharashtra,New,2024-02-24
2161,Kavya Mehta,Female,20,Pune,Maharashtra,Returning,2025-06-08
2162,Kavya Joshi,Female,41,Bengaluru,Karnataka,New,2024-10-28
2163,Kabir Verma,Male,58,Delhi,Delhi,Returning,2025-07-31
2164,Kabir Sharma,Male,57,Chandigarh,Chandigarh,New,2024-02-22
2165,Sara Singh,Female,21,Bengaluru,Karnataka,New,2024-03-25
2166,Rohan Malik,Male,37,Noida,Uttar Pradesh,New,2025-09-22
2167,Kabir Singh,Male,20,Faridabad,Haryana,Returning,2025-09-10
2168,Rohan Kapoor,Male,48,Gurugram,Haryana,New,2024-06-28
2169,Kabir Gupta,Male,31,Chandigarh,Chandigarh,Returning,2024-02-03
2170,Ananya Khan,Female,58,Gurugram,Haryana,Premium,2024-06-06
2171,Ishaan Joshi,Male,44,Lucknow,Uttar Pradesh,New,2025-03-26
2172,Aditya Verma,Male,56,Ghaziabad,Uttar Pradesh,Returning,2024-12-19
2173,Aarav Singh,Male,23,Noida,Uttar Pradesh,New,2025-02-12
2174,Arjun Singh,Male,54,Chandigarh,Chandigarh,New,2025-11-30
2175,Aditya Patel,Male,36,Chandigarh,Chandigarh,New,2025-03-21
2176,Aarav Singh,Male,44,Chandigarh,Chandigarh,Returning,2025-06-26
2177,Sara Sharma,Female,54,Noida,Uttar Pradesh,Returning,2025-03-18
2178,Vihaan Singh,Male,37,Jaipur,Rajasthan,New,2024-04-10
2179,Kabir Kapoor,Male,49,Lucknow,Uttar Pradesh,Returning,2024-09-04
2180,Aditya Kapoor,Male,53,Ghaziabad,Uttar Pradesh,New,2025-12-07
2181,Rohan Mehta,Male,20,Pune,Maharashtra,Returning,2024-03-10
2182,Aarav Patel,Male,53,Noida,Uttar Pradesh,New,2025-04-01
2183,Ananya Gupta,Female,36,Faridabad,Haryana,New,2024-01-25
2184,Vihaan Khan,Male,58,Delhi,Delhi,Returning,2024-08-10
2185,Vihaan Khan,Male,25,Noida,Uttar Pradesh,Premium,2024-05-13
2186,Zoya Kapoor,Female,27,Gurugram,Haryana,Returning,2024-09-16
2187,Kabir Joshi,Male,60,Noida,Uttar Pradesh,Returning,2024-10-10
2188,Neha Patel,Female,36,Jaipur,Rajasthan,New,2024-03-16
2189,Kabir Sharma,Male,44,Lucknow,Uttar Pradesh,New,2024-03-02
2190,Kabir Singh,Male,48,Gurugram,Haryana,New,2024-07-24
2191,Vihaan Patel,Male,51,Gurugram,Haryana,New,2025-07-07
2192,Neha Patel,Female,59,Ghaziabad,Uttar Pradesh,Returning,2025-03-28
2193,Aditya Singh,Male,22,Noida,Uttar Pradesh,New,2025-08-08
2194,Aditya Singh,Male,21,Chandigarh,Chandigarh,Premium,2024-06-01
2195,Sara Sharma,Female,44,Delhi,Delhi,New,2025-12-17
2196,Ananya Patel,Female,20,Bengaluru,Karnataka,Returning,2025-05-17
2197,Arjun Patel,Male,24,Lucknow,Uttar Pradesh,Returning,2024-01-04
2198,Zoya Joshi,Female,56,Noida,Uttar Pradesh,Returning,2025-01-02
2199,Ananya Singh,Female,23,Lucknow,Uttar Pradesh,Returning,2025-10-24
2200,Aisha Mehta,Female,41,Pune,Maharashtra,New,2025-04-15
2201,Neha Singh,Female,31,Ghaziabad,Uttar Pradesh,Returning,2025-01-28
2202,Sara Gupta,Female,44,Faridabad,Haryana,Premium,2025-10-07
2203,Aditya Mehta,Male,25,Chandigarh,Chandigarh,Premium,2025-03-24
2204,Aditya Gupta,Male,22,Gurugram,Haryana,New,2025-08-30
2205,Priya Joshi,Female,24,Lucknow,Uttar Pradesh,Returning,2025-10-20
2206,Kabir Joshi,Male,48,Pune,Maharashtra,Premium,2024-01-17
2207,Aarav Mehta,Male,41,Delhi,Delhi,Returning,2024-02-13
2208,Zoya Khan,Female,53,Ghaziabad,Uttar Pradesh,Returning,2025-11-25
2209,Ishaan Malik,Male,57,Gurugram,Haryana,New,2024-03-14
2210,Aarav Verma,Male,21,Chandigarh,Chandigarh,Returning,2025-09-25
2211,Aarav Gupta,Male,20,Gurugram,Haryana,New,2024-02-21
2212,Kavya Singh,Female,49,Noida,Uttar Pradesh,Returning,2025-08-28
2213,Aisha Khan,Female,51,Noida,Uttar Pradesh,Returning,2025-09-22
2214,Priya Khan,Female,47,Ghaziabad,Uttar Pradesh,New,2025-11-25
2215,Zoya Mehta,Female,56,Noida,Uttar Pradesh,Returning,2024-11-25
2216,Ishaan Gupta,Male,57,Delhi,Delhi,New,2024-03-05
2217,Aisha Singh,Female,46,Gurugram,Haryana,New,2025-01-13
2218,Meera Verma,Female,35,Chandigarh,Chandigarh,Premium,2024-02-11
2219,Rohan Khan,Male,44,Bengaluru,Karnataka,Returning,2024-01-17
2220,Kavya Joshi,Female,20,Noida,Uttar Pradesh,New,2024-04-01
2221,Aditya Kapoor,Male,46,Faridabad,Haryana,Returning,2025-05-02
2222,Aditya Verma,Male,29,Ghaziabad,Uttar Pradesh,Returning,2025-06-19
2223,Arjun Patel,Male,31,Ghaziabad,Uttar Pradesh,Returning,2024-02-08
2224,Vihaan Verma,Male,59,Chandigarh,Chandigarh,Premium,2025-10-04
2225,Ishaan Singh,Male,46,Jaipur,Rajasthan,New,2024-08-29
2226,Priya Khan,Female,26,Pune,Maharashtra,Returning,2025-07-06
2227,Meera Gupta,Female,60,Chandigarh,Chandigarh,Returning,2024-10-10
2228,Aarav Gupta,Male,29,Noida,Uttar Pradesh,Returning,2025-04-30
2229,Arjun Verma,Male,22,Gurugram,Haryana,New,2025-01-07
2230,Kabir Gupta,Male,36,Lucknow,Uttar Pradesh,New,2025-04-09
2231,Aarav Khan,Male,54,Delhi,Delhi,New,2024-01-30
2232,Arjun Malik,Male,24,Noida,Uttar Pradesh,Premium,2025-03-31
2233,Vihaan Kapoor,Male,46,Jaipur,Rajasthan,New,2025-11-24
2234,Kavya Mehta,Female,27,Ghaziabad,Uttar Pradesh,New,2024-04-10
2235,Priya Patel,Female,44,Ghaziabad,Uttar Pradesh,Premium,2024-03-16
2236,Arjun Kapoor,Male,23,Chandigarh,Chandigarh,Premium,2024-05-28
2237,Priya Kapoor,Female,31,Chandigarh,Chandigarh,New,2024-05-19
2238,Arjun Gupta,Male,37,Jaipur,Rajasthan,New,2024-05-10
2239,Aarav Kapoor,Male,37,Delhi,Delhi,New,2025-04-21
2240,Arjun Patel,Male,41,Gurugram,Haryana,New,2024-10-29
2241,Vihaan Verma,Male,30,Bengaluru,Karnataka,Returning,2025-07-20
2242,Ishaan Gupta,Male,46,Noida,Uttar Pradesh,Premium,2025-05-15
2243,Ishaan Gupta,Male,50,Bengaluru,Karnataka,Returning,2024-10-12
2244,Aarav Patel,Male,35,Ghaziabad,Uttar Pradesh,New,2025-08-16
2245,Priya Kapoor,Female,56,Gurugram,Haryana,Premium,2025-03-03
2246,Aarav Sharma,Male,52,Chandigarh,Chandigarh,New,2025-06-27
2247,Zoya Joshi,Female,48,Noida,Uttar Pradesh,Returning,2024-03-26
2248,Meera Sharma,Female,33,Lucknow,Uttar Pradesh,New,2024-10-29
2249,Priya Khan,Female,50,Delhi,Delhi,Returning,2024-06-14
2250,Aditya Joshi,Male,57,Bengaluru,Karnataka,New,2025-04-10
2251,Arjun Verma,Male,31,Lucknow,Uttar Pradesh,Returning,2025-01-14
2252,Sara Joshi,Female,60,Delhi,Delhi,New,2025-12-08
2253,Ananya Malik,Female,38,Delhi,Delhi,New,2024-10-03
2254,Aditya Kapoor,Male,56,Pune,Maharashtra,Returning,2025-12-02
2255,Aisha Kapoor,Female,23,Jaipur,Rajasthan,Returning,2025-11-21
2256,Ananya Sharma,Female,44,Noida,Uttar Pradesh,New,2025-09-25
2257,Aarav Mehta,Male,31,Jaipur,Rajasthan,Returning,2025-12-22
2258,Aisha Malik,Female,28,Ghaziabad,Uttar Pradesh,Premium,2024-09-01
2259,Meera Khan,Female,57,Chandigarh,Chandigarh,Premium,2025-12-20
2260,Priya Gupta,Female,42,Jaipur,Rajasthan,Premium,2025-05-30
2261,Sara Patel,Female,23,Faridabad,Haryana,New,2024-12-19
2262,Arjun Joshi,Male,53,Pune,Maharashtra,Returning,2025-04-26
2263,Aditya Malik,Male,38,Pune,Maharashtra,Returning,2025-01-11
2264,Neha Khan,Female,49,Ghaziabad,Uttar Pradesh,New,2025-02-04
2265,Kavya Verma,Female,24,Faridabad,Haryana,New,2024-10-09
2266,Aisha Verma,Female,29,Chandigarh,Chandigarh,Premium,2025-06-17
2267,Sara Sharma,Female,46,Faridabad,Haryana,Premium,2025-07-08
2268,Kavya Verma,Female,42,Chandigarh,Chandigarh,New,2025-10-22
2269,Aarav Singh,Male,24,Ghaziabad,Uttar Pradesh,New,2024-08-25
2270,Ishaan Malik,Male,46,Jaipur,Rajasthan,Returning,2025-11-02
2271,Sara Mehta,Female,57,Chandigarh,Chandigarh,Returning,2025-06-26
2272,Ishaan Malik,Male,49,Chandigarh,Chandigarh,New,2024-05-15
2273,Kavya Singh,Female,36,Gurugram,Haryana,New,2025-01-15
2274,Kabir Sharma,Male,42,Gurugram,Haryana,New,2024-06-19
2275,Vihaan Verma,Male,38,Pune,Maharashtra,New,2024-06-28
2276,Ishaan Verma,Male,35,Gurugram,Haryana,New,2024-11-20
2277,Vihaan Verma,Male,36,Chandigarh,Chandigarh,New,2024-07-29
2278,Meera Sharma,Female,42,Jaipur,Rajasthan,New,2025-04-04
2279,Meera Verma,Female,39,Pune,Maharashtra,New,2024-01-26
2280,Zoya Joshi,Female,49,Gurugram,Haryana,Premium,2024-06-08
2281,Aarav Malik,Male,41,Pune,Maharashtra,Returning,2024-10-29
2282,Arjun Singh,Male,29,Bengaluru,Karnataka,Returning,2025-03-28
2283,Ananya Khan,Female,22,Chandigarh,Chandigarh,New,2025-07-18
2284,Aisha Singh,Female,45,Delhi,Delhi,Returning,2024-08-13
2285,Arjun Mehta,Male,40,Noida,Uttar Pradesh,New,2025-10-18
2286,Priya Kapoor,Female,34,Pune,Maharashtra,Returning,2024-10-11
2287,Priya Sharma,Female,54,Noida,Uttar Pradesh,Returning,2025-11-24
2288,Sara Khan,Female,45,Pune,Maharashtra,New,2024-11-21
2289,Vihaan Kapoor,Male,23,Pune,Maharashtra,Premium,2025-01-04
2290,Zoya Verma,Female,43,Lucknow,Uttar Pradesh,New,2024-01-13
2291,Kabir Mehta,Male,39,Jaipur,Rajasthan,Premium,2025-07-28
2292,Aisha Gupta,Female,46,Chandigarh,Chandigarh,Returning,2024-10-22
2293,Rohan Patel,Male,28,Lucknow,Uttar Pradesh,Returning,2025-09-04
2294,Aisha Verma,Female,39,Ghaziabad,Uttar Pradesh,Returning,2025-06-21
2295,Ananya Khan,Female,44,Bengaluru,Karnataka,New,2025-02-23
2296,Sara Singh,Female,31,Lucknow,Uttar Pradesh,Returning,2025-12-28
2297,Vihaan Verma,Male,31,Ghaziabad,Uttar Pradesh,Returning,2024-10-23
2298,Meera Joshi,Female,39,Delhi,Delhi,Returning,2024-11-07
2299,Arjun Malik,Male,34,Chandigarh,Chandigarh,New,2024-01-03
2300,Rohan Singh,Male,60,Faridabad,Haryana,Returning,2025-04-28
2301,Aisha Singh,Female,31,Lucknow,Uttar Pradesh,Returning,2025-12-05
2302,Sara Gupta,Female,27,Delhi,Delhi,Returning,2025-05-19
2303,Aisha Kapoor,Female,57,Jaipur,Rajasthan,Returning,2025-03-22
2304,Ishaan Singh,Male,27,Chandigarh,Chandigarh,New,2025-08-12
2305,Aarav Singh,Male,57,Gurugram,Haryana,New,2024-11-23
2306,Arjun Verma,Male,30,Jaipur,Rajasthan,New,2025-01-04
2307,Zoya Mehta,Female,38,Delhi,Delhi,New,2025-10-16
2308,Kavya Khan,Female,32,Pune,Maharashtra,Returning,2024-07-06
2309,Neha Khan,Female,30,Bengaluru,Karnataka,Returning,2024-11-19
2310,Ishaan Singh,Male,43,Faridabad,Haryana,New,2025-08-16
2311,Ananya Verma,Female,28,Delhi,Delhi,Returning,2025-01-16
2312,Neha Joshi,Female,41,Lucknow,Uttar Pradesh,Premium,2024-06-15
2313,Aisha Gupta,Female,52,Gurugram,Haryana,New,2024-07-11
2314,Neha Malik,Female,53,Bengaluru,Karnataka,Returning,2025-12-30
2315,Meera Khan,Female,49,Lucknow,Uttar Pradesh,Premium,2024-04-29
2316,Ishaan Verma,Male,50,Delhi,Delhi,New,2025-12-08
2317,Ananya Verma,Female,58,Chandigarh,Chandigarh,Returning,2024-12-16
2318,Rohan Singh,Male,27,Delhi,Delhi,New,2025-12-11
2319,Rohan Gupta,Male,28,Faridabad,Haryana,New,2024-03-21
2320,Zoya Khan,Female,21,Noida,Uttar Pradesh,Returning,2025-03-17
2321,Aarav Gupta,Male,22,Noida,Uttar Pradesh,Returning,2025-06-09
2322,Vihaan Sharma,Male,27,Chandigarh,Chandigarh,Premium,2024-02-14
2323,Aisha Singh,Female,26,Delhi,Delhi,Returning,2025-09-08
2324,Priya Kapoor,Female,31,Ghaziabad,Uttar Pradesh,Returning,2024-01-30
2325,Aisha Verma,Female,57,Faridabad,Haryana,New,2024-06-13
2326,Ishaan Malik,Male,35,Bengaluru,Karnataka,Returning,2024-03-10
2327,Aisha Kapoor,Female,53,Delhi,Delhi,New,2024-07-15
2328,Kabir Verma,Male,20,Pune,Maharashtra,Premium,2024-04-11
2329,Kavya Gupta,Female,50,Pune,Maharashtra,New,2025-08-26
2330,Rohan Joshi,Male,31,Noida,Uttar Pradesh,Returning,2025-01-23
2331,Zoya Gupta,Female,34,Pune,Maharashtra,New,2024-11-17
2332,Aisha Joshi,Female,53,Noida,Uttar Pradesh,New,2025-01-04
2333,Aditya Singh,Male,22,Pune,Maharashtra,New,2025-05-20
2334,Aisha Patel,Female,49,Faridabad,Haryana,Returning,2024-11-15
2335,Sara Joshi,Female,55,Ghaziabad,Uttar Pradesh,New,2025-03-14
2336,Priya Khan,Female,43,Chandigarh,Chandigarh,New,2025-11-21
2337,Arjun Khan,Male,48,Lucknow,Uttar Pradesh,Returning,2025-11-23
2338,Aisha Khan,Female,45,Gurugram,Haryana,New,2025-08-27
2339,Aisha Verma,Female,43,Noida,Uttar Pradesh,Premium,2024-12-12
2340,Priya Kapoor,Female,27,Lucknow,Uttar Pradesh,New,2025-03-10
2341,Aditya Joshi,Male,57,Faridabad,Haryana,Returning,2025-10-21
2342,Zoya Mehta,Female,58,Chandigarh,Chandigarh,Premium,2025-05-11
2343,Meera Singh,Female,49,Gurugram,Haryana,New,2024-09-13
2344,Arjun Joshi,Male,60,Ghaziabad,Uttar Pradesh,Premium,2024-01-31
2345,Aisha Sharma,Female,51,Noida,Uttar Pradesh,Returning,2024-07-02
2346,Zoya Kapoor,Female,29,Jaipur,Rajasthan,New,2025-09-30
2347,Aisha Khan,Female,51,Pune,Maharashtra,Returning,2024-07-25
2348,Kabir Joshi,Male,52,Chandigarh,Chandigarh,New,2024-12-17
2349,Neha Malik,Female,21,Pune,Maharashtra,Premium,2024-02-02
2350,Zoya Khan,Female,48,Lucknow,Uttar Pradesh,New,2025-01-20
2351,Arjun Joshi,Male,22,Delhi,Delhi,New,2025-11-06
2352,Ishaan Singh,Male,51,Gurugram,Haryana,New,2024-11-15
2353,Aditya Patel,Male,27,Chandigarh,Chandigarh,Returning,2025-05-17
2354,Sara Malik,Female,56,Pune,Maharashtra,Returning,2025-07-29
2355,Ishaan Verma,Male,23,Pune,Maharashtra,New,2025-05-21
2356,Vihaan Patel,Male,42,Bengaluru,Karnataka,Returning,2024-10-18
2357,Ananya Sharma,Female,57,Delhi,Delhi,New,2025-01-10
2358,Ananya Kapoor,Female,60,Delhi,Delhi,New,2024-04-09
2359,Zoya Mehta,Female,46,Jaipur,Rajasthan,New,2025-11-08
2360,Priya Gupta,Female,39,Ghaziabad,Uttar Pradesh,Returning,2025-12-05
2361,Aisha Singh,Female,41,Noida,Uttar Pradesh,New,2025-07-05
2362,Ananya Sharma,Female,47,Chandigarh,Chandigarh,Returning,2025-03-07
2363,Kabir Sharma,Male,57,Chandigarh,Chandigarh,New,2024-11-20
2364,Zoya Kapoor,Female,40,Lucknow,Uttar Pradesh,Returning,2025-05-15
2365,Aisha Gupta,Female,51,Jaipur,Rajasthan,Returning,2025-11-14
2366,Ananya Verma,Female,39,Bengaluru,Karnataka,New,2025-03-22
2367,Priya Joshi,Female,54,Noida,Uttar Pradesh,New,2024-09-28
2368,Aarav Singh,Male,45,Bengaluru,Karnataka,Returning,2025-10-01
2369,Aditya Khan,Male,26,Bengaluru,Karnataka,Returning,2024-10-06
2370,Aisha Kapoor,Female,50,Pune,Maharashtra,New,2024-12-21
2371,Neha Khan,Female,52,Faridabad,Haryana,Returning,2025-03-19
2372,Sara Malik,Female,32,Jaipur,Rajasthan,New,2024-09-14
2373,Vihaan Malik,Male,55,Chandigarh,Chandigarh,New,2024-01-20
2374,Sara Malik,Female,56,Gurugram,Haryana,Returning,2025-11-07
2375,Ishaan Joshi,Male,60,Faridabad,Haryana,Returning,2025-09-21
2376,Ishaan Patel,Male,60,Bengaluru,Karnataka,New,2024-07-24
2377,Ananya Joshi,Female,35,Gurugram,Haryana,New,2025-12-02
2378,Neha Singh,Female,46,Lucknow,Uttar Pradesh,New,2024-03-06
2379,Sara Gupta,Female,37,Lucknow,Uttar Pradesh,Returning,2025-10-23
2380,Rohan Singh,Male,35,Bengaluru,Karnataka,New,2024-04-26
2381,Rohan Gupta,Male,35,Delhi,Delhi,Returning,2024-11-13
2382,Arjun Joshi,Male,47,Pune,Maharashtra,New,2024-02-07
2383,Priya Verma,Female,28,Faridabad,Haryana,New,2024-10-11
2384,Sara Malik,Female,22,Gurugram,Haryana,Premium,2025-05-12
2385,Neha Sharma,Female,25,Delhi,Delhi,New,2024-11-01
2386,Ishaan Khan,Male,43,Lucknow,Uttar Pradesh,Returning,2024-04-02
2387,Zoya Verma,Female,27,Ghaziabad,Uttar Pradesh,Returning,2025-05-27
2388,Kavya Khan,Female,57,Pune,Maharashtra,Premium,2025-06-21
2389,Kabir Joshi,Male,35,Noida,Uttar Pradesh,Returning,2024-11-16
2390,Ananya Kapoor,Female,35,Lucknow,Uttar Pradesh,Premium,2024-08-11
2391,Rohan Khan,Male,33,Gurugram,Haryana,Premium,2025-03-26
2392,Zoya Singh,Female,23,Bengaluru,Karnataka,Returning,2025-01-18
2393,Aditya Khan,Male,54,Jaipur,Rajasthan,New,2025-11-30
2394,Priya Singh,Female,43,Gurugram,Haryana,Returning,2025-01-11
2395,Ishaan Singh,Male,58,Delhi,Delhi,New,2025-11-09
2396,Neha Sharma,Female,36,Ghaziabad,Uttar Pradesh,Returning,2024-11-12
2397,Sara Mehta,Female,54,Noida,Uttar Pradesh,Premium,2025-03-29
2398,Zoya Sharma,Female,36,Lucknow,Uttar Pradesh,New,2024-08-29
2399,Kabir Gupta,Male,48,Gurugram,Haryana,Returning,2025-10-21
2400,Zoya Sharma,Female,25,Faridabad,Haryana,Returning,2025-05-18
2401,Arjun Patel,Male,47,Jaipur,Rajasthan,Premium,2024-04-12
2402,Ishaan Verma,Male,52,Faridabad,Haryana,New,2025-03-06
2403,Vihaan Malik,Male,49,Jaipur,Rajasthan,Returning,2024-02-23
2404,Sara Verma,Female,28,Chandigarh,Chandigarh,New,2024-07-23
2405,Sara Singh,Female,56,Jaipur,Rajasthan,New,2024-06-10
2406,Priya Malik,Female,58,Gurugram,Haryana,Returning,2024-11-23
2407,Arjun Joshi,Male,36,Gurugram,Haryana,New,2025-08-30
2408,Ishaan Mehta,Male,32,Faridabad,Haryana,New,2025-01-11
2409,Rohan Patel,Male,56,Lucknow,Uttar Pradesh,New,2024-01-24
2410,Kavya Malik,Female,60,Bengaluru,Karnataka,New,2024-04-01
2411,Arjun Gupta,Male,30,Faridabad,Haryana,New,2025-09-24
2412,Zoya Kapoor,Female,29,Faridabad,Haryana,New,2025-01-11
2413,Rohan Kapoor,Male,20,Noida,Uttar Pradesh,Returning,2025-03-21
2414,Neha Joshi,Female,27,Chandigarh,Chandigarh,New,2024-07-27
2415,Priya Singh,Female,51,Faridabad,Haryana,New,2025-03-17
2416,Ishaan Gupta,Male,33,Bengaluru,Karnataka,Premium,2024-10-16
2417,Aditya Gupta,Male,31,Lucknow,Uttar Pradesh,New,2024-05-29
2418,Aarav Singh,Male,35,Faridabad,Haryana,Returning,2024-09-11
2419,Ananya Kapoor,Female,25,Chandigarh,Chandigarh,New,2024-05-16
2420,Ishaan Mehta,Male,33,Lucknow,Uttar Pradesh,Returning,2025-12-26
2421,Zoya Kapoor,Female,24,Faridabad,Haryana,New,2024-03-01
2422,Aarav Mehta,Male,50,Ghaziabad,Uttar Pradesh,Premium,2025-09-12
2423,Sara Kapoor,Female,20,Delhi,Delhi,New,2025-09-26
2424,Zoya Singh,Female,43,Lucknow,Uttar Pradesh,New,2025-07-26
2425,Aarav Kapoor,Male,36,Gurugram,Haryana,New,2025-05-19
2426,Kavya Mehta,Female,28,Chandigarh,Chandigarh,New,2025-12-28
2427,Meera Patel,Female,36,Gurugram,Haryana,New,2024-02-15
2428,Rohan Joshi,Male,43,Faridabad,Haryana,Premium,2024-10-16
2429,Kavya Singh,Female,36,Bengaluru,Karnataka,Returning,2025-03-22
2430,Kavya Verma,Female,51,Jaipur,Rajasthan,Returning,2024-06-03
2431,Meera Joshi,Female,32,Delhi,Delhi,New,2024-08-23
2432,Rohan Sharma,Male,36,Chandigarh,Chandigarh,New,2025-04-23
2433,Zoya Khan,Female,22,Chandigarh,Chandigarh,New,2025-12-27
2434,Meera Joshi,Female,51,Chandigarh,Chandigarh,New,2024-05-31
2435,Aisha Mehta,Female,33,Noida,Uttar Pradesh,Premium,2024-07-03
2436,Ishaan Verma,Male,37,Pune,Maharashtra,Returning,2025-11-10
2437,Vihaan Gupta,Male,20,Bengaluru,Karnataka,Returning,2025-08-07
2438,Rohan Patel,Male,35,Noida,Uttar Pradesh,Returning,2025-11-24
2439,Aisha Mehta,Female,38,Delhi,Delhi,Returning,2025-11-27
2440,Aisha Patel,Female,57,Jaipur,Rajasthan,Premium,2024-04-18
2441,Ishaan Mehta,Male,21,Gurugram,Haryana,New,2025-12-25
2442,Sara Joshi,Female,60,Chandigarh,Chandigarh,Premium,2025-08-31
2443,Sara Sharma,Female,22,Jaipur,Rajasthan,Returning,2025-04-08
2444,Ananya Kapoor,Female,33,Gurugram,Haryana,Premium,2025-10-21
2445,Kabir Mehta,Male,24,Delhi,Delhi,Returning,2025-09-08
2446,Zoya Khan,Female,36,Lucknow,Uttar Pradesh,New,2025-02-12
2447,Aisha Sharma,Female,30,Ghaziabad,Uttar Pradesh,New,2025-02-16
2448,Kabir Verma,Male,39,Noida,Uttar Pradesh,Returning,2025-03-18
2449,Aditya Singh,Male,28,Bengaluru,Karnataka,New,2024-04-08
2450,Ishaan Mehta,Male,32,Pune,Maharashtra,Returning,2025-02-01
2451,Arjun Singh,Male,58,Bengaluru,Karnataka,New,2025-03-08
2452,Neha Mehta,Female,31,Bengaluru,Karnataka,New,2025-03-12
2453,Aisha Sharma,Female,41,Pune,Maharashtra,Premium,2025-11-23
2454,Priya Verma,Female,53,Chandigarh,Chandigarh,Returning,2025-06-21
2455,Aisha Singh,Female,47,Chandigarh,Chandigarh,New,2025-05-04
2456,Kabir Verma,Male,39,Gurugram,Haryana,Returning,2025-06-19
2457,Zoya Singh,Female,23,Bengaluru,Karnataka,Returning,2024-02-16
2458,Meera Khan,Female,47,Pune,Maharashtra,New,2025-04-20
2459,Sara Kapoor,Female,42,Faridabad,Haryana,New,2024-03-24
2460,Neha Malik,Female,27,Delhi,Delhi,Returning,2025-04-18
2461,Rohan Verma,Male,22,Lucknow,Uttar Pradesh,New,2025-12-22
2462,Kabir Mehta,Male,49,Bengaluru,Karnataka,Returning,2025-04-05
2463,Vihaan Singh,Male,31,Jaipur,Rajasthan,New,2024-03-21
2464,Aditya Kapoor,Male,26,Faridabad,Haryana,New,2024-01-19
2465,Aarav Patel,Male,20,Noida,Uttar Pradesh,New,2025-05-03
2466,Arjun Patel,Male,51,Bengaluru,Karnataka,New,2025-09-23
2467,Ananya Patel,Female,25,Faridabad,Haryana,New,2024-01-15
2468,Priya Khan,Female,32,Delhi,Delhi,Premium,2024-08-02
2469,Arjun Verma,Male,47,Ghaziabad,Uttar Pradesh,Returning,2025-07-05
2470,Priya Khan,Female,49,Faridabad,Haryana,New,2025-03-08
2471,Aarav Khan,Male,29,Gurugram,Haryana,Returning,2025-03-31
2472,Arjun Joshi,Male,48,Delhi,Delhi,Returning,2024-07-25
2473,Kabir Kapoor,Male,23,Lucknow,Uttar Pradesh,New,2024-04-15
2474,Sara Patel,Female,51,Lucknow,Uttar Pradesh,Returning,2025-09-02
2475,Aditya Malik,Male,22,Faridabad,Haryana,Returning,2025-05-12
2476,Meera Kapoor,Female,51,Bengaluru,Karnataka,New,2024-03-03
2477,Meera Sharma,Female,56,Lucknow,Uttar Pradesh,New,2024-03-06
2478,Kabir Patel,Male,27,Chandigarh,Chandigarh,Returning,2025-10-23
2479,Ananya Joshi,Female,21,Lucknow,Uttar Pradesh,New,2024-07-15
2480,Arjun Mehta,Male,34,Chandigarh,Chandigarh,Returning,2025-08-24
2481,Kavya Mehta,Female,49,Bengaluru,Karnataka,New,2024-10-27
2482,Aditya Patel,Male,43,Lucknow,Uttar Pradesh,Returning,2024-06-14
2483,Vihaan Gupta,Male,25,Faridabad,Haryana,Returning,2024-05-12
2484,Rohan Gupta,Male,58,Gurugram,Haryana,Returning,2025-03-01
2485,Arjun Singh,Male,33,Ghaziabad,Uttar Pradesh,Returning,2024-01-19
2486,Ananya Singh,Female,30,Jaipur,Rajasthan,New,2025-05-30
2487,Aarav Khan,Male,47,Jaipur,Rajasthan,New,2024-08-20
2488,Aisha Malik,Female,51,Ghaziabad,Uttar Pradesh,New,2024-12-14
2489,Neha Mehta,Female,55,Delhi,Delhi,New,2024-06-03
2490,Ishaan Malik,Male,26,Bengaluru,Karnataka,Returning,2025-03-24
2491,Neha Joshi,Female,26,Noida,Uttar Pradesh,Returning,2025-09-16
2492,Neha Khan,Female,22,Pune,Maharashtra,Returning,2024-06-20
2493,Sara Khan,Female,43,Ghaziabad,Uttar Pradesh,New,2024-10-26
2494,Aditya Joshi,Male,51,Pune,Maharashtra,Returning,2024-04-11
2495,Rohan Mehta,Male,28,Jaipur,Rajasthan,New,2024-07-25
2496,Arjun Patel,Male,35,Delhi,Delhi,Returning,2025-04-30
2497,Ananya Singh,Female,30,Pune,Maharashtra,New,2025-01-16
2498,Aditya Patel,Male,60,Jaipur,Rajasthan,Returning,2024-06-04
2499,Neha Malik,Female,34,Lucknow,Uttar Pradesh,New,2025-03-15
2500,Zoya Patel,Female,53,Chandigarh,Chandigarh,Returning,2025-01-05
2501,Aarav Joshi,Male,20,Gurugram,Haryana,Returning,2025-06-13
2502,Aisha Khan,Female,40,Jaipur,Rajasthan,New,2024-06-17
2503,Zoya Sharma,Female,22,Lucknow,Uttar Pradesh,Returning,2025-10-18
2504,Rohan Kapoor,Male,60,Delhi,Delhi,Premium,2025-11-07
2505,Kavya Malik,Female,46,Faridabad,Haryana,New,2025-11-28
2506,Aditya Malik,Male,40,Faridabad,Haryana,Premium,2024-01-09
2507,Ishaan Singh,Male,59,Pune,Maharashtra,Premium,2025-12-18
2508,Zoya Joshi,Female,54,Ghaziabad,Uttar Pradesh,Returning,2025-09-25
2509,Sara Joshi,Female,45,Jaipur,Rajasthan,Returning,2024-11-04
2510,Aisha Sharma,Female,41,Pune,Maharashtra,New,2024-05-09
2511,Meera Malik,Female,33,Faridabad,Haryana,New,2025-07-19
2512,Kabir Malik,Male,60,Jaipur,Rajasthan,New,2024-01-29
2513,Kavya Malik,Female,36,Bengaluru,Karnataka,New,2024-11-07
2514,Aditya Patel,Male,27,Pune,Maharashtra,Returning,2025-01-16
2515,Kabir Malik,Male,27,Jaipur,Rajasthan,New,2025-10-28
2516,Aisha Joshi,Female,56,Faridabad,Haryana,Returning,2025-04-09
2517,Ananya Gupta,Female,56,Bengaluru,Karnataka,Returning,2025-10-04
2518,Sara Malik,Female,34,Bengaluru,Karnataka,New,2024-10-18
2519,Sara Kapoor,Female,44,Gurugram,Haryana,Returning,2024-09-10
2520,Aisha Mehta,Female,57,Pune,Maharashtra,New,2025-01-04
2521,Arjun Khan,Male,47,Gurugram,Haryana,Returning,2024-03-24
2522,Aisha Sharma,Female,28,Lucknow,Uttar Pradesh,Returning,2025-04-01
2523,Aisha Mehta,Female,45,Pune,Maharashtra,Returning,2025-06-15
2524,Neha Patel,Female,57,Faridabad,Haryana,Returning,2025-03-09
2525,Arjun Joshi,Male,30,Lucknow,Uttar Pradesh,New,2024-05-10
2526,Arjun Joshi,Male,52,Gurugram,Haryana,Premium,2024-04-30
2527,Aditya Gupta,Male,50,Chandigarh,Chandigarh,New,2024-06-09
2528,Meera Mehta,Female,58,Noida,Uttar Pradesh,Premium,2024-04-22
2529,Aisha Mehta,Female,38,Bengaluru,Karnataka,New,2024-06-05
2530,Aisha Mehta,Female,43,Faridabad,Haryana,New,2025-05-12
2531,Aarav Verma,Male,57,Gurugram,Haryana,New,2024-11-08
2532,Kavya Singh,Female,31,Ghaziabad,Uttar Pradesh,Returning,2025-05-15
2533,Aarav Khan,Male,42,Pune,Maharashtra,New,2024-02-15
2534,Zoya Joshi,Female,39,Bengaluru,Karnataka,Returning,2024-12-11
2535,Neha Patel,Female,58,Chandigarh,Chandigarh,New,2024-05-21
2536,Meera Joshi,Female,48,Chandigarh,Chandigarh,New,2024-11-29
2537,Aisha Kapoor,Female,46,Bengaluru,Karnataka,New,2025-02-08
2538,Ananya Malik,Female,48,Delhi,Delhi,Returning,2025-10-23
2539,Aisha Verma,Female,56,Delhi,Delhi,Returning,2025-12-25
2540,Kabir Malik,Male,55,Noida,Uttar Pradesh,New,2025-09-25
2541,Meera Kapoor,Female,56,Delhi,Delhi,Returning,2025-05-02
2542,Meera Sharma,Female,54,Noida,Uttar Pradesh,New,2024-01-20
2543,Kabir Gupta,Male,57,Ghaziabad,Uttar Pradesh,New,2025-06-30
2544,Vihaan Mehta,Male,57,Lucknow,Uttar Pradesh,New,2024-01-24
2545,Ananya Patel,Female,46,Gurugram,Haryana,New,2025-06-24
2546,Ananya Patel,Female,25,Faridabad,Haryana,New,2024-04-11
2547,Meera Verma,Female,29,Faridabad,Haryana,New,2024-04-01
2548,Rohan Singh,Male,30,Lucknow,Uttar Pradesh,New,2024-11-29
2549,Rohan Sharma,Male,39,Delhi,Delhi,New,2024-11-23
2550,Rohan Patel,Male,36,Jaipur,Rajasthan,New,2024-05-03
2551,Aarav Gupta,Male,58,Ghaziabad,Uttar Pradesh,Returning,2025-05-19
2552,Meera Malik,Female,27,Lucknow,Uttar Pradesh,New,2024-11-21
2553,Arjun Malik,Male,24,Lucknow,Uttar Pradesh,Returning,2025-02-21
2554,Sara Gupta,Female,37,Delhi,Delhi,Returning,2025-08-23
2555,Sara Khan,Female,55,Ghaziabad,Uttar Pradesh,Returning,2024-05-08
2556,Kabir Kapoor,Male,48,Lucknow,Uttar Pradesh,New,2025-10-13
2557,Meera Gupta,Female,43,Gurugram,Haryana,Returning,2024-06-21
2558,Neha Gupta,Female,47,Pune,Maharashtra,Premium,2025-07-22
2559,Arjun Sharma,Male,49,Delhi,Delhi,Premium,2025-09-27
2560,Kabir Verma,Male,23,Delhi,Delhi,Premium,2025-05-08
2561,Kabir Kapoor,Male,44,Faridabad,Haryana,Premium,2025-10-09
2562,Priya Kapoor,Female,38,Pune,Maharashtra,New,2025-06-30
2563,Vihaan Khan,Male,25,Faridabad,Haryana,New,2024-05-05
2564,Ishaan Verma,Male,37,Pune,Maharashtra,Premium,2024-08-03
2565,Vihaan Malik,Male,41,Jaipur,Rajasthan,Returning,2025-12-25
2566,Arjun Singh,Male,40,Ghaziabad,Uttar Pradesh,New,2025-04-15
2567,Vihaan Mehta,Male,28,Delhi,Delhi,Returning,2024-01-03
2568,Vihaan Joshi,Male,20,Delhi,Delhi,Returning,2025-02-27
2569,Meera Joshi,Female,54,Lucknow,Uttar Pradesh,New,2025-10-26
2570,Sara Khan,Female,21,Pune,Maharashtra,Premium,2025-11-18
2571,Arjun Khan,Male,44,Jaipur,Rajasthan,Returning,2025-01-01
2572,Zoya Verma,Female,27,Delhi,Delhi,Returning,2024-07-16
2573,Arjun Sharma,Male,21,Ghaziabad,Uttar Pradesh,Returning,2025-11-27
2574,Kavya Mehta,Female,25,Ghaziabad,Uttar Pradesh,Returning,2025-10-02
2575,Kabir Gupta,Male,51,Ghaziabad,Uttar Pradesh,Premium,2024-02-07
2576,Kabir Joshi,Male,33,Bengaluru,Karnataka,New,2025-10-15
2577,Zoya Khan,Female,56,Faridabad,Haryana,Returning,2024-06-23
2578,Meera Gupta,Female,58,Bengaluru,Karnataka,Returning,2024-03-07
2579,Vihaan Verma,Male,28,Noida,Uttar Pradesh,New,2025-08-06
2580,Ishaan Gupta,Male,37,Pune,Maharashtra,New,2025-11-25
2581,Aarav Malik,Male,36,Bengaluru,Karnataka,Returning,2025-04-09
2582,Aarav Patel,Male,40,Delhi,Delhi,New,2025-02-20
2583,Kabir Khan,Male,49,Pune,Maharashtra,Returning,2025-06-13
2584,Neha Sharma,Female,23,Ghaziabad,Uttar Pradesh,New,2025-03-06
2585,Meera Joshi,Female,20,Jaipur,Rajasthan,New,2024-12-08
2586,Aisha Kapoor,Female,34,Delhi,Delhi,Premium,2025-03-09
2587,Aisha Gupta,Female,30,Ghaziabad,Uttar Pradesh,New,2024-03-05
2588,Sara Khan,Female,50,Delhi,Delhi,New,2024-01-25
2589,Vihaan Mehta,Male,35,Faridabad,Haryana,New,2024-09-01
2590,Ananya Sharma,Female,53,Jaipur,Rajasthan,Returning,2024-03-15
2591,Neha Kapoor,Female,48,Bengaluru,Karnataka,Returning,2025-10-02
2592,Arjun Kapoor,Male,25,Noida,Uttar Pradesh,Premium,2024-02-04
2593,Zoya Mehta,Female,28,Noida,Uttar Pradesh,New,2025-03-28
2594,Aarav Singh,Male,60,Bengaluru,Karnataka,New,2024-04-14
2595,Sara Sharma,Female,23,Pune,Maharashtra,New,2025-01-25
2596,Zoya Khan,Female,46,Bengaluru,Karnataka,New,2025-09-05
2597,Neha Kapoor,Female,49,Delhi,Delhi,New,2025-03-14
2598,Kavya Kapoor,Female,26,Bengaluru,Karnataka,New,2025-11-22
2599,Neha Sharma,Female,53,Chandigarh,Chandigarh,New,2024-07-16
2600,Aisha Khan,Female,58,Delhi,Delhi,Returning,2025-08-30
2601,Neha Gupta,Female,28,Bengaluru,Karnataka,Returning,2024-09-19
2602,Ananya Patel,Female,59,Chandigarh,Chandigarh,New,2024-09-05
2603,Rohan Sharma,Male,28,Delhi,Delhi,New,2025-03-22
2604,Meera Mehta,Female,57,Faridabad,Haryana,Premium,2024-05-29
2605,Rohan Joshi,Male,58,Faridabad,Haryana,New,2025-01-12
2606,Aarav Malik,Male,29,Bengaluru,Karnataka,New,2025-06-03
2607,Ishaan Malik,Male,47,Delhi,Delhi,New,2024-07-24
2608,Sara Gupta,Female,41,Noida,Uttar Pradesh,New,2025-05-02
2609,Aditya Joshi,Male,41,Bengaluru,Karnataka,Premium,2025-08-02
2610,Ananya Kapoor,Female,46,Faridabad,Haryana,New,2024-04-17
2611,Arjun Sharma,Male,34,Chandigarh,Chandigarh,Premium,2025-10-16
2612,Priya Gupta,Female,59,Chandigarh,Chandigarh,New,2025-05-07
2613,Aditya Mehta,Male,33,Lucknow,Uttar Pradesh,New,2024-01-07
2614,Ananya Sharma,Female,42,Noida,Uttar Pradesh,New,2024-04-27
2615,Rohan Singh,Male,32,Chandigarh,Chandigarh,Returning,2025-01-03
2616,Aarav Sharma,Male,32,Ghaziabad,Uttar Pradesh,New,2024-08-12
2617,Kavya Singh,Female,41,Gurugram,Haryana,Returning,2024-09-08
2618,Rohan Gupta,Male,31,Delhi,Delhi,Returning,2024-04-13
2619,Aarav Verma,Male,27,Lucknow,Uttar Pradesh,New,2024-08-03
2620,Kabir Joshi,Male,43,Ghaziabad,Uttar Pradesh,Returning,2025-11-07
2621,Rohan Malik,Male,47,Bengaluru,Karnataka,Premium,2024-03-07
2622,Aisha Verma,Female,32,Gurugram,Haryana,New,2025-01-22
2623,Aditya Mehta,Male,58,Jaipur,Rajasthan,New,2025-10-13
2624,Priya Sharma,Female,57,Bengaluru,Karnataka,New,2025-07-02
2625,Kabir Verma,Male,35,Jaipur,Rajasthan,New,2024-10-13
2626,Ishaan Verma,Male,57,Pune,Maharashtra,Premium,2024-08-02
2627,Aditya Khan,Male,59,Chandigarh,Chandigarh,New,2025-06-04
2628,Zoya Malik,Female,51,Jaipur,Rajasthan,Returning,2024-07-02
2629,Ananya Mehta,Female,50,Pune,Maharashtra,Returning,2025-05-21
2630,Arjun Singh,Male,45,Bengaluru,Karnataka,Returning,2025-08-20
2631,Sara Sharma,Female,34,Ghaziabad,Uttar Pradesh,Premium,2025-04-07
2632,Ishaan Gupta,Male,33,Lucknow,Uttar Pradesh,New,2025-01-21
2633,Vihaan Verma,Male,36,Jaipur,Rajasthan,Returning,2024-05-17
2634,Neha Khan,Female,48,Faridabad,Haryana,Returning,2024-08-23
2635,Vihaan Sharma,Male,52,Chandigarh,Chandigarh,Returning,2025-03-12
2636,Arjun Joshi,Male,46,Lucknow,Uttar Pradesh,New,2025-05-24
2637,Ananya Singh,Female,21,Lucknow,Uttar Pradesh,New,2024-08-27
2638,Kabir Khan,Male,25,Jaipur,Rajasthan,New,2025-05-28
2639,Meera Malik,Female,37,Noida,Uttar Pradesh,Premium,2024-04-10
2640,Aisha Khan,Female,22,Jaipur,Rajasthan,Returning,2024-12-07
2641,Priya Mehta,Female,39,Faridabad,Haryana,Returning,2025-11-30
2642,Ishaan Singh,Male,58,Ghaziabad,Uttar Pradesh,Premium,2025-07-10
2643,Kavya Singh,Female,39,Delhi,Delhi,New,2024-12-20
2644,Neha Patel,Female,57,Lucknow,Uttar Pradesh,Returning,2024-01-13
2645,Arjun Malik,Male,45,Gurugram,Haryana,New,2024-08-02
2646,Arjun Gupta,Male,57,Pune,Maharashtra,Returning,2025-04-24
2647,Aditya Joshi,Male,25,Jaipur,Rajasthan,New,2024-07-11
2648,Zoya Patel,Female,48,Ghaziabad,Uttar Pradesh,New,2025-07-25
2649,Aarav Mehta,Male,56,Gurugram,Haryana,Premium,2024-11-08
2650,Aditya Sharma,Male,42,Chandigarh,Chandigarh,New,2025-03-05
2651,Zoya Patel,Female,39,Pune,Maharashtra,New,2024-01-24
2652,Vihaan Sharma,Male,29,Gurugram,Haryana,Premium,2024-12-04
2653,Vihaan Kapoor,Male,56,Bengaluru,Karnataka,Premium,2025-01-25
2654,Priya Patel,Female,54,Noida,Uttar Pradesh,New,2025-05-01
2655,Aisha Mehta,Female,48,Bengaluru,Karnataka,Returning,2024-11-07
2656,Aisha Verma,Female,55,Noida,Uttar Pradesh,New,2025-12-06
2657,Vihaan Joshi,Male,31,Delhi,Delhi,New,2025-01-30
2658,Kabir Gupta,Male,38,Ghaziabad,Uttar Pradesh,Returning,2024-03-12
2659,Arjun Sharma,Male,53,Jaipur,Rajasthan,New,2024-11-30
2660,Ishaan Patel,Male,30,Lucknow,Uttar Pradesh,Premium,2024-05-12
2661,Meera Patel,Female,24,Chandigarh,Chandigarh,New,2024-07-30
2662,Rohan Gupta,Male,47,Faridabad,Haryana,Returning,2025-11-11
2663,Arjun Verma,Male,56,Bengaluru,Karnataka,Premium,2025-08-24
2664,Priya Malik,Female,37,Chandigarh,Chandigarh,New,2024-05-26
2665,Arjun Khan,Male,58,Lucknow,Uttar Pradesh,Returning,2025-06-22
2666,Ananya Kapoor,Female,49,Chandigarh,Chandigarh,Returning,2024-02-10
2667,Aditya Khan,Male,49,Faridabad,Haryana,New,2025-12-29
2668,Neha Singh,Female,59,Lucknow,Uttar Pradesh,Returning,2024-06-28
2669,Zoya Gupta,Female,59,Gurugram,Haryana,Returning,2025-04-13
2670,Zoya Verma,Female,26,Bengaluru,Karnataka,New,2024-02-14
2671,Priya Verma,Female,60,Faridabad,Haryana,Returning,2025-11-13
2672,Kavya Khan,Female,51,Ghaziabad,Uttar Pradesh,New,2025-07-20
2673,Aisha Mehta,Female,26,Noida,Uttar Pradesh,Returning,2024-11-29
2674,Zoya Joshi,Female,36,Gurugram,Haryana,New,2024-02-15
2675,Arjun Sharma,Male,60,Noida,Uttar Pradesh,Returning,2025-04-17
2676,Zoya Mehta,Female,32,Lucknow,Uttar Pradesh,New,2024-01-11
2677,Kabir Khan,Male,40,Gurugram,Haryana,Returning,2025-04-20
2678,Arjun Joshi,Male,25,Noida,Uttar Pradesh,Returning,2024-09-05
2679,Aditya Joshi,Male,50,Gurugram,Haryana,Returning,2024-06-14
2680,Rohan Sharma,Male,26,Bengaluru,Karnataka,New,2024-05-07
2681,Meera Patel,Female,24,Gurugram,Haryana,Returning,2024-01-12
2682,Sara Singh,Female,48,Gurugram,Haryana,New,2024-08-09
2683,Aditya Sharma,Male,33,Pune,Maharashtra,New,2024-02-18
2684,Ishaan Malik,Male,44,Noida,Uttar Pradesh,Returning,2025-03-30
2685,Aarav Kapoor,Male,23,Delhi,Delhi,Returning,2024-07-25
2686,Kavya Gupta,Female,35,Jaipur,Rajasthan,New,2024-01-17
2687,Zoya Sharma,Female,41,Delhi,Delhi,Returning,2025-11-27
2688,Sara Khan,Female,26,Ghaziabad,Uttar Pradesh,Returning,2025-11-11
2689,Rohan Verma,Male,46,Delhi,Delhi,Returning,2024-11-30
2690,Ananya Malik,Female,59,Ghaziabad,Uttar Pradesh,New,2025-07-08
2691,Zoya Patel,Female,34,Noida,Uttar Pradesh,New,2024-12-31
2692,Ananya Verma,Female,45,Delhi,Delhi,Returning,2024-01-13
2693,Zoya Gupta,Female,34,Chandigarh,Chandigarh,New,2024-10-12
2694,Sara Kapoor,Female,22,Jaipur,Rajasthan,New,2024-08-11
2695,Zoya Singh,Female,51,Bengaluru,Karnataka,Premium,2024-04-14
2696,Aditya Malik,Male,30,Bengaluru,Karnataka,New,2024-04-07
2697,Vihaan Mehta,Male,28,Lucknow,Uttar Pradesh,New,2025-10-12
2698,Neha Mehta,Female,24,Chandigarh,Chandigarh,New,2025-09-15
2699,Kavya Kapoor,Female,44,Chandigarh,Chandigarh,Returning,2024-08-26
2700,Meera Kapoor,Female,34,Delhi,Delhi,New,2024-05-07
2701,Kabir Gupta,Male,35,Lucknow,Uttar Pradesh,Returning,2024-03-02
2702,Rohan Mehta,Male,38,Chandigarh,Chandigarh,New,2025-01-19
2703,Priya Sharma,Female,58,Ghaziabad,Uttar Pradesh,Premium,2025-03-30
2704,Aditya Mehta,Male,37,Gurugram,Haryana,New,2024-02-10
2705,Meera Patel,Female,21,Faridabad,Haryana,New,2024-12-05
2706,Ananya Gupta,Female,54,Ghaziabad,Uttar Pradesh,New,2025-11-11
2707,Priya Gupta,Female,44,Bengaluru,Karnataka,Returning,2024-07-06
2708,Arjun Sharma,Male,51,Noida,Uttar Pradesh,New,2024-07-16
2709,Aarav Verma,Male,28,Ghaziabad,Uttar Pradesh,New,2025-08-29
2710,Meera Gupta,Female,52,Ghaziabad,Uttar Pradesh,New,2025-04-23
2711,Kabir Verma,Male,35,Ghaziabad,Uttar Pradesh,New,2025-09-12
2712,Priya Singh,Female,56,Faridabad,Haryana,New,2025-10-12
2713,Priya Singh,Female,25,Chandigarh,Chandigarh,Premium,2025-01-03
2714,Zoya Patel,Female,50,Gurugram,Haryana,New,2025-06-01
2715,Vihaan Patel,Male,50,Gurugram,Haryana,New,2025-01-25
2716,Zoya Khan,Female,58,Faridabad,Haryana,Returning,2025-07-20
2717,Aditya Verma,Male,44,Faridabad,Haryana,Returning,2025-04-09
2718,Kabir Patel,Male,58,Pune,Maharashtra,Returning,2024-12-07
2719,Rohan Joshi,Male,29,Ghaziabad,Uttar Pradesh,Premium,2024-01-05
2720,Aarav Malik,Male,51,Jaipur,Rajasthan,New,2025-03-01
2721,Zoya Mehta,Female,51,Lucknow,Uttar Pradesh,New,2025-08-25
2722,Aisha Patel,Female,27,Delhi,Delhi,New,2025-08-02
2723,Rohan Gupta,Male,36,Lucknow,Uttar Pradesh,Returning,2024-12-22
2724,Meera Joshi,Female,23,Jaipur,Rajasthan,Returning,2025-03-10
2725,Aditya Gupta,Male,50,Ghaziabad,Uttar Pradesh,New,2025-01-05
2726,Sara Sharma,Female,36,Gurugram,Haryana,Returning,2025-11-28
2727,Rohan Singh,Male,58,Ghaziabad,Uttar Pradesh,Returning,2025-11-09
2728,Ishaan Verma,Male,27,Delhi,Delhi,Returning,2025-10-21
2729,Aditya Patel,Male,57,Lucknow,Uttar Pradesh,Premium,2024-03-23
2730,Meera Gupta,Female,30,Lucknow,Uttar Pradesh,Returning,2024-09-15
2731,Aditya Singh,Male,54,Pune,Maharashtra,Returning,2025-01-26
2732,Vihaan Singh,Male,25,Lucknow,Uttar Pradesh,New,2025-08-09
2733,Neha Mehta,Female,37,Gurugram,Haryana,Returning,2025-02-11
2734,Aditya Singh,Male,30,Delhi,Delhi,Returning,2024-01-02
2735,Aisha Khan,Female,53,Lucknow,Uttar Pradesh,New,2024-10-22
2736,Aditya Patel,Male,31,Gurugram,Haryana,New,2025-12-21
2737,Rohan Gupta,Male,31,Chandigarh,Chandigarh,Returning,2024-04-22
2738,Arjun Kapoor,Male,31,Ghaziabad,Uttar Pradesh,New,2024-07-06
2739,Neha Gupta,Female,46,Faridabad,Haryana,New,2025-10-01
2740,Aisha Verma,Female,38,Noida,Uttar Pradesh,New,2024-05-07
2741,Kabir Khan,Male,21,Jaipur,Rajasthan,Returning,2025-05-04
2742,Arjun Khan,Male,23,Delhi,Delhi,New,2024-01-08
2743,Sara Kapoor,Female,26,Delhi,Delhi,New,2024-01-08
2744,Zoya Kapoor,Female,37,Pune,Maharashtra,Premium,2025-04-29
2745,Neha Mehta,Female,47,Bengaluru,Karnataka,New,2025-11-29
2746,Kavya Mehta,Female,35,Jaipur,Rajasthan,Premium,2025-11-12
2747,Zoya Patel,Female,23,Bengaluru,Karnataka,Premium,2024-12-04
2748,Neha Khan,Female,49,Delhi,Delhi,Premium,2025-02-15
2749,Aditya Verma,Male,58,Delhi,Delhi,New,2025-06-27
2750,Kabir Gupta,Male,48,Jaipur,Rajasthan,Returning,2025-11-05
2751,Ishaan Joshi,Male,46,Pune,Maharashtra,Returning,2024-01-04
2752,Sara Mehta,Female,60,Delhi,Delhi,New,2024-02-16
2753,Neha Mehta,Female,34,Chandigarh,Chandigarh,Returning,2025-02-13
2754,Aditya Kapoor,Male,42,Noida,Uttar Pradesh,New,2025-05-02
2755,Sara Khan,Female,38,Lucknow,Uttar Pradesh,Returning,2025-12-30
2756,Rohan Malik,Male,52,Bengaluru,Karnataka,New,2025-05-24
2757,Neha Khan,Female,55,Faridabad,Haryana,Premium,2025-04-23
2758,Rohan Joshi,Male,50,Noida,Uttar Pradesh,Returning,2024-09-03
2759,Priya Gupta,Female,25,Gurugram,Haryana,New,2024-01-30
2760,Rohan Mehta,Male,37,Lucknow,Uttar Pradesh,New,2024-09-20
2761,Sara Joshi,Female,28,Noida,Uttar Pradesh,Premium,2025-10-10
2762,Aditya Joshi,Male,41,Noida,Uttar Pradesh,Premium,2025-08-12
2763,Neha Kapoor,Female,41,Noida,Uttar Pradesh,New,2025-01-25
2764,Sara Malik,Female,34,Lucknow,Uttar Pradesh,New,2024-04-28
2765,Kabir Khan,Male,25,Noida,Uttar Pradesh,New,2025-08-29
2766,Kavya Gupta,Female,56,Noida,Uttar Pradesh,New,2024-11-16
2767,Zoya Kapoor,Female,39,Delhi,Delhi,New,2025-07-02
2768,Priya Patel,Female,40,Lucknow,Uttar Pradesh,Returning,2025-11-26
2769,Kavya Verma,Female,58,Pune,Maharashtra,Returning,2024-04-19
2770,Zoya Sharma,Female,49,Pune,Maharashtra,New,2024-10-30
2771,Ishaan Gupta,Male,49,Chandigarh,Chandigarh,New,2024-10-17
2772,Rohan Sharma,Male,40,Bengaluru,Karnataka,New,2025-12-06
2773,Aisha Singh,Female,50,Bengaluru,Karnataka,Returning,2024-08-08
2774,Arjun Singh,Male,23,Lucknow,Uttar Pradesh,Premium,2024-12-07
2775,Rohan Gupta,Male,23,Ghaziabad,Uttar Pradesh,Premium,2024-07-02
2776,Ishaan Joshi,Male,39,Lucknow,Uttar Pradesh,Premium,2025-11-06
2777,Kavya Verma,Female,55,Delhi,Delhi,New,2025-03-08
2778,Sara Joshi,Female,45,Jaipur,Rajasthan,New,2025-06-24
2779,Aditya Singh,Male,32,Faridabad,Haryana,Returning,2025-07-15
2780,Zoya Khan,Female,40,Gurugram,Haryana,Returning,2025-08-17
2781,Ishaan Sharma,Male,49,Faridabad,Haryana,Returning,2025-08-14
2782,Rohan Joshi,Male,38,Chandigarh,Chandigarh,Premium,2024-08-02
2783,Priya Gupta,Female,43,Delhi,Delhi,Returning,2025-08-12
2784,Aisha Verma,Female,47,Lucknow,Uttar Pradesh,Returning,2024-06-21
2785,Kavya Sharma,Female,42,Noida,Uttar Pradesh,Premium,2024-07-02
2786,Aarav Khan,Male,41,Pune,Maharashtra,Returning,2024-06-01
2787,Sara Patel,Female,22,Ghaziabad,Uttar Pradesh,New,2025-02-10
2788,Arjun Singh,Male,31,Bengaluru,Karnataka,Returning,2025-01-19
2789,Neha Khan,Female,44,Chandigarh,Chandigarh,New,2025-10-30
2790,Arjun Mehta,Male,27,Delhi,Delhi,New,2024-05-04
2791,Arjun Malik,Male,21,Ghaziabad,Uttar Pradesh,Returning,2025-08-09
2792,Arjun Singh,Male,57,Noida,Uttar Pradesh,New,2025-05-10
2793,Sara Patel,Female,56,Faridabad,Haryana,New,2024-11-29
2794,Aisha Malik,Female,45,Gurugram,Haryana,Returning,2024-01-21
2795,Zoya Malik,Female,53,Pune,Maharashtra,Returning,2025-06-15
2796,Ishaan Kapoor,Male,27,Pune,Maharashtra,Returning,2024-07-31
2797,Sara Khan,Female,58,Gurugram,Haryana,Returning,2024-01-06
2798,Meera Joshi,Female,27,Jaipur,Rajasthan,New,2025-08-11
2799,Priya Verma,Female,55,Noida,Uttar Pradesh,New,2024-02-05
2800,Aisha Khan,Female,39,Pune,Maharashtra,New,2025-07-11
2801,Rohan Patel,Male,35,Delhi,Delhi,New,2025-06-15
2802,Kavya Singh,Female,48,Pune,Maharashtra,New,2025-05-17
2803,Aditya Mehta,Male,42,Pune,Maharashtra,Returning,2025-06-06
2804,Priya Khan,Female,35,Delhi,Delhi,New,2024-05-25
2805,Kabir Gupta,Male,58,Gurugram,Haryana,Returning,2025-08-28
2806,Ananya Singh,Female,59,Gurugram,Haryana,New,2025-07-17
2807,Kabir Singh,Male,30,Lucknow,Uttar Pradesh,New,2024-03-26
2808,Kabir Patel,Male,54,Gurugram,Haryana,New,2025-10-06
2809,Aditya Singh,Male,43,Ghaziabad,Uttar Pradesh,Returning,2025-10-25
2810,Ishaan Malik,Male,30,Bengaluru,Karnataka,New,2024-06-06
2811,Ananya Patel,Female,21,Lucknow,Uttar Pradesh,Premium,2024-09-10
2812,Aisha Singh,Female,54,Noida,Uttar Pradesh,New,2025-07-15
2813,Zoya Khan,Female,60,Jaipur,Rajasthan,New,2024-12-07
2814,Neha Singh,Female,34,Gurugram,Haryana,New,2024-04-10
2815,Zoya Gupta,Female,26,Lucknow,Uttar Pradesh,Returning,2024-05-06
2816,Rohan Malik,Male,57,Faridabad,Haryana,Returning,2025-05-16
2817,Aisha Malik,Female,56,Jaipur,Rajasthan,Premium,2025-07-18
2818,Kabir Kapoor,Male,23,Noida,Uttar Pradesh,New,2025-02-02
2819,Rohan Mehta,Male,55,Pune,Maharashtra,Returning,2025-02-16
2820,Arjun Kapoor,Male,36,Gurugram,Haryana,New,2025-06-09
2821,Aditya Verma,Male,29,Gurugram,Haryana,New,2024-09-30
2822,Aarav Mehta,Male,58,Ghaziabad,Uttar Pradesh,New,2025-04-13
2823,Rohan Joshi,Male,49,Jaipur,Rajasthan,Returning,2024-10-09
2824,Zoya Malik,Female,39,Ghaziabad,Uttar Pradesh,Returning,2024-03-30
2825,Kabir Patel,Male,25,Jaipur,Rajasthan,Returning,2024-03-19
2826,Aditya Gupta,Male,30,Noida,Uttar Pradesh,Returning,2024-03-27
2827,Aditya Singh,Male,51,Pune,Maharashtra,Returning,2024-01-11
2828,Zoya Malik,Female,50,Gurugram,Haryana,Returning,2025-12-02
2829,Sara Malik,Female,45,Noida,Uttar Pradesh,New,2024-07-13
2830,Kavya Sharma,Female,54,Lucknow,Uttar Pradesh,Returning,2024-09-07
2831,Aditya Malik,Male,22,Bengaluru,Karnataka,Returning,2024-06-21
2832,Sara Malik,Female,31,Ghaziabad,Uttar Pradesh,New,2024-05-16
2833,Meera Mehta,Female,47,Delhi,Delhi,Returning,2024-06-23
2834,Ananya Khan,Female,35,Jaipur,Rajasthan,Returning,2024-04-30
2835,Kabir Singh,Male,38,Chandigarh,Chandigarh,New,2024-01-03
2836,Aditya Kapoor,Male,33,Lucknow,Uttar Pradesh,Premium,2025-10-20
2837,Meera Sharma,Female,59,Chandigarh,Chandigarh,Returning,2024-02-28
2838,Ananya Sharma,Female,49,Bengaluru,Karnataka,New,2024-12-28
2839,Aisha Sharma,Female,31,Jaipur,Rajasthan,New,2024-01-10
2840,Aisha Patel,Female,32,Chandigarh,Chandigarh,New,2025-06-10
2841,Kavya Verma,Female,27,Lucknow,Uttar Pradesh,Premium,2024-01-08
2842,Rohan Singh,Male,50,Ghaziabad,Uttar Pradesh,New,2024-11-02
2843,Ananya Patel,Female,54,Gurugram,Haryana,Returning,2024-04-21
2844,Arjun Joshi,Male,28,Gurugram,Haryana,New,2025-03-20
2845,Aarav Mehta,Male,27,Ghaziabad,Uttar Pradesh,New,2024-02-11
2846,Rohan Patel,Male,41,Lucknow,Uttar Pradesh,Premium,2024-06-13
2847,Sara Gupta,Female,37,Chandigarh,Chandigarh,New,2025-05-15
2848,Meera Joshi,Female,40,Gurugram,Haryana,Returning,2025-02-13
2849,Meera Patel,Female,27,Gurugram,Haryana,Premium,2024-01-22
2850,Rohan Verma,Male,52,Jaipur,Rajasthan,New,2025-12-01
2851,Priya Sharma,Female,47,Jaipur,Rajasthan,Premium,2024-01-09
2852,Zoya Joshi,Female,38,Faridabad,Haryana,Returning,2025-03-15
2853,Priya Kapoor,Female,52,Gurugram,Haryana,New,2024-10-14
2854,Neha Khan,Female,35,Faridabad,Haryana,Returning,2025-03-15
2855,Priya Joshi,Female,52,Noida,Uttar Pradesh,Returning,2024-07-12
2856,Ishaan Kapoor,Male,34,Gurugram,Haryana,New,2025-02-14
2857,Aarav Singh,Male,29,Ghaziabad,Uttar Pradesh,New,2025-09-23
2858,Priya Khan,Female,44,Delhi,Delhi,New,2024-11-09
2859,Aditya Gupta,Male,41,Ghaziabad,Uttar Pradesh,New,2024-03-03
2860,Meera Patel,Female,39,Delhi,Delhi,New,2025-01-07
2861,Kabir Mehta,Male,35,Lucknow,Uttar Pradesh,New,2024-02-18
2862,Rohan Sharma,Male,23,Delhi,Delhi,Returning,2024-11-25
2863,Priya Singh,Female,37,Chandigarh,Chandigarh,Premium,2024-04-13
2864,Zoya Verma,Female,51,Faridabad,Haryana,New,2024-11-07
2865,Aisha Khan,Female,55,Delhi,Delhi,Returning,2024-05-13
2866,Ananya Mehta,Female,57,Jaipur,Rajasthan,Returning,2025-01-15
2867,Priya Singh,Female,57,Ghaziabad,Uttar Pradesh,New,2024-04-18
2868,Rohan Kapoor,Male,22,Noida,Uttar Pradesh,Returning,2025-11-01
2869,Ishaan Gupta,Male,48,Ghaziabad,Uttar Pradesh,Premium,2024-03-17
2870,Meera Kapoor,Female,39,Jaipur,Rajasthan,Returning,2024-07-25
2871,Meera Verma,Female,28,Delhi,Delhi,New,2025-07-17
2872,Aditya Singh,Male,42,Pune,Maharashtra,Premium,2025-04-04
2873,Sara Khan,Female,24,Lucknow,Uttar Pradesh,Returning,2025-06-20
2874,Kavya Malik,Female,30,Delhi,Delhi,Returning,2025-12-14
2875,Rohan Singh,Male,56,Delhi,Delhi,New,2025-12-11
2876,Priya Patel,Female,54,Chandigarh,Chandigarh,Premium,2024-03-17
2877,Rohan Joshi,Male,44,Pune,Maharashtra,Returning,2025-02-03
2878,Zoya Kapoor,Female,33,Faridabad,Haryana,New,2024-06-12
2879,Vihaan Gupta,Male,20,Bengaluru,Karnataka,Premium,2025-06-09
2880,Arjun Malik,Male,36,Pune,Maharashtra,New,2024-08-13
2881,Kabir Singh,Male,27,Pune,Maharashtra,New,2024-02-16
2882,Meera Gupta,Female,22,Faridabad,Haryana,Returning,2024-10-11
2883,Kavya Verma,Female,23,Faridabad,Haryana,Returning,2024-09-11
2884,Ishaan Gupta,Male,27,Pune,Maharashtra,New,2024-12-21
2885,Sara Kapoor,Female,40,Jaipur,Rajasthan,New,2025-12-23
2886,Kavya Malik,Female,28,Faridabad,Haryana,New,2025-09-18
2887,Kabir Mehta,Male,60,Delhi,Delhi,Returning,2024-12-30
2888,Priya Singh,Female,36,Gurugram,Haryana,Premium,2025-07-04
2889,Sara Kapoor,Female,44,Noida,Uttar Pradesh,Premium,2024-09-20
2890,Ishaan Kapoor,Male,33,Pune,Maharashtra,Returning,2024-08-13
2891,Ananya Singh,Female,57,Ghaziabad,Uttar Pradesh,Returning,2025-02-08
2892,Rohan Joshi,Male,47,Ghaziabad,Uttar Pradesh,New,2025-05-05
2893,Aisha Joshi,Female,49,Gurugram,Haryana,New,2024-06-29
2894,Priya Kapoor,Female,31,Chandigarh,Chandigarh,Returning,2024-01-22
2895,Kabir Verma,Male,45,Gurugram,Haryana,Returning,2024-07-11
2896,Aisha Verma,Female,47,Noida,Uttar Pradesh,New,2025-10-22
2897,Zoya Khan,Female,28,Pune,Maharashtra,Returning,2024-01-13
2898,Vihaan Khan,Male,44,Lucknow,Uttar Pradesh,New,2024-01-14
2899,Neha Sharma,Female,35,Gurugram,Haryana,Returning,2024-10-01
2900,Rohan Kapoor,Male,20,Delhi,Delhi,Premium,2024-04-18
2901,Meera Mehta,Female,32,Noida,Uttar Pradesh,New,2025-07-30
2902,Kavya Joshi,Female,39,Gurugram,Haryana,New,2024-06-07
2903,Priya Sharma,Female,37,Pune,Maharashtra,Returning,2024-05-06
2904,Aarav Sharma,Male,54,Noida,Uttar Pradesh,New,2025-06-07
2905,Kavya Patel,Female,20,Gurugram,Haryana,Premium,2024-01-25
2906,Priya Patel,Female,29,Lucknow,Uttar Pradesh,New,2024-10-20
2907,Priya Patel,Female,51,Noida,Uttar Pradesh,New,2024-04-22
2908,Priya Khan,Female,42,Faridabad,Haryana,New,2024-12-07
2909,Aisha Mehta,Female,22,Noida,Uttar Pradesh,Returning,2024-07-01
2910,Zoya Malik,Female,58,Jaipur,Rajasthan,New,2025-03-11
2911,Rohan Singh,Male,38,Bengaluru,Karnataka,New,2024-04-16
2912,Kabir Joshi,Male,36,Jaipur,Rajasthan,Returning,2025-12-29
2913,Neha Khan,Female,29,Delhi,Delhi,Returning,2024-05-30
2914,Ananya Verma,Female,48,Lucknow,Uttar Pradesh,Returning,2025-05-04
2915,Ishaan Khan,Male,56,Noida,Uttar Pradesh,New,2024-10-12
2916,Rohan Khan,Male,28,Jaipur,Rajasthan,New,2025-01-29
2917,Ananya Mehta,Female,47,Chandigarh,Chandigarh,Returning,2025-02-27
2918,Vihaan Mehta,Male,35,Gurugram,Haryana,New,2025-07-16
2919,Arjun Malik,Male,51,Pune,Maharashtra,Returning,2024-08-23
2920,Zoya Khan,Female,46,Bengaluru,Karnataka,Returning,2025-12-11
2921,Neha Gupta,Female,35,Noida,Uttar Pradesh,New,2024-07-27
2922,Ishaan Sharma,Male,55,Jaipur,Rajasthan,Returning,2024-05-16
2923,Kavya Khan,Female,42,Delhi,Delhi,New,2024-05-22
2924,Kabir Joshi,Male,55,Gurugram,Haryana,Premium,2025-03-07
2925,Priya Gupta,Female,23,Ghaziabad,Uttar Pradesh,Returning,2024-04-30
2926,Aditya Verma,Male,21,Lucknow,Uttar Pradesh,Returning,2025-03-10
2927,Ananya Sharma,Female,57,Noida,Uttar Pradesh,New,2025-08-31
2928,Ishaan Verma,Male,29,Delhi,Delhi,New,2024-03-21
2929,Priya Khan,Female,56,Delhi,Delhi,Returning,2025-03-02
2930,Rohan Verma,Male,28,Chandigarh,Chandigarh,Returning,2025-12-16
2931,Kabir Joshi,Male,41,Lucknow,Uttar Pradesh,New,2025-10-22
2932,Aditya Sharma,Male,27,Faridabad,Haryana,New,2025-10-19
2933,Aarav Kapoor,Male,52,Gurugram,Haryana,New,2025-02-09
2934,Ishaan Patel,Male,55,Chandigarh,Chandigarh,Returning,2024-09-21
2935,Kavya Kapoor,Female,39,Pune,Maharashtra,Returning,2025-03-09
2936,Kavya Verma,Female,25,Faridabad,Haryana,Returning,2024-05-08
2937,Aditya Gupta,Male,59,Lucknow,Uttar Pradesh,New,2025-02-05
2938,Rohan Malik,Male,24,Bengaluru,Karnataka,Returning,2025-04-24
2939,Arjun Mehta,Male,44,Lucknow,Uttar Pradesh,New,2025-01-15
2940,Sara Patel,Female,37,Ghaziabad,Uttar Pradesh,New,2024-03-20
2941,Ananya Kapoor,Female,21,Jaipur,Rajasthan,New,2024-06-15
2942,Meera Khan,Female,33,Noida,Uttar Pradesh,Returning,2024-11-12
2943,Priya Malik,Female,60,Ghaziabad,Uttar Pradesh,Premium,2024-09-03
2944,Kabir Khan,Male,56,Bengaluru,Karnataka,New,2025-05-10
2945,Aarav Sharma,Male,25,Jaipur,Rajasthan,Premium,2024-01-09
2946,Ananya Singh,Female,52,Lucknow,Uttar Pradesh,New,2025-02-04
2947,Aditya Mehta,Male,26,Gurugram,Haryana,New,2025-05-30
2948,Aisha Malik,Female,21,Gurugram,Haryana,Returning,2025-01-26
2949,Arjun Kapoor,Male,38,Delhi,Delhi,New,2025-11-29
2950,Arjun Khan,Male,34,Noida,Uttar Pradesh,Premium,2025-11-28
2951,Sara Verma,Female,52,Gurugram,Haryana,Returning,2025-09-15
2952,Sara Malik,Female,48,Jaipur,Rajasthan,Returning,2024-12-13
2953,Kabir Mehta,Male,47,Bengaluru,Karnataka,New,2025-12-30
2954,Neha Patel,Female,33,Ghaziabad,Uttar Pradesh,Premium,2025-09-13
2955,Aisha Verma,Female,60,Bengaluru,Karnataka,Premium,2024-04-09
2956,Neha Sharma,Female,39,Gurugram,Haryana,Returning,2024-03-30
2957,Arjun Khan,Male,40,Chandigarh,Chandigarh,New,2024-10-29
2958,Rohan Khan,Male,56,Faridabad,Haryana,New,2024-04-01
2959,Aisha Verma,Female,36,Chandigarh,Chandigarh,Premium,2024-09-19
2960,Neha Joshi,Female,27,Gurugram,Haryana,Premium,2025-05-14
2961,Aarav Mehta,Male,45,Faridabad,Haryana,New,2025-09-26
2962,Kavya Verma,Female,43,Chandigarh,Chandigarh,Returning,2025-10-01
2963,Ananya Mehta,Female,46,Noida,Uttar Pradesh,Returning,2024-09-26
2964,Kavya Sharma,Female,23,Bengaluru,Karnataka,Returning,2024-09-07
2965,Aditya Malik,Male,29,Delhi,Delhi,Premium,2024-10-24
2966,Zoya Verma,Female,45,Bengaluru,Karnataka,Premium,2024-08-16
2967,Zoya Joshi,Female,42,Noida,Uttar Pradesh,Returning,2025-10-19
2968,Meera Joshi,Female,25,Noida,Uttar Pradesh,New,2024-04-20
2969,Kavya Patel,Female,32,Lucknow,Uttar Pradesh,New,2024-03-07
2970,Ananya Mehta,Female,51,Bengaluru,Karnataka,New,2025-05-02
2971,Aisha Singh,Female,22,Chandigarh,Chandigarh,Returning,2025-04-26
2972,Rohan Gupta,Male,56,Jaipur,Rajasthan,New,2025-09-07
2973,Neha Patel,Female,43,Delhi,Delhi,Returning,2025-04-29
2974,Priya Sharma,Female,21,Ghaziabad,Uttar Pradesh,Premium,2025-12-01
2975,Zoya Singh,Female,60,Faridabad,Haryana,New,2024-05-25
2976,Aisha Singh,Female,25,Lucknow,Uttar Pradesh,New,2025-12-30
2977,Arjun Patel,Male,33,Pune,Maharashtra,Returning,2024-09-22
2978,Rohan Sharma,Male,47,Noida,Uttar Pradesh,New,2024-10-31
2979,Rohan Gupta,Male,46,Jaipur,Rajasthan,Returning,2025-07-02
2980,Aditya Verma,Male,42,Lucknow,Uttar Pradesh,Premium,2025-08-07
2981,Zoya Sharma,Female,58,Pune,Maharashtra,New,2025-11-14
2982,Vihaan Kapoor,Male,40,Gurugram,Haryana,Returning,2024-11-20
2983,Aarav Verma,Male,29,Chandigarh,Chandigarh,Returning,2024-11-20
2984,Aisha Patel,Female,53,Faridabad,Haryana,Returning,2025-04-06
2985,Ishaan Verma,Male,60,Chandigarh,Chandigarh,Premium,2024-04-09
2986,Aarav Gupta,Male,46,Ghaziabad,Uttar Pradesh,Returning,2024-06-19
2987,Vihaan Patel,Male,42,Ghaziabad,Uttar Pradesh,New,2024-07-14
2988,Sara Kapoor,Female,43,Delhi,Delhi,Returning,2024-01-17
2989,Kabir Singh,Male,27,Pune,Maharashtra,Returning,2025-10-26
2990,Arjun Patel,Male,42,Lucknow,Uttar Pradesh,New,2025-07-09
2991,Zoya Malik,Female,27,Jaipur,Rajasthan,Premium,2025-04-14
2992,Zoya Mehta,Female,55,Gurugram,Haryana,Returning,2025-07-09
2993,Zoya Patel,Female,47,Faridabad,Haryana,Returning,2025-12-19
2994,Vihaan Khan,Male,26,Noida,Uttar Pradesh,New,2024-01-17
2995,Vihaan Patel,Male,51,Noida,Uttar Pradesh,Returning,2025-09-30
2996,Kavya Malik,Female,60,Noida,Uttar Pradesh,New,2025-08-18
2997,Neha Sharma,Female,46,Faridabad,Haryana,New,2025-04-10
2998,Meera Patel,Female,32,Noida,Uttar Pradesh,Premium,2024-05-07
2999,Ananya Joshi,Female,45,Lucknow,Uttar Pradesh,New,2025-01-18
3000,Neha Gupta,Female,38,Pune,Maharashtra,New,2025-11-05
