Return_ID,Order_ID,Return_Date,Return_Reason,Refund_Amount
1,ORD100001,2025-10-23,Wrong Item,4648.49
2,ORD100011,2025-10-19,Size Issue,18825.24
3,ORD100021,2024-01-19,Customer Changed Mind,76298.62
4,ORD100031,2024-01-29,Late Delivery,42923.18
5,ORD100041,2024-08-13,Damaged,11733.97
6,ORD100051,2025-04-21,Wrong Item,8260.23
7,ORD100061,2024-11-18,Size Issue,9412.62
8,ORD100071,2024-05-05,Customer Changed Mind,14718.82
9,ORD100081,2025-05-08,Late Delivery,76041.92
10,ORD100091,2024-06-12,Damaged,13966.33
11,ORD100101,2025-11-05,Wrong Item,14962.95
12,ORD100111,2025-05-17,Size Issue,21895.16
13,ORD100121,2024-05-09,Customer Changed Mind,42786.65
14,ORD100131,2024-08-07,Late Delivery,23462.46
15,ORD100141,2024-02-18,Damaged,59039.91
16,ORD100151,2024-06-13,Wrong Item,26147.93
17,ORD100161,2025-11-08,Size Issue,9892.03
18,ORD100171,2024-03-23,Customer Changed Mind,26463.65
19,ORD100181,2025-05-15,Late Delivery,33166.89
20,ORD100191,2025-01-13,Damaged,3358.91
21,ORD100201,2025-05-12,Wrong Item,49406.2
22,ORD100211,2024-02-29,Size Issue,44724.38
23,ORD100221,2024-12-26,Customer Changed Mind,15540.93
24,ORD100231,2024-12-20,Late Delivery,9573.01
25,ORD100241,2025-06-04,Damaged,18206.86
26,ORD100251,2024-08-26,Wrong Item,2745.56
27,ORD100261,2024-08-22,Size Issue,56524.47
28,ORD100271,2025-01-11,Customer Changed Mind,97282.8
29,ORD100281,2025-12-16,Late Delivery,30921.67
30,ORD100291,2025-06-21,Damaged,52816.75
31,ORD100301,2025-08-31,Wrong Item,19585.48
32,ORD100311,2024-06-03,Size Issue,11538.59
33,ORD100321,2025-08-05,Customer Changed Mind,35023.7
34,ORD100331,2025-10-03,Late Delivery,43339.27
35,ORD100341,2025-04-04,Damaged,7302.35
36,ORD100351,2025-06-07,Wrong Item,53054.26
37,ORD100361,2025-03-08,Size Issue,50983.42
38,ORD100371,2025-02-02,Customer Changed Mind,18036.56
39,ORD100381,2025-06-24,Late Delivery,12092.22
40,ORD100391,2024-01-23,Damaged,15641.64
41,ORD100401,2024-03-08,Wrong Item,10696.67
42,ORD100411,2024-07-01,Size Issue,58438.76
43,ORD100421,2024-09-16,Customer Changed Mind,20128.74
44,ORD100431,2025-09-30,Late Delivery,5024.4
45,ORD100441,2025-01-10,Damaged,112596.45
46,ORD100451,2025-08-03,Wrong Item,9110.2
47,ORD100461,2025-02-03,Size Issue,4045.56
48,ORD100471,2024-10-03,Customer Changed Mind,12980.68
49,ORD100481,2025-08-25,Late Delivery,20070.85
50,ORD100491,2024-08-26,Damaged,15953.48
51,ORD100501,2024-09-09,Wrong Item,51142.28
52,ORD100511,2024-03-04,Size Issue,45461.02
53,ORD100521,2025-06-05,Customer Changed Mind,34114.1
54,ORD100531,2025-09-05,Late Delivery,9891.59
55,ORD100541,2024-05-30,Damaged,15783.1
56,ORD100551,2025-07-18,Wrong Item,30696.98
57,ORD100561,2024-12-04,Size Issue,1353.51
58,ORD100571,2025-12-17,Customer Changed Mind,52532.71
59,ORD100581,2025-02-13,Late Delivery,41302.35
60,ORD100591,2024-11-09,Damaged,12439.95
61,ORD100601,2025-02-23,Wrong Item,28316.69
62,ORD100611,2024-05-13,Size Issue,29178.5
63,ORD100621,2024-03-13,Customer Changed Mind,26041.74
64,ORD100631,2024-03-02,Late Delivery,19431.6
65,ORD100641,2025-06-06,Damaged,13657.92
66,ORD100651,2025-10-01,Wrong Item,32957.49
67,ORD100661,2024-05-03,Size Issue,41995.27
68,ORD100671,2024-09-10,Customer Changed Mind,55744.71
69,ORD100681,2024-07-26,Late Delivery,10201.38
70,ORD100691,2025-10-21,Damaged,12391.44
71,ORD100701,2025-09-16,Wrong Item,2260.98
72,ORD100711,2024-09-10,Size Issue,13008.67
73,ORD100721,2024-05-08,Customer Changed Mind,14088.26
74,ORD100731,2024-04-17,Late Delivery,81468.63
75,ORD100741,2025-02-25,Damaged,7038.74
76,ORD100751,2025-02-26,Wrong Item,27334.06
77,ORD100761,2024-06-02,Size Issue,6995.38
78,ORD100771,2025-11-08,Customer Changed Mind,11511.19
79,ORD100781,2024-02-15,Late Delivery,67612.46
80,ORD100791,2025-08-18,Damaged,60545.87
81,ORD100801,2025-05-15,Wrong Item,53009.96
82,ORD100811,2024-09-05,Size Issue,22492.53
83,ORD100821,2024-12-18,Customer Changed Mind,13125.36
84,ORD100831,2024-10-12,Late Delivery,60727.54
85,ORD100841,2024-03-18,Damaged,20737.57
86,ORD100851,2024-11-22,Wrong Item,27698.5
87,ORD100861,2025-08-10,Size Issue,25276.91
88,ORD100871,2025-09-19,Customer Changed Mind,18262.68
89,ORD100881,2024-12-04,Late Delivery,16774.83
90,ORD100891,2024-05-10,Damaged,71575.2
91,ORD100901,2024-02-01,Wrong Item,12292.13
92,ORD100911,2026-01-03,Size Issue,3172.3
93,ORD100921,2024-05-25,Customer Changed Mind,32808.63
94,ORD100931,2025-12-12,Late Delivery,46711.16
95,ORD100941,2024-05-13,Damaged,3691.85
96,ORD100951,2025-08-21,Wrong Item,50082.99
97,ORD100961,2025-04-28,Size Issue,18675.91
98,ORD100971,2024-07-17,Customer Changed Mind,3481.33
99,ORD100981,2024-07-31,Late Delivery,65461.18
100,ORD100991,2024-09-01,Damaged,34460.33
101,ORD101001,2024-03-19,Wrong Item,56485.14
102,ORD101011,2025-02-04,Size Issue,34631.68
103,ORD101021,2024-12-24,Customer Changed Mind,11975.02
104,ORD101031,2025-10-21,Late Delivery,12381.25
105,ORD101041,2024-07-23,Damaged,10261.57
106,ORD101051,2024-09-20,Wrong Item,12793.3
107,ORD101061,2024-11-18,Size Issue,38737.68
108,ORD101071,2024-03-12,Customer Changed Mind,43162.37
109,ORD101081,2024-03-02,Late Delivery,12323.15
110,ORD101091,2025-01-09,Damaged,4986.31
111,ORD101101,2025-11-01,Wrong Item,3474.68
112,ORD101111,2025-01-03,Size Issue,31502.06
113,ORD101121,2025-09-06,Customer Changed Mind,36588.21
114,ORD101131,2025-08-17,Late Delivery,42883.86
115,ORD101141,2025-03-07,Damaged,25626.35
116,ORD101151,2024-05-09,Wrong Item,46314.6
117,ORD101161,2025-12-15,Size Issue,24686.38
118,ORD101171,2024-01-22,Customer Changed Mind,20121.55
119,ORD101181,2025-02-21,Late Delivery,4641.62
120,ORD101191,2025-04-12,Damaged,10687.93
121,ORD101201,2024-01-28,Wrong Item,25386.21
122,ORD101211,2024-07-30,Size Issue,56296.69
123,ORD101221,2024-06-19,Customer Changed Mind,16851.24
124,ORD101231,2024-06-04,Late Delivery,52277.04
125,ORD101241,2025-06-19,Damaged,47878.33
126,ORD101251,2024-06-05,Wrong Item,42302.82
127,ORD101261,2025-01-11,Size Issue,46622.79
128,ORD101271,2025-01-24,Customer Changed Mind,25385.52
129,ORD101281,2025-01-19,Late Delivery,19098.11
130,ORD101291,2024-07-15,Damaged,14731.52
131,ORD101301,2024-04-22,Wrong Item,34781.01
132,ORD101311,2025-09-19,Size Issue,14962.61
133,ORD101321,2024-04-18,Customer Changed Mind,31114.93
134,ORD101331,2024-12-25,Late Delivery,3424.5
135,ORD101341,2025-11-20,Damaged,13931.15
136,ORD101351,2025-06-26,Wrong Item,10371.65
137,ORD101361,2025-08-02,Size Issue,6837.36
138,ORD101371,2025-01-26,Customer Changed Mind,14387.46
139,ORD101381,2025-07-07,Late Delivery,7434.21
140,ORD101391,2024-01-28,Damaged,12100.67
141,ORD101401,2025-04-11,Wrong Item,2671.98
142,ORD101411,2025-02-01,Size Issue,10498.82
143,ORD101421,2024-03-03,Customer Changed Mind,6782.26
144,ORD101431,2024-07-04,Late Delivery,94589.84
145,ORD101441,2024-07-09,Damaged,29334.59
146,ORD101451,2024-07-31,Wrong Item,4899.62
147,ORD101461,2024-12-06,Size Issue,75426.1
148,ORD101471,2024-11-20,Customer Changed Mind,22479.04
149,ORD101481,2025-10-23,Late Delivery,3850.6
150,ORD101491,2024-09-19,Damaged,17599.55
151,ORD101501,2025-11-20,Wrong Item,17753.81
152,ORD101511,2025-10-18,Size Issue,37563.86
153,ORD101521,2024-07-20,Customer Changed Mind,13957.58
154,ORD101531,2025-07-06,Late Delivery,12592.58
155,ORD101541,2025-05-18,Damaged,15040.52
156,ORD101551,2025-09-26,Wrong Item,33365.37
157,ORD101561,2024-10-31,Size Issue,12417.52
158,ORD101571,2024-07-09,Customer Changed Mind,17390.2
159,ORD101581,2025-05-22,Late Delivery,39065.8
160,ORD101591,2024-02-17,Damaged,27176.93
161,ORD101601,2025-03-18,Wrong Item,31648.06
162,ORD101611,2024-09-29,Size Issue,5707.5
163,ORD101621,2025-09-22,Customer Changed Mind,100807.11
164,ORD101631,2025-05-21,Late Delivery,16008.05
165,ORD101641,2024-01-16,Damaged,10352.3
166,ORD101651,2024-02-18,Wrong Item,6021.89
167,ORD101661,2025-03-29,Size Issue,66152.3
168,ORD101671,2024-09-18,Customer Changed Mind,71041.1
169,ORD101681,2025-02-14,Late Delivery,11401.54
170,ORD101691,2025-11-09,Damaged,1375.63
171,ORD101701,2025-12-18,Wrong Item,62875.62
172,ORD101711,2024-05-31,Size Issue,6547.34
173,ORD101721,2025-03-17,Customer Changed Mind,38915.22
174,ORD101731,2025-10-09,Late Delivery,26411.65
175,ORD101741,2025-01-24,Damaged,58438.76
176,ORD101751,2025-12-08,Wrong Item,6425.3
177,ORD101761,2025-12-21,Size Issue,3086.28
178,ORD101771,2025-02-01,Customer Changed Mind,28823.92
179,ORD101781,2024-04-12,Late Delivery,12472.17
180,ORD101791,2024-06-20,Damaged,17429.88
181,ORD101801,2025-05-21,Wrong Item,34781.01
182,ORD101811,2024-11-30,Size Issue,36421.27
183,ORD101821,2025-01-19,Customer Changed Mind,8462.07
184,ORD101831,2025-04-16,Late Delivery,57620.25
185,ORD101841,2025-09-21,Damaged,59549.09
186,ORD101851,2024-03-26,Wrong Item,11159.12
187,ORD101861,2025-01-28,Size Issue,33891.08
188,ORD101871,2024-10-11,Customer Changed Mind,10660.4
189,ORD101881,2025-08-09,Late Delivery,18299.23
190,ORD101891,2025-07-20,Damaged,56885.49
191,ORD101901,2025-11-12,Wrong Item,5799.22
192,ORD101911,2025-10-13,Size Issue,6102.69
193,ORD101921,2025-07-20,Customer Changed Mind,20194
194,ORD101931,2025-09-29,Late Delivery,26340.27
195,ORD101941,2024-10-20,Damaged,5892.61
196,ORD101951,2025-07-08,Wrong Item,37867.14
197,ORD101961,2024-02-27,Size Issue,19246.8
198,ORD101971,2025-08-26,Customer Changed Mind,14666.26
199,ORD101981,2025-06-08,Late Delivery,42883.86
200,ORD101991,2025-06-11,Damaged,4033.56
201,ORD102001,2024-04-29,Wrong Item,51491.95
202,ORD102011,2025-01-31,Size Issue,6995.38
203,ORD102021,2024-08-21,Customer Changed Mind,16543.24
204,ORD102031,2024-03-23,Late Delivery,84323.2
205,ORD102041,2024-05-31,Damaged,44796.15
206,ORD102051,2025-11-30,Wrong Item,11773.22
207,ORD102061,2024-04-22,Size Issue,18883.93
208,ORD102071,2024-05-10,Customer Changed Mind,3432.92
209,ORD102081,2024-05-09,Late Delivery,73819.4
210,ORD102091,2024-03-31,Damaged,3313.5
211,ORD102101,2024-02-11,Wrong Item,13120.34
212,ORD102111,2025-02-16,Size Issue,89599.76
213,ORD102121,2024-02-22,Customer Changed Mind,19943.09
214,ORD102131,2026-01-01,Late Delivery,19014.47
215,ORD102141,2025-02-21,Damaged,28582.52
216,ORD102151,2025-04-07,Wrong Item,72827.46
217,ORD102161,2024-11-30,Size Issue,12343.19
218,ORD102171,2024-05-22,Customer Changed Mind,21528.51
219,ORD102181,2024-12-10,Late Delivery,76041.92
220,ORD102191,2025-05-18,Damaged,29164.26
221,ORD102201,2024-09-13,Wrong Item,36513.53
222,ORD102211,2024-11-14,Size Issue,64113.7
223,ORD102221,2025-11-15,Customer Changed Mind,4900.26
224,ORD102231,2024-03-17,Late Delivery,10897.55
225,ORD102241,2025-04-16,Damaged,42361.16
226,ORD102251,2025-01-31,Wrong Item,4448.75
227,ORD102261,2025-10-01,Size Issue,26584.55
228,ORD102271,2025-08-14,Customer Changed Mind,2386.59
229,ORD102281,2025-06-17,Late Delivery,27488.51
230,ORD102291,2025-09-23,Damaged,24288.71
231,ORD102301,2025-09-23,Wrong Item,31620.94
232,ORD102311,2025-08-24,Size Issue,12353.28
233,ORD102321,2025-02-02,Customer Changed Mind,14330.39
234,ORD102331,2025-04-01,Late Delivery,74280.36
235,ORD102341,2024-10-16,Damaged,53377.93
236,ORD102351,2025-03-23,Wrong Item,44216.2
237,ORD102361,2024-11-01,Size Issue,35884.67
238,ORD102371,2025-02-09,Customer Changed Mind,24584.26
239,ORD102381,2024-09-16,Late Delivery,40265.93
240,ORD102391,2024-06-02,Damaged,49006.75
241,ORD102401,2025-10-12,Wrong Item,96861.86
242,ORD102411,2025-03-01,Size Issue,26399.32
243,ORD102421,2025-10-07,Customer Changed Mind,13359.92
244,ORD102431,2025-09-16,Late Delivery,10867.73
245,ORD102441,2024-04-26,Damaged,13731.38
246,ORD102451,2024-03-25,Wrong Item,21602.92
247,ORD102461,2024-06-12,Size Issue,70953.95
248,ORD102471,2024-05-19,Customer Changed Mind,23244.27
249,ORD102481,2025-10-17,Late Delivery,60212.56
250,ORD102491,2024-06-01,Damaged,12574.04
251,ORD102501,2024-02-20,Wrong Item,45066.71
252,ORD102511,2025-02-07,Size Issue,16923.68
253,ORD102521,2024-01-30,Customer Changed Mind,16694.33
254,ORD102531,2024-02-25,Late Delivery,2579.31
255,ORD102541,2024-01-12,Damaged,120821.1
256,ORD102551,2025-09-02,Wrong Item,52156.7
257,ORD102561,2024-02-26,Size Issue,55270.25
258,ORD102571,2025-03-15,Customer Changed Mind,19456.56
259,ORD102581,2025-06-13,Late Delivery,5669.13
260,ORD102591,2025-08-03,Damaged,14801.85
261,ORD102601,2024-09-24,Wrong Item,57671.61
262,ORD102611,2024-09-06,Size Issue,19277.86
263,ORD102621,2024-03-27,Customer Changed Mind,27634.67
264,ORD102631,2024-09-25,Late Delivery,31393.26
265,ORD102641,2026-01-04,Damaged,9027.91
266,ORD102651,2025-04-28,Wrong Item,20025.98
267,ORD102661,2025-01-28,Size Issue,66893.65
268,ORD102671,2025-05-16,Customer Changed Mind,22749.17
269,ORD102681,2025-01-27,Late Delivery,17187.87
270,ORD102691,2024-06-22,Damaged,46104.41
271,ORD102701,2024-12-07,Wrong Item,6425.3
272,ORD102711,2025-09-22,Size Issue,17492.76
273,ORD102721,2024-09-27,Customer Changed Mind,26584.55
274,ORD102731,2025-08-30,Late Delivery,33076.15
275,ORD102741,2024-01-31,Damaged,39221.6
276,ORD102751,2025-08-12,Wrong Item,8938.77
277,ORD102761,2024-05-02,Size Issue,2951.55
278,ORD102771,2024-11-13,Customer Changed Mind,68920.67
279,ORD102781,2025-02-22,Late Delivery,66471.61
280,ORD102791,2024-10-17,Damaged,20383.94
281,ORD102801,2024-04-03,Wrong Item,11986.92
282,ORD102811,2024-04-02,Size Issue,99568.25
283,ORD102821,2024-06-07,Customer Changed Mind,28172.53
284,ORD102831,2025-09-27,Late Delivery,3432.92
285,ORD102841,2024-02-18,Damaged,3667.41
286,ORD102851,2024-04-21,Wrong Item,3691.85
287,ORD102861,2025-03-08,Size Issue,112160.66
288,ORD102871,2024-01-26,Customer Changed Mind,47438.64
289,ORD102881,2025-01-21,Late Delivery,17440.7
290,ORD102891,2025-03-10,Damaged,61599.06
291,ORD102901,2024-10-07,Wrong Item,49940.07
292,ORD102911,2024-01-25,Size Issue,43470.94
293,ORD102921,2025-06-16,Customer Changed Mind,32034.05
294,ORD102931,2025-12-11,Late Delivery,12458.14
295,ORD102941,2024-12-08,Damaged,39566.38
296,ORD102951,2024-03-27,Wrong Item,58487.24
297,ORD102961,2024-05-23,Size Issue,79851.06
298,ORD102971,2025-05-14,Customer Changed Mind,37932.58
299,ORD102981,2025-06-17,Late Delivery,71613
300,ORD102991,2024-12-04,Damaged,69236.65
301,ORD103001,2024-08-03,Wrong Item,81328.14
302,ORD103011,2024-07-01,Size Issue,54145.87
303,ORD103021,2025-11-29,Customer Changed Mind,2114.87
304,ORD103031,2024-03-06,Late Delivery,1067.68
305,ORD103041,2024-04-19,Damaged,13030.05
306,ORD103051,2024-05-13,Wrong Item,68976.65
307,ORD103061,2024-09-21,Size Issue,4530.12
308,ORD103071,2025-03-28,Customer Changed Mind,31106.35
309,ORD103081,2025-12-24,Late Delivery,13850.85
310,ORD103091,2024-01-23,Damaged,55451.2
311,ORD103101,2025-07-14,Wrong Item,18677.66
312,ORD103111,2025-09-18,Size Issue,7875.22
313,ORD103121,2025-02-28,Customer Changed Mind,25252.18
314,ORD103131,2024-12-07,Late Delivery,55186.27
315,ORD103141,2024-02-27,Damaged,10173.02
316,ORD103151,2025-12-19,Wrong Item,25638.09
317,ORD103161,2024-06-06,Size Issue,9503.06
318,ORD103171,2025-11-18,Customer Changed Mind,34445.62
319,ORD103181,2025-01-12,Late Delivery,31741.7
320,ORD103191,2025-08-10,Damaged,28416.44
321,ORD103201,2024-01-25,Wrong Item,16108.47
322,ORD103211,2025-04-22,Size Issue,68220.88
323,ORD103221,2024-11-06,Customer Changed Mind,13944.15
324,ORD103231,2025-05-03,Late Delivery,42773.65
325,ORD103241,2025-05-17,Damaged,1729.5
326,ORD103251,2024-07-24,Wrong Item,30363.77
327,ORD103261,2024-12-09,Size Issue,37589.14
328,ORD103271,2024-01-17,Customer Changed Mind,17571.96
329,ORD103281,2024-10-03,Late Delivery,13784.52
330,ORD103291,2025-07-14,Damaged,23815.62
331,ORD103301,2025-12-25,Wrong Item,6519.07
332,ORD103311,2024-01-09,Size Issue,6951.32
333,ORD103321,2025-04-02,Customer Changed Mind,32793.84
334,ORD103331,2024-11-13,Late Delivery,1599.54
335,ORD103341,2025-08-03,Damaged,37835.93
336,ORD103351,2024-01-30,Wrong Item,20267.36
337,ORD103361,2025-01-06,Size Issue,14566.18
338,ORD103371,2024-06-11,Customer Changed Mind,36035.95
339,ORD103381,2025-12-18,Late Delivery,9573.01
340,ORD103391,2025-10-18,Damaged,37855.6
341,ORD103401,2024-03-12,Wrong Item,10897.55
342,ORD103411,2025-10-31,Size Issue,60079.79
343,ORD103421,2024-05-30,Customer Changed Mind,13125.36
344,ORD103431,2024-06-20,Late Delivery,4303.61
345,ORD103441,2025-05-10,Damaged,42031.98
346,ORD103451,2024-12-18,Wrong Item,871.82
347,ORD103461,2025-11-16,Size Issue,16424.07
348,ORD103471,2025-05-11,Customer Changed Mind,5625.81
349,ORD103481,2025-07-15,Late Delivery,60838.92
350,ORD103491,2024-04-29,Damaged,13310.97
351,ORD103501,2024-07-12,Wrong Item,38174.34
352,ORD103511,2025-11-17,Size Issue,53128.65
353,ORD103521,2024-12-08,Customer Changed Mind,38028.06
354,ORD103531,2025-12-12,Late Delivery,6862.18
355,ORD103541,2024-04-24,Damaged,4185.47
356,ORD103551,2025-11-29,Wrong Item,9351.89
357,ORD103561,2025-06-12,Size Issue,58372.83
358,ORD103571,2025-05-16,Customer Changed Mind,32437.56
359,ORD103581,2024-09-22,Late Delivery,73585.15
360,ORD103591,2024-10-28,Damaged,7349.43
361,ORD103601,2025-04-10,Wrong Item,42688.27
362,ORD103611,2024-07-14,Size Issue,2829.16
363,ORD103621,2024-09-03,Customer Changed Mind,36440.34
364,ORD103631,2024-04-18,Late Delivery,12600.82
365,ORD103641,2024-05-11,Damaged,74969.72
366,ORD103651,2025-03-23,Wrong Item,11727.05
367,ORD103661,2025-01-24,Size Issue,4448.75
368,ORD103671,2025-10-26,Customer Changed Mind,64095.22
369,ORD103681,2024-10-20,Late Delivery,7935.43
370,ORD103691,2024-06-08,Damaged,6172.56
371,ORD103701,2024-09-23,Wrong Item,8015.95
372,ORD103711,2024-12-26,Size Issue,90967.77
373,ORD103721,2025-10-09,Customer Changed Mind,9726.48
374,ORD103731,2025-10-11,Late Delivery,38555.71
375,ORD103741,2024-09-08,Damaged,49872.49
376,ORD103751,2024-04-13,Wrong Item,27203.04
377,ORD103761,2025-03-12,Size Issue,15374.05
378,ORD103771,2024-06-19,Customer Changed Mind,9509
379,ORD103781,2025-12-01,Late Delivery,44724.38
380,ORD103791,2024-05-06,Damaged,3168.58
381,ORD103801,2025-06-15,Wrong Item,20194
382,ORD103811,2025-08-21,Size Issue,22147.34
383,ORD103821,2024-04-09,Customer Changed Mind,13205.83
384,ORD103831,2024-03-14,Late Delivery,9801.35
385,ORD103841,2024-08-08,Damaged,57353.78
386,ORD103851,2025-06-30,Wrong Item,21251.46
387,ORD103861,2025-05-29,Size Issue,11825.28
388,ORD103871,2025-05-27,Customer Changed Mind,29049.8
389,ORD103881,2024-09-29,Late Delivery,53641.95
390,ORD103891,2025-04-06,Damaged,11568.54
391,ORD103901,2024-08-29,Wrong Item,13800.19
392,ORD103911,2025-05-26,Size Issue,80645.69
393,ORD103921,2024-07-02,Customer Changed Mind,34562.61
394,ORD103931,2024-07-31,Late Delivery,40194.83
395,ORD103941,2024-11-09,Damaged,2608.28
396,ORD103951,2025-08-13,Wrong Item,20353.32
397,ORD103961,2025-07-16,Size Issue,44473.79
398,ORD103971,2024-05-25,Customer Changed Mind,19585.48
399,ORD103981,2024-03-19,Late Delivery,24703.1
400,ORD103991,2024-09-28,Damaged,15496.18
401,ORD104001,2024-07-04,Wrong Item,29850.2
402,ORD104011,2025-11-15,Size Issue,17989.42
403,ORD104021,2026-01-06,Customer Changed Mind,39952.06
404,ORD104031,2025-09-24,Late Delivery,14323.58
405,ORD104041,2025-11-25,Damaged,50709.35
406,ORD104051,2024-07-24,Wrong Item,93990.78
407,ORD104061,2025-05-04,Size Issue,46177.07
408,ORD104071,2025-02-02,Customer Changed Mind,12331.2
409,ORD104081,2025-02-10,Late Delivery,16255.69
410,ORD104091,2024-09-18,Damaged,56529.34
411,ORD104101,2024-07-30,Wrong Item,26078.42
412,ORD104111,2024-03-01,Size Issue,10687.93
413,ORD104121,2025-01-16,Customer Changed Mind,14787.88
414,ORD104131,2024-06-03,Late Delivery,32006.68
415,ORD104141,2024-10-09,Damaged,10020.1
416,ORD104151,2024-01-26,Wrong Item,10352.3
417,ORD104161,2024-08-16,Size Issue,10870.77
418,ORD104171,2025-12-22,Customer Changed Mind,25041.76
419,ORD104181,2024-10-15,Late Delivery,14733
420,ORD104191,2024-10-18,Damaged,12003.05
421,ORD104201,2025-09-24,Wrong Item,22210.73
422,ORD104211,2025-12-24,Size Issue,80283.42
423,ORD104221,2025-05-30,Customer Changed Mind,12179.62
424,ORD104231,2025-07-13,Late Delivery,81779.96
425,ORD104241,2024-02-20,Damaged,75374.24
426,ORD104251,2024-09-01,Wrong Item,8567.06
427,ORD104261,2024-09-24,Size Issue,2876.4
428,ORD104271,2024-07-19,Customer Changed Mind,53169.1
429,ORD104281,2025-01-11,Late Delivery,8195.57
430,ORD104291,2024-09-10,Damaged,17322.12
431,ORD104301,2025-03-05,Wrong Item,12399.02
432,ORD104311,2024-09-26,Size Issue,82878.38
433,ORD104321,2025-04-05,Customer Changed Mind,6361.92
434,ORD104331,2025-04-04,Late Delivery,9418.58
435,ORD104341,2024-07-27,Damaged,1132.53
436,ORD104351,2025-02-03,Wrong Item,17506.77
437,ORD104361,2025-11-08,Size Issue,16328.48
438,ORD104371,2024-11-13,Customer Changed Mind,9466.78
439,ORD104381,2024-03-16,Late Delivery,49916.11
440,ORD104391,2024-01-16,Damaged,14653.41
441,ORD104401,2024-04-11,Wrong Item,50109.48
442,ORD104411,2024-02-14,Size Issue,16496.45
443,ORD104421,2025-04-15,Customer Changed Mind,21485.33
444,ORD104431,2025-02-18,Late Delivery,35884.67
445,ORD104441,2024-07-06,Damaged,9820.61
446,ORD104451,2025-10-05,Wrong Item,13325.5
447,ORD104461,2024-03-18,Size Issue,57647.85
448,ORD104471,2025-05-12,Customer Changed Mind,67557.87
449,ORD104481,2025-10-09,Late Delivery,3912.42
450,ORD104491,2024-08-30,Damaged,17217.98
451,ORD104501,2024-08-06,Wrong Item,2518.51
452,ORD104511,2024-12-11,Size Issue,49635.35
453,ORD104521,2025-03-06,Customer Changed Mind,33412.32
454,ORD104531,2025-10-31,Late Delivery,8565.32
455,ORD104541,2024-08-16,Damaged,45784.71
456,ORD104551,2025-12-26,Wrong Item,3211.94
457,ORD104561,2025-09-05,Size Issue,27675.74
458,ORD104571,2024-12-16,Customer Changed Mind,33079
459,ORD104581,2025-02-28,Late Delivery,19682.26
460,ORD104591,2025-10-06,Damaged,35466.56
461,ORD104601,2025-10-10,Wrong Item,17322.12
462,ORD104611,2025-02-28,Size Issue,38356.71
463,ORD104621,2025-09-23,Customer Changed Mind,27068.09
464,ORD104631,2024-04-13,Late Delivery,14345.46
465,ORD104641,2025-04-16,Damaged,32783.4
466,ORD104651,2025-12-01,Wrong Item,7528.1
467,ORD104661,2025-10-26,Size Issue,25385.52
468,ORD104671,2024-05-21,Customer Changed Mind,77214.53
469,ORD104681,2024-09-04,Late Delivery,106966.63
470,ORD104691,2025-08-28,Damaged,58880.07
471,ORD104701,2025-02-11,Wrong Item,4757.19
472,ORD104711,2025-11-15,Size Issue,27675.74
473,ORD104721,2024-04-14,Customer Changed Mind,112955.75
474,ORD104731,2025-05-03,Late Delivery,42967.8
475,ORD104741,2025-01-08,Damaged,10625.73
476,ORD104751,2024-05-22,Wrong Item,22318.24
477,ORD104761,2025-12-08,Size Issue,87660.54
478,ORD104771,2025-09-18,Customer Changed Mind,29000.56
479,ORD104781,2025-07-23,Late Delivery,40889.98
480,ORD104791,2025-08-06,Damaged,10457.93
481,ORD104801,2025-08-02,Wrong Item,68228.2
482,ORD104811,2025-03-14,Size Issue,15464.16
483,ORD104821,2025-04-30,Customer Changed Mind,5953.63
484,ORD104831,2025-12-13,Late Delivery,36832.75
485,ORD104841,2024-09-11,Damaged,53535.39
486,ORD104851,2025-01-17,Wrong Item,66082.43
487,ORD104861,2025-12-28,Size Issue,32365.11
488,ORD104871,2024-11-13,Customer Changed Mind,68151.1
489,ORD104881,2024-05-19,Late Delivery,62547.38
490,ORD104891,2024-09-29,Damaged,16027.21
491,ORD104901,2024-05-11,Wrong Item,44739.92
492,ORD104911,2024-01-26,Size Issue,28386.99
493,ORD104921,2025-07-03,Customer Changed Mind,4794.84
494,ORD104931,2024-10-01,Late Delivery,33702.48
495,ORD104941,2025-04-08,Damaged,75189.15
496,ORD104951,2024-12-17,Wrong Item,24672.17
497,ORD104961,2024-09-07,Size Issue,30013.06
498,ORD104971,2024-05-12,Customer Changed Mind,1075.9
499,ORD104981,2024-08-31,Late Delivery,2932.16
500,ORD104991,2024-05-18,Damaged,2512.2
501,ORD105001,2024-10-20,Wrong Item,9734.6
502,ORD105011,2024-11-09,Size Issue,9283.24
503,ORD105021,2025-09-11,Customer Changed Mind,70090.89
504,ORD105031,2025-08-26,Late Delivery,104434.2
505,ORD105041,2024-08-28,Damaged,45395.41
506,ORD105051,2025-12-07,Wrong Item,11269.01
507,ORD105061,2024-02-10,Size Issue,52689.23
508,ORD105071,2024-12-31,Customer Changed Mind,15939.4
509,ORD105081,2025-03-20,Late Delivery,2283
510,ORD105091,2024-12-22,Damaged,19566.39
511,ORD105101,2024-10-09,Wrong Item,4971.02
512,ORD105111,2024-11-16,Size Issue,48881.18
513,ORD105121,2024-04-03,Customer Changed Mind,18083.49
514,ORD105131,2024-08-02,Late Delivery,33313.75
515,ORD105141,2025-06-14,Damaged,2363.68
516,ORD105151,2024-12-01,Wrong Item,91422.3
517,ORD105161,2024-02-19,Size Issue,36143.58
518,ORD105171,2025-09-04,Customer Changed Mind,7135.79
519,ORD105181,2025-06-30,Late Delivery,17761.36
520,ORD105191,2024-03-06,Damaged,3706.51
521,ORD105201,2025-01-28,Wrong Item,10788.23
522,ORD105211,2025-07-25,Size Issue,36190.07
523,ORD105221,2024-08-20,Customer Changed Mind,9274.93
524,ORD105231,2024-03-03,Late Delivery,47431.41
525,ORD105241,2025-04-27,Damaged,86123.06
526,ORD105251,2025-02-27,Wrong Item,17848.3
527,ORD105261,2024-01-14,Size Issue,10503.72
528,ORD105271,2024-03-04,Customer Changed Mind,43829.07
529,ORD105281,2025-02-18,Late Delivery,8447.94
530,ORD105291,2025-10-13,Damaged,26787.04
531,ORD105301,2025-11-11,Wrong Item,37238.94
532,ORD105311,2024-04-30,Size Issue,63176.9
533,ORD105321,2024-05-24,Customer Changed Mind,20277.88
534,ORD105331,2024-02-05,Late Delivery,45121.56
535,ORD105341,2025-03-28,Damaged,19753.86
536,ORD105351,2025-03-04,Wrong Item,23985.9
537,ORD105361,2025-01-16,Size Issue,63910.78
538,ORD105371,2025-08-16,Customer Changed Mind,18081.25
539,ORD105381,2025-12-07,Late Delivery,16647.12
540,ORD105391,2025-03-11,Damaged,10448.55
541,ORD105401,2024-03-11,Wrong Item,29736.83
542,ORD105411,2025-08-02,Size Issue,15577.21
543,ORD105421,2025-04-28,Customer Changed Mind,60545.87
544,ORD105431,2025-01-18,Late Delivery,29243.62
545,ORD105441,2024-02-12,Damaged,9718.2
546,ORD105451,2025-12-04,Wrong Item,3151.12
547,ORD105461,2024-09-13,Size Issue,32034.05
548,ORD105471,2024-10-22,Customer Changed Mind,49107.36
549,ORD105481,2024-12-09,Late Delivery,4888.59
550,ORD105491,2025-04-02,Damaged,36019.92
551,ORD105501,2024-06-16,Wrong Item,45248.93
552,ORD105511,2025-10-20,Size Issue,33271.92
553,ORD105521,2025-10-29,Customer Changed Mind,16362.93
554,ORD105531,2025-07-18,Late Delivery,34460.33
555,ORD105541,2024-10-27,Damaged,50071.5
556,ORD105551,2025-03-29,Wrong Item,57740.4
557,ORD105561,2025-12-20,Size Issue,80136.05
558,ORD105571,2025-05-12,Customer Changed Mind,16264.61
559,ORD105581,2025-02-17,Late Delivery,47717.93
560,ORD105591,2024-11-26,Damaged,10390.74
561,ORD105601,2024-04-30,Wrong Item,54250.47
562,ORD105611,2024-04-05,Size Issue,62360.84
563,ORD105621,2024-07-11,Customer Changed Mind,17860.88
564,ORD105631,2025-02-25,Late Delivery,22254
565,ORD105641,2025-02-21,Damaged,4900.26
566,ORD105651,2024-08-03,Wrong Item,24150.04
567,ORD105661,2024-05-23,Size Issue,8151.23
568,ORD105671,2025-05-15,Customer Changed Mind,15534.45
569,ORD105681,2025-07-21,Late Delivery,38840.5
570,ORD105691,2025-12-18,Damaged,11190.99
571,ORD105701,2025-03-07,Wrong Item,64417.68
572,ORD105711,2025-04-04,Size Issue,5130.72
573,ORD105721,2024-04-09,Customer Changed Mind,50303.88
574,ORD105731,2024-10-16,Late Delivery,38861.95
575,ORD105741,2025-01-25,Damaged,12845.88
576,ORD105751,2025-11-30,Wrong Item,71568.86
577,ORD105761,2025-11-16,Size Issue,72880.68
578,ORD105771,2025-04-19,Customer Changed Mind,26278.97
579,ORD105781,2024-05-10,Late Delivery,5465.16
580,ORD105791,2025-10-09,Damaged,15493.12
581,ORD105801,2025-12-05,Wrong Item,18387.12
582,ORD105811,2025-06-30,Size Issue,23872.63
583,ORD105821,2024-10-11,Customer Changed Mind,30451.7
584,ORD105831,2024-02-23,Late Delivery,28416.44
585,ORD105841,2024-08-05,Damaged,17252.18
586,ORD105851,2025-07-26,Wrong Item,53009.96
587,ORD105861,2024-03-31,Size Issue,95723.15
588,ORD105871,2024-07-03,Customer Changed Mind,7043.38
589,ORD105881,2024-06-28,Late Delivery,5316.86
590,ORD105891,2024-08-16,Damaged,86260.9
591,ORD105901,2025-05-19,Wrong Item,5338.43
592,ORD105911,2025-05-03,Size Issue,6015.6
593,ORD105921,2024-08-13,Customer Changed Mind,27620.22
594,ORD105931,2024-06-25,Late Delivery,23171.93
595,ORD105941,2024-08-04,Damaged,28645.2
596,ORD105951,2024-02-08,Wrong Item,37675.39
597,ORD105961,2024-10-25,Size Issue,40485.02
598,ORD105971,2025-03-28,Customer Changed Mind,4774.53
599,ORD105981,2024-04-27,Late Delivery,25867.17
600,ORD105991,2025-08-02,Damaged,22051.96
601,ORD106001,2024-06-05,Wrong Item,26017.34
602,ORD106011,2025-01-18,Size Issue,4674.73
603,ORD106021,2024-01-09,Customer Changed Mind,12351.55
604,ORD106031,2024-06-14,Late Delivery,23109.34
605,ORD106041,2024-04-02,Damaged,17378.24
606,ORD106051,2025-01-15,Wrong Item,1976.47
607,ORD106061,2025-01-13,Size Issue,65313.91
608,ORD106071,2025-11-02,Customer Changed Mind,82690.38
609,ORD106081,2025-07-04,Late Delivery,52094.04
610,ORD106091,2025-03-13,Damaged,40809.24
611,ORD106101,2024-09-14,Wrong Item,29674.78
612,ORD106111,2025-08-16,Size Issue,15166.12
613,ORD106121,2024-01-11,Customer Changed Mind,14193.26
614,ORD106131,2024-04-04,Late Delivery,28593.78
615,ORD106141,2024-12-02,Damaged,10947.85
616,ORD106151,2024-06-30,Wrong Item,13069.84
617,ORD106161,2025-05-26,Size Issue,17007.4
618,ORD106171,2024-07-21,Customer Changed Mind,31406.54
619,ORD106181,2025-09-09,Late Delivery,18698.9
620,ORD106191,2024-04-24,Damaged,24840.95
621,ORD106201,2024-08-04,Wrong Item,27095.46
622,ORD106211,2025-10-20,Size Issue,14254.55
623,ORD106221,2025-06-19,Customer Changed Mind,14530.07
624,ORD106231,2024-10-20,Late Delivery,16028.42
625,ORD106241,2025-08-17,Damaged,42763.65
626,ORD106251,2025-09-05,Wrong Item,29053.04
627,ORD106261,2024-07-25,Size Issue,8882.86
628,ORD106271,2024-05-15,Customer Changed Mind,11445.49
629,ORD106281,2025-07-04,Late Delivery,31877.19
630,ORD106291,2025-07-26,Damaged,32511.38
631,ORD106301,2025-05-30,Wrong Item,52532.71
632,ORD106311,2024-05-11,Size Issue,92002.46
633,ORD106321,2024-01-13,Customer Changed Mind,99568.25
634,ORD106331,2024-03-25,Late Delivery,11110.41
635,ORD106341,2025-05-30,Damaged,19774.49
636,ORD106351,2024-02-22,Wrong Item,8138.41
637,ORD106361,2026-01-02,Size Issue,53128.65
638,ORD106371,2025-02-14,Customer Changed Mind,24720.44
639,ORD106381,2024-06-22,Late Delivery,37252.55
640,ORD106391,2025-08-18,Damaged,28114.35
641,ORD106401,2024-05-18,Wrong Item,14048.67
642,ORD106411,2025-09-13,Size Issue,14859.56
643,ORD106421,2025-08-20,Customer Changed Mind,25746.57
644,ORD106431,2024-10-16,Late Delivery,28492.18
645,ORD106441,2025-02-23,Damaged,57860.78
646,ORD106451,2024-05-30,Wrong Item,3672.74
647,ORD106461,2024-09-30,Size Issue,49390.17
648,ORD106471,2025-04-10,Customer Changed Mind,76284.24
649,ORD106481,2024-04-20,Late Delivery,13928
650,ORD106491,2024-05-02,Damaged,51843.92
651,ORD106501,2024-08-01,Wrong Item,67018.65
652,ORD106511,2025-06-10,Size Issue,28630.76
653,ORD106521,2024-12-02,Customer Changed Mind,12635.97
654,ORD106531,2025-02-26,Late Delivery,12323.15
655,ORD106541,2024-06-22,Damaged,20972.5
656,ORD106551,2025-07-27,Wrong Item,32713.71
657,ORD106561,2025-08-19,Size Issue,53396.82
658,ORD106571,2024-12-20,Customer Changed Mind,28889.45
659,ORD106581,2025-03-08,Late Delivery,7297.69
660,ORD106591,2025-03-30,Damaged,62437.72
661,ORD106601,2025-06-03,Wrong Item,30722.04
662,ORD106611,2024-06-29,Size Issue,22775.15
663,ORD106621,2024-05-31,Customer Changed Mind,60340.88
664,ORD106631,2025-03-08,Late Delivery,38655.45
665,ORD106641,2025-03-15,Damaged,48831.79
666,ORD106651,2024-11-24,Wrong Item,15722.28
667,ORD106661,2025-11-27,Size Issue,14755.98
668,ORD106671,2024-05-09,Customer Changed Mind,13972.36
669,ORD106681,2024-09-04,Late Delivery,14733
670,ORD106691,2026-01-03,Damaged,47922.53
671,ORD106701,2025-05-25,Wrong Item,2421.83
672,ORD106711,2025-04-04,Size Issue,41228.89
673,ORD106721,2025-12-21,Customer Changed Mind,52599.93
674,ORD106731,2024-12-06,Late Delivery,47528.29
675,ORD106741,2024-01-21,Damaged,16625.5
676,ORD106751,2024-11-03,Wrong Item,30953.13
677,ORD106761,2024-11-19,Size Issue,12845.88
678,ORD106771,2025-12-19,Customer Changed Mind,64781.95
679,ORD106781,2025-06-12,Late Delivery,6361.92
680,ORD106791,2025-07-30,Damaged,7870.52
681,ORD106801,2025-07-20,Wrong Item,58165.86
682,ORD106811,2025-02-25,Size Issue,39848.5
683,ORD106821,2024-10-02,Customer Changed Mind,17416.82
684,ORD106831,2024-05-11,Late Delivery,8715.98
685,ORD106841,2024-09-20,Damaged,19087.17
686,ORD106851,2025-08-16,Wrong Item,94162.1
687,ORD106861,2025-02-16,Size Issue,24138.23
688,ORD106871,2024-12-09,Customer Changed Mind,32017.36
689,ORD106881,2025-04-25,Late Delivery,9876.93
690,ORD106891,2025-05-27,Damaged,63516.72
691,ORD106901,2025-04-24,Wrong Item,25691.76
692,ORD106911,2025-08-13,Size Issue,6442.91
693,ORD106921,2026-01-06,Customer Changed Mind,34781.01
694,ORD106931,2024-10-07,Late Delivery,17168.2
695,ORD106941,2024-04-08,Damaged,25616.99
696,ORD106951,2026-01-06,Wrong Item,6782.01
697,ORD106961,2024-03-28,Size Issue,40265.93
698,ORD106971,2024-02-14,Customer Changed Mind,7179.07
699,ORD106981,2024-01-26,Late Delivery,25036.06
700,ORD106991,2024-05-23,Damaged,23355.58
701,ORD107001,2025-02-03,Wrong Item,12594.78
702,ORD107011,2025-05-27,Size Issue,52593.25
703,ORD107021,2024-02-22,Customer Changed Mind,2623.51
704,ORD107031,2024-06-11,Late Delivery,17373.4
705,ORD107041,2024-08-23,Damaged,564.54
706,ORD107051,2025-08-31,Wrong Item,93906.2
707,ORD107061,2025-03-30,Size Issue,12323.15
708,ORD107071,2025-07-03,Customer Changed Mind,11307.4
709,ORD107081,2025-09-13,Late Delivery,16264.61
710,ORD107091,2025-02-10,Damaged,31741.7
711,ORD107101,2024-07-15,Wrong Item,68672.8
712,ORD107111,2024-02-04,Size Issue,63678.94
713,ORD107121,2024-01-15,Customer Changed Mind,34521.04
714,ORD107131,2024-07-22,Late Delivery,13294.32
715,ORD107141,2024-06-08,Damaged,27467.15
716,ORD107151,2025-12-02,Wrong Item,90790.81
717,ORD107161,2024-01-22,Size Issue,7366.55
718,ORD107171,2025-03-17,Customer Changed Mind,58117.11
719,ORD107181,2025-03-30,Late Delivery,40154.46
720,ORD107191,2025-10-02,Damaged,31283.28
721,ORD107201,2025-02-17,Wrong Item,9365.78
722,ORD107211,2024-07-13,Size Issue,16509.28
723,ORD107221,2025-02-11,Customer Changed Mind,1907.18
724,ORD107231,2025-09-05,Late Delivery,83002.37
725,ORD107241,2024-04-29,Damaged,31493.93
726,ORD107251,2025-04-03,Wrong Item,54853.38
727,ORD107261,2025-12-28,Size Issue,53483.35
728,ORD107271,2024-04-23,Customer Changed Mind,31154.41
729,ORD107281,2025-06-14,Late Delivery,53539.28
730,ORD107291,2025-12-20,Damaged,39361.03
731,ORD107301,2025-02-17,Wrong Item,22782.57
732,ORD107311,2025-11-06,Size Issue,23014.03
733,ORD107321,2024-04-04,Customer Changed Mind,21773.7
734,ORD107331,2024-03-03,Late Delivery,18387.12
735,ORD107341,2024-12-02,Damaged,4695.59
736,ORD107351,2025-11-05,Wrong Item,6256.66
737,ORD107361,2025-03-07,Size Issue,29077.19
738,ORD107371,2024-02-18,Customer Changed Mind,21528.51
739,ORD107381,2025-05-31,Late Delivery,1633.42
740,ORD107391,2025-11-14,Damaged,77283.73
741,ORD107401,2024-12-23,Wrong Item,31486.94
742,ORD107411,2025-11-23,Size Issue,40981.7
743,ORD107421,2025-04-30,Customer Changed Mind,45354.9
744,ORD107431,2025-08-21,Late Delivery,53596.2
745,ORD107441,2024-07-09,Damaged,20158.51
746,ORD107451,2025-01-28,Wrong Item,7975.3
747,ORD107461,2025-12-22,Size Issue,30071.09
748,ORD107471,2024-02-08,Customer Changed Mind,23293.47
749,ORD107481,2025-07-30,Late Delivery,7729.39
750,ORD107491,2025-03-22,Damaged,12679.43
751,ORD107501,2024-05-07,Wrong Item,22369.96
752,ORD107511,2025-01-22,Size Issue,43402.9
753,ORD107521,2025-02-09,Customer Changed Mind,65601.72
754,ORD107531,2024-11-08,Late Delivery,39685
755,ORD107541,2024-09-28,Damaged,64042.16
756,ORD107551,2025-11-11,Wrong Item,17413.85
757,ORD107561,2024-11-25,Size Issue,41725.36
758,ORD107571,2024-11-22,Customer Changed Mind,23628.81
759,ORD107581,2025-03-07,Late Delivery,15024.9
760,ORD107591,2025-11-02,Damaged,33380.29
761,ORD107601,2025-02-27,Wrong Item,40194.83
762,ORD107611,2025-03-23,Size Issue,36546.2
763,ORD107621,2025-03-13,Customer Changed Mind,3459.01
764,ORD107631,2024-08-28,Late Delivery,30013.06
765,ORD107641,2025-01-14,Damaged,96288.95
766,ORD107651,2025-04-18,Wrong Item,71819.16
767,ORD107661,2025-06-30,Size Issue,85119.77
768,ORD107671,2024-05-10,Customer Changed Mind,23365.81
769,ORD107681,2024-10-18,Late Delivery,40020.12
770,ORD107691,2025-04-16,Damaged,41452.01
771,ORD107701,2024-03-05,Wrong Item,16845.62
772,ORD107711,2025-04-09,Size Issue,52506.74
773,ORD107721,2024-08-23,Customer Changed Mind,54929.15
774,ORD107731,2025-05-02,Late Delivery,6727.3
775,ORD107741,2024-05-24,Damaged,22676.54
776,ORD107751,2025-12-23,Wrong Item,6336.09
777,ORD107761,2025-11-30,Size Issue,14900.98
778,ORD107771,2025-02-09,Customer Changed Mind,7479.46
779,ORD107781,2024-01-20,Late Delivery,32808.96
780,ORD107791,2024-11-14,Damaged,81798.9
781,ORD107801,2024-10-01,Wrong Item,4641.77
782,ORD107811,2024-01-15,Size Issue,5176.15
783,ORD107821,2025-09-18,Customer Changed Mind,67682.34
784,ORD107831,2024-05-09,Late Delivery,17016.1
785,ORD107841,2024-01-26,Damaged,10788.39
786,ORD107851,2024-11-09,Wrong Item,24006.11
787,ORD107861,2024-01-23,Size Issue,2979.53
788,ORD107871,2025-10-31,Customer Changed Mind,13415.64
789,ORD107881,2025-12-09,Late Delivery,54853.38
790,ORD107891,2025-07-12,Damaged,37596.31
791,ORD107901,2024-08-17,Wrong Item,5751.28
792,ORD107911,2024-09-19,Size Issue,20523.14
793,ORD107921,2024-09-14,Customer Changed Mind,14669.52
794,ORD107931,2024-07-18,Late Delivery,17652.49
795,ORD107941,2025-02-10,Damaged,10879.85
796,ORD107951,2025-01-09,Wrong Item,20161.42
797,ORD107961,2024-08-13,Size Issue,54778.83
798,ORD107971,2025-12-10,Customer Changed Mind,8313.84
799,ORD107981,2024-02-01,Late Delivery,39381.35
800,ORD107991,2024-03-10,Damaged,22206.45
801,ORD108001,2025-04-02,Wrong Item,42361.16
802,ORD108011,2025-11-28,Size Issue,7438.7
803,ORD108021,2025-03-07,Customer Changed Mind,78141.06
804,ORD108031,2024-09-18,Late Delivery,65157.19
805,ORD108041,2024-08-10,Damaged,59807.79
806,ORD108051,2025-05-15,Wrong Item,27597.31
807,ORD108061,2025-09-27,Size Issue,6918.94
808,ORD108071,2024-07-08,Customer Changed Mind,12378.55
809,ORD108081,2024-04-14,Late Delivery,8198.46
810,ORD108091,2024-10-31,Damaged,13917.74
811,ORD108101,2025-01-18,Wrong Item,5149.31
812,ORD108111,2025-04-02,Size Issue,41736.27
813,ORD108121,2024-11-04,Customer Changed Mind,10707.86
814,ORD108131,2025-04-30,Late Delivery,38457.13
815,ORD108141,2024-07-06,Damaged,15447.94
816,ORD108151,2025-09-03,Wrong Item,11562.98
817,ORD108161,2025-02-17,Size Issue,40647.35
818,ORD108171,2024-08-30,Customer Changed Mind,19596.33
819,ORD108181,2025-07-09,Late Delivery,51208.98
820,ORD108191,2024-12-26,Damaged,6446.9
821,ORD108201,2025-01-10,Wrong Item,56094.44
822,ORD108211,2024-04-25,Size Issue,41765.4
823,ORD108221,2025-08-26,Customer Changed Mind,33238.49
824,ORD108231,2025-04-13,Late Delivery,13497.81
825,ORD108241,2025-03-08,Damaged,40141.71
826,ORD108251,2025-11-09,Wrong Item,38740.46
827,ORD108261,2024-12-14,Size Issue,50300.5
828,ORD108271,2024-12-10,Customer Changed Mind,31719.23
829,ORD108281,2025-07-26,Late Delivery,10201.38
830,ORD108291,2025-02-05,Damaged,26678.28
831,ORD108301,2024-03-08,Wrong Item,27528.64
832,ORD108311,2025-03-13,Size Issue,22996.66
833,ORD108321,2025-04-26,Customer Changed Mind,16055.31
834,ORD108331,2024-10-05,Late Delivery,6837.36
835,ORD108341,2024-04-15,Damaged,3459.01
836,ORD108351,2025-12-30,Wrong Item,18083.49
837,ORD108361,2024-01-27,Size Issue,8151.23
838,ORD108371,2024-02-04,Customer Changed Mind,19783.19
839,ORD108381,2025-01-22,Late Delivery,30463.14
840,ORD108391,2025-01-10,Damaged,42837.08
841,ORD108401,2025-09-03,Wrong Item,39755
842,ORD108411,2024-03-11,Size Issue,50207.49
843,ORD108421,2025-11-12,Customer Changed Mind,51673.84
844,ORD108431,2025-09-16,Late Delivery,48080.55
845,ORD108441,2024-03-13,Damaged,8669.46
846,ORD108451,2024-10-13,Wrong Item,16008.05
847,ORD108461,2024-10-13,Size Issue,30846.08
848,ORD108471,2025-02-24,Customer Changed Mind,5094.44
849,ORD108481,2024-07-02,Late Delivery,69097.91
850,ORD108491,2024-04-07,Damaged,8195.85
851,ORD108501,2024-05-29,Wrong Item,58106.08
852,ORD108511,2024-12-07,Size Issue,10526.65
853,ORD108521,2025-03-09,Customer Changed Mind,43132.27
854,ORD108531,2025-01-20,Late Delivery,95845.45
855,ORD108541,2025-12-16,Damaged,16999.74
856,ORD108551,2025-12-16,Wrong Item,35105.98
857,ORD108561,2024-04-18,Size Issue,38751.32
858,ORD108571,2025-10-06,Customer Changed Mind,38457.13
859,ORD108581,2024-11-17,Late Delivery,14658.85
860,ORD108591,2024-07-14,Damaged,5721.46
861,ORD108601,2024-08-10,Wrong Item,18972.49
862,ORD108611,2024-10-29,Size Issue,32713.71
863,ORD108621,2025-10-30,Customer Changed Mind,24941.52
864,ORD108631,2024-07-09,Late Delivery,4511.7
865,ORD108641,2024-02-24,Damaged,1719.54
866,ORD108651,2024-10-19,Wrong Item,53666.76
867,ORD108661,2024-07-17,Size Issue,6570.54
868,ORD108671,2025-01-14,Customer Changed Mind,6434.82
869,ORD108681,2025-04-12,Late Delivery,34218.92
870,ORD108691,2025-02-10,Damaged,5617.05
871,ORD108701,2025-08-17,Wrong Item,54929.15
872,ORD108711,2024-07-16,Size Issue,16448.76
873,ORD108721,2024-06-26,Customer Changed Mind,43734.48
874,ORD108731,2025-11-22,Late Delivery,41219.36
875,ORD108741,2024-05-01,Damaged,19900.13
876,ORD108751,2025-05-21,Wrong Item,18857.2
877,ORD108761,2024-11-21,Size Issue,28316.69
878,ORD108771,2024-02-06,Customer Changed Mind,27915.16
879,ORD108781,2024-10-03,Late Delivery,595.91
880,ORD108791,2024-03-19,Damaged,32404.37
881,ORD108801,2025-11-23,Wrong Item,30523.14
882,ORD108811,2025-06-11,Size Issue,18483.73
883,ORD108821,2025-08-27,Customer Changed Mind,31420.36
884,ORD108831,2024-10-02,Late Delivery,69086.68
885,ORD108841,2024-10-16,Damaged,61264.35
886,ORD108851,2025-11-08,Wrong Item,49706
887,ORD108861,2024-08-11,Size Issue,10519.99
888,ORD108871,2024-12-27,Customer Changed Mind,4521.51
889,ORD108881,2024-10-22,Late Delivery,10768.6
890,ORD108891,2024-12-15,Damaged,52551.42
891,ORD108901,2025-09-07,Wrong Item,13190.98
892,ORD108911,2025-06-02,Size Issue,51927.48
893,ORD108921,2025-10-24,Customer Changed Mind,26078.42
894,ORD108931,2024-07-26,Late Delivery,8627.21
895,ORD108941,2024-04-04,Damaged,18459.24
896,ORD108951,2024-03-27,Wrong Item,42786.65
897,ORD108961,2025-03-17,Size Issue,66274.66
898,ORD108971,2024-07-13,Customer Changed Mind,25436.02
899,ORD108981,2024-03-06,Late Delivery,7138.49
900,ORD108991,2025-03-20,Damaged,42034.65
901,ORD109001,2025-01-21,Wrong Item,40183.52
902,ORD109011,2024-07-09,Size Issue,28714.32
903,ORD109021,2025-05-31,Customer Changed Mind,8897.49
904,ORD109031,2025-02-27,Late Delivery,10494.03
905,ORD109041,2024-11-15,Damaged,4899.62
906,ORD109051,2024-08-01,Wrong Item,15914.61
907,ORD109061,2025-05-09,Size Issue,9821.01
908,ORD109071,2024-01-17,Customer Changed Mind,13945.47
909,ORD109081,2025-05-24,Late Delivery,23185.89
910,ORD109091,2024-12-11,Damaged,6614.31
911,ORD109101,2024-04-08,Wrong Item,6113.42
912,ORD109111,2025-03-19,Size Issue,29190.74
913,ORD109121,2025-06-09,Customer Changed Mind,6213.78
914,ORD109131,2025-03-19,Late Delivery,31106.35
915,ORD109141,2025-11-13,Damaged,8104.48
916,ORD109151,2024-02-20,Wrong Item,12353.28
917,ORD109161,2024-11-14,Size Issue,79622.84
918,ORD109171,2024-08-23,Customer Changed Mind,18883.93
919,ORD109181,2025-06-23,Late Delivery,92907.85
920,ORD109191,2025-08-11,Damaged,6176.64
921,ORD109201,2025-06-08,Wrong Item,36143.58
922,ORD109211,2024-07-03,Size Issue,7106.29
923,ORD109221,2025-10-24,Customer Changed Mind,86150.84
924,ORD109231,2025-07-08,Late Delivery,3286.13
925,ORD109241,2025-08-24,Damaged,6990.72
926,ORD109251,2024-04-19,Wrong Item,16055.31
927,ORD109261,2025-10-01,Size Issue,35328.04
928,ORD109271,2024-05-30,Customer Changed Mind,14358.13
929,ORD109281,2024-09-11,Late Delivery,25070.4
930,ORD109291,2025-12-24,Damaged,92224.85
931,ORD109301,2025-05-24,Wrong Item,13383.85
932,ORD109311,2024-10-11,Size Issue,9110.2
933,ORD109321,2024-12-16,Customer Changed Mind,7615.86
934,ORD109331,2025-09-23,Late Delivery,17733.28
935,ORD109341,2025-09-26,Damaged,48085.27
936,ORD109351,2024-03-18,Wrong Item,12592.58
937,ORD109361,2024-09-30,Size Issue,18933.57
938,ORD109371,2024-02-18,Customer Changed Mind,90133.42
939,ORD109381,2025-01-06,Late Delivery,40493.43
940,ORD109391,2024-01-28,Damaged,17502.82
941,ORD109401,2024-07-05,Wrong Item,11098.08
942,ORD109411,2025-08-13,Size Issue,46161.45
943,ORD109421,2025-09-27,Customer Changed Mind,28458.73
944,ORD109431,2024-11-12,Late Delivery,29971.17
945,ORD109441,2025-11-01,Damaged,12075.02
946,ORD109451,2024-08-30,Wrong Item,14515.8
947,ORD109461,2024-06-28,Size Issue,81917.12
948,ORD109471,2024-04-21,Customer Changed Mind,16658.05
949,ORD109481,2025-07-14,Late Delivery,9647.32
950,ORD109491,2024-08-12,Damaged,4295.27
951,ORD109501,2024-09-30,Wrong Item,55057.28
952,ORD109511,2025-08-14,Size Issue,905.91
953,ORD109521,2025-06-03,Customer Changed Mind,7300.6
954,ORD109531,2025-10-17,Late Delivery,28115.66
955,ORD109541,2024-04-10,Damaged,66274.66
956,ORD109551,2025-04-24,Wrong Item,11779.07
957,ORD109561,2025-03-12,Size Issue,3815.16
958,ORD109571,2024-05-13,Customer Changed Mind,22432.13
959,ORD109581,2025-04-07,Late Delivery,12455.4
960,ORD109591,2025-03-31,Damaged,13201.54
961,ORD109601,2025-10-25,Wrong Item,20799.67
962,ORD109611,2025-08-04,Size Issue,39104.1
963,ORD109621,2024-04-06,Customer Changed Mind,1129.09
964,ORD109631,2024-07-04,Late Delivery,3604.74
965,ORD109641,2024-05-23,Damaged,37099.73
966,ORD109651,2024-01-18,Wrong Item,27276.51
967,ORD109661,2024-10-20,Size Issue,4612.74
968,ORD109671,2025-03-15,Customer Changed Mind,16851.24
969,ORD109681,2025-06-01,Late Delivery,15166.14
970,ORD109691,2024-04-30,Damaged,16897.38
971,ORD109701,2024-02-08,Wrong Item,14005.42
972,ORD109711,2025-07-10,Size Issue,53169.1
973,ORD109721,2024-04-05,Customer Changed Mind,67078.18
974,ORD109731,2024-04-28,Late Delivery,38237.57
975,ORD109741,2024-04-06,Damaged,21041.75
976,ORD109751,2024-10-30,Wrong Item,2730.15
977,ORD109761,2024-09-08,Size Issue,3007.8
978,ORD109771,2024-05-21,Customer Changed Mind,18729.44
979,ORD109781,2025-11-18,Late Delivery,55566.98
980,ORD109791,2025-10-08,Damaged,13094.68
981,ORD109801,2025-09-23,Wrong Item,41358.11
982,ORD109811,2025-02-20,Size Issue,2722.01
983,ORD109821,2024-04-17,Customer Changed Mind,27246.26
984,ORD109831,2024-10-08,Late Delivery,8858.94
985,ORD109841,2024-10-26,Damaged,13944.15
986,ORD109851,2025-12-15,Wrong Item,20706.77
987,ORD109861,2025-06-22,Size Issue,11592.94
988,ORD109871,2024-07-08,Customer Changed Mind,37197.06
989,ORD109881,2025-05-22,Late Delivery,70090.89
990,ORD109891,2024-12-01,Damaged,70978.72
991,ORD109901,2024-10-14,Wrong Item,4986.31
992,ORD109911,2024-01-25,Size Issue,10948.89
993,ORD109921,2025-10-14,Customer Changed Mind,3432.92
994,ORD109931,2025-04-03,Late Delivery,34911.51
995,ORD109941,2024-03-07,Damaged,48665.76
996,ORD109951,2025-07-18,Wrong Item,22381.98
997,ORD109961,2024-05-24,Size Issue,8780.09
998,ORD109971,2025-02-23,Customer Changed Mind,8831.29
999,ORD109981,2025-10-17,Late Delivery,9295.94
1000,ORD109991,2024-10-11,Damaged,22202.77
1001,ORD110001,2025-10-04,Wrong Item,51134.15
1002,ORD110011,2024-05-13,Size Issue,18438.19
1003,ORD110021,2024-02-23,Customer Changed Mind,50066.28
1004,ORD110031,2025-10-03,Late Delivery,34131.29
1005,ORD110041,2025-03-18,Damaged,6962.43
1006,ORD110051,2024-06-20,Wrong Item,34772.3
1007,ORD110061,2025-08-31,Size Issue,21203.98
1008,ORD110071,2025-12-18,Customer Changed Mind,15231.73
1009,ORD110081,2024-02-24,Late Delivery,26833.38
1010,ORD110091,2024-11-24,Damaged,8119.74
1011,ORD110101,2024-07-27,Wrong Item,9585.8
1012,ORD110111,2025-01-06,Size Issue,2665.9
1013,ORD110121,2025-12-17,Customer Changed Mind,15879.18
1014,ORD110131,2024-08-05,Late Delivery,17877.54
1015,ORD110141,2025-11-02,Damaged,91240.56
1016,ORD110151,2025-01-16,Wrong Item,14768.02
1017,ORD110161,2025-08-30,Size Issue,43077.32
1018,ORD110171,2025-08-04,Customer Changed Mind,41943.54
1019,ORD110181,2025-11-03,Late Delivery,18675.91
1020,ORD110191,2024-04-18,Damaged,17353.26
1021,ORD110201,2025-03-19,Wrong Item,19753.86
1022,ORD110211,2025-06-14,Size Issue,4393.43
1023,ORD110221,2025-08-18,Customer Changed Mind,57020.93
1024,ORD110231,2025-01-18,Late Delivery,31154.41
1025,ORD110241,2024-06-27,Damaged,7109.88
1026,ORD110251,2024-11-03,Wrong Item,36127.28
1027,ORD110261,2025-01-06,Size Issue,5552.68
1028,ORD110271,2024-03-09,Customer Changed Mind,40580.7
1029,ORD110281,2024-06-30,Late Delivery,41385.99
1030,ORD110291,2024-09-11,Damaged,21620.62
1031,ORD110301,2025-07-21,Wrong Item,16957.34
1032,ORD110311,2025-06-13,Size Issue,57518.8
1033,ORD110321,2025-11-01,Customer Changed Mind,25431.16
1034,ORD110331,2024-03-06,Late Delivery,16134.23
1035,ORD110341,2024-04-07,Damaged,31508.55
1036,ORD110351,2025-11-24,Wrong Item,10768.6
1037,ORD110361,2025-10-18,Size Issue,26165.86
1038,ORD110371,2025-11-11,Customer Changed Mind,4932.48
1039,ORD110381,2025-03-15,Late Delivery,16723.41
1040,ORD110391,2024-10-03,Damaged,22545.7
1041,ORD110401,2024-06-26,Wrong Item,30485.51
1042,ORD110411,2024-08-22,Size Issue,41011.2
1043,ORD110421,2025-03-23,Customer Changed Mind,101744.08
1044,ORD110431,2024-03-29,Late Delivery,15823.2
1045,ORD110441,2025-12-26,Damaged,31839.47
1046,ORD110451,2024-07-29,Wrong Item,2325.93
1047,ORD110461,2024-11-17,Size Issue,48825.42
1048,ORD110471,2025-05-01,Customer Changed Mind,63292.8
1049,ORD110481,2024-12-15,Late Delivery,52284.28
1050,ORD110491,2024-02-13,Damaged,16810.11
1051,ORD110501,2024-07-06,Wrong Item,68115.64
1052,ORD110511,2025-08-08,Size Issue,32808.63
1053,ORD110521,2025-10-20,Customer Changed Mind,37009.71
1054,ORD110531,2024-01-19,Late Delivery,33313.75
1055,ORD110541,2024-11-17,Damaged,38777.24
1056,ORD110551,2024-10-06,Wrong Item,9008.52
1057,ORD110561,2025-04-10,Size Issue,37404.37
1058,ORD110571,2025-02-20,Customer Changed Mind,27763.42
1059,ORD110581,2024-03-16,Late Delivery,42570.54
1060,ORD110591,2025-11-26,Damaged,1095.97
1061,ORD110601,2025-11-04,Wrong Item,43071.48
1062,ORD110611,2024-07-27,Size Issue,18464.58
1063,ORD110621,2024-02-24,Customer Changed Mind,13317.55
1064,ORD110631,2024-02-03,Late Delivery,34218.92
1065,ORD110641,2025-09-12,Damaged,25568.88
1066,ORD110651,2024-03-16,Wrong Item,45917.55
1067,ORD110661,2025-05-24,Size Issue,21298.44
1068,ORD110671,2024-06-14,Customer Changed Mind,54428.82
1069,ORD110681,2025-06-04,Late Delivery,39361.03
1070,ORD110691,2024-03-10,Damaged,5247.02
1071,ORD110701,2025-12-02,Wrong Item,2258.17
1072,ORD110711,2024-06-10,Size Issue,46177.07
1073,ORD110721,2025-05-25,Customer Changed Mind,17081.36
1074,ORD110731,2024-11-07,Late Delivery,7457.7
1075,ORD110741,2025-03-19,Damaged,16032.96
1076,ORD110751,2024-11-09,Wrong Item,39970.87
1077,ORD110761,2025-06-16,Size Issue,36488.43
1078,ORD110771,2025-10-23,Customer Changed Mind,18438.19
1079,ORD110781,2025-08-31,Late Delivery,10788.39
1080,ORD110791,2025-09-15,Damaged,16463.51
1081,ORD110801,2025-03-05,Wrong Item,34838.75
1082,ORD110811,2024-06-11,Size Issue,8198.53
1083,ORD110821,2025-07-19,Customer Changed Mind,3945.38
1084,ORD110831,2025-08-27,Late Delivery,26144.82
1085,ORD110841,2025-02-14,Damaged,67679.41
1086,ORD110851,2025-05-16,Wrong Item,33477.35
1087,ORD110861,2025-12-27,Size Issue,14677.55
1088,ORD110871,2024-05-31,Customer Changed Mind,80037.78
1089,ORD110881,2024-04-15,Late Delivery,28436.71
1090,ORD110891,2026-01-07,Damaged,40595.08
1091,ORD110901,2025-03-01,Wrong Item,33572.97
1092,ORD110911,2024-07-19,Size Issue,47717.93
1093,ORD110921,2024-05-10,Customer Changed Mind,88601.44
1094,ORD110931,2025-08-20,Late Delivery,67829.36
1095,ORD110941,2024-09-06,Damaged,16015.27
1096,ORD110951,2025-02-06,Wrong Item,22302.62
1097,ORD110961,2024-06-08,Size Issue,2565.36
1098,ORD110971,2025-05-30,Customer Changed Mind,74326.28
1099,ORD110981,2025-08-19,Late Delivery,34530.71
1100,ORD110991,2024-07-21,Damaged,16868.76
1101,ORD111001,2025-05-20,Wrong Item,44820.81
1102,ORD111011,2024-02-18,Size Issue,6219.6
1103,ORD111021,2024-05-23,Customer Changed Mind,41683.14
1104,ORD111031,2024-02-24,Late Delivery,15955.01
1105,ORD111041,2024-03-21,Damaged,5231.84
1106,ORD111051,2025-01-03,Wrong Item,7402.15
1107,ORD111061,2024-03-29,Size Issue,25219.67
1108,ORD111071,2025-07-08,Customer Changed Mind,5321.41
1109,ORD111081,2024-11-05,Late Delivery,23111.56
1110,ORD111091,2024-02-29,Damaged,62340.61
1111,ORD111101,2024-12-21,Wrong Item,17519.32
1112,ORD111111,2025-07-18,Size Issue,20892
1113,ORD111121,2025-07-04,Customer Changed Mind,4098.87
1114,ORD111131,2025-05-28,Late Delivery,5248.01
1115,ORD111141,2026-01-06,Damaged,46941.03
1116,ORD111151,2024-07-22,Wrong Item,7139.22
1117,ORD111161,2025-08-18,Size Issue,43900.45
1118,ORD111171,2024-05-12,Customer Changed Mind,16673.26
1119,ORD111181,2025-06-19,Late Delivery,25252.18
1120,ORD111191,2025-06-22,Damaged,19087.17
1121,ORD111201,2024-11-22,Wrong Item,29816.73
1122,ORD111211,2024-03-30,Size Issue,71023.95
1123,ORD111221,2025-06-06,Customer Changed Mind,37361.76
1124,ORD111231,2024-11-30,Late Delivery,11538.59
1125,ORD111241,2025-06-19,Damaged,2277.55
1126,ORD111251,2024-03-21,Wrong Item,32365.11
1127,ORD111261,2024-03-09,Size Issue,6273.42
1128,ORD111271,2025-03-02,Customer Changed Mind,46112.9
1129,ORD111281,2025-07-01,Late Delivery,18454.85
1130,ORD111291,2025-08-23,Damaged,8934.36
1131,ORD111301,2024-06-03,Wrong Item,2730.15
1132,ORD111311,2025-02-17,Size Issue,28966.65
1133,ORD111321,2025-04-03,Customer Changed Mind,14824.5
1134,ORD111331,2024-10-11,Late Delivery,2640.86
1135,ORD111341,2024-12-14,Damaged,43163.39
1136,ORD111351,2024-04-16,Wrong Item,79570
1137,ORD111361,2024-05-25,Size Issue,25009.88
1138,ORD111371,2024-08-16,Customer Changed Mind,5718.2
1139,ORD111381,2024-12-25,Late Delivery,13204.28
1140,ORD111391,2025-06-09,Damaged,16340.29
1141,ORD111401,2024-11-26,Wrong Item,19868.69
1142,ORD111411,2025-12-02,Size Issue,4097.3
1143,ORD111421,2025-07-12,Customer Changed Mind,25691.76
1144,ORD111431,2025-12-02,Late Delivery,5918.07
1145,ORD111441,2025-12-04,Damaged,63397.17
1146,ORD111451,2024-06-08,Wrong Item,54562.2
1147,ORD111461,2024-01-25,Size Issue,5414.04
1148,ORD111471,2024-05-17,Customer Changed Mind,17265.36
1149,ORD111481,2024-01-30,Late Delivery,44536
1150,ORD111491,2024-12-29,Damaged,25189.55
1151,ORD111501,2025-05-07,Wrong Item,51999.52
1152,ORD111511,2025-05-04,Size Issue,3459.01
1153,ORD111521,2025-07-20,Customer Changed Mind,45182.3
1154,ORD111531,2025-05-07,Late Delivery,12717.21
1155,ORD111541,2025-12-24,Damaged,4650.52
1156,ORD111551,2024-12-17,Wrong Item,9777.18
1157,ORD111561,2024-08-03,Size Issue,3390.11
1158,ORD111571,2024-10-24,Customer Changed Mind,42967.8
1159,ORD111581,2025-01-09,Late Delivery,9503.06
1160,ORD111591,2024-07-17,Damaged,36588.21
1161,ORD111601,2024-07-20,Wrong Item,26994.61
1162,ORD111611,2024-02-03,Size Issue,8212.04
1163,ORD111621,2024-08-29,Customer Changed Mind,50821.27
1164,ORD111631,2024-08-02,Late Delivery,1119.64
1165,ORD111641,2024-04-01,Damaged,51548.4
1166,ORD111651,2025-04-28,Wrong Item,57549.82
1167,ORD111661,2025-03-01,Size Issue,75564
1168,ORD111671,2025-08-18,Customer Changed Mind,18317.33
1169,ORD111681,2024-03-12,Late Delivery,5128.35
1170,ORD111691,2024-04-01,Damaged,6219.6
1171,ORD111701,2024-07-22,Wrong Item,72539.1
1172,ORD111711,2025-10-25,Size Issue,96255.19
1173,ORD111721,2025-08-23,Customer Changed Mind,5781.49
1174,ORD111731,2025-09-18,Late Delivery,60926.28
1175,ORD111741,2025-03-08,Damaged,33880.85
1176,ORD111751,2024-01-12,Wrong Item,32417.93
1177,ORD111761,2025-12-06,Size Issue,42222.52
1178,ORD111771,2025-05-26,Customer Changed Mind,66453.1
1179,ORD111781,2024-12-31,Late Delivery,75365.96
1180,ORD111791,2025-09-03,Damaged,26278.97
1181,ORD111801,2025-08-18,Wrong Item,9391.17
1182,ORD111811,2024-08-24,Size Issue,12971.74
1183,ORD111821,2025-12-03,Customer Changed Mind,906.02
1184,ORD111831,2024-05-22,Late Delivery,19845.42
1185,ORD111841,2025-12-09,Damaged,16647.12
1186,ORD111851,2025-03-29,Wrong Item,70856.14
1187,ORD111861,2025-02-27,Size Issue,62875.62
1188,ORD111871,2025-11-11,Customer Changed Mind,30038.97
1189,ORD111881,2024-04-26,Late Delivery,11303.76
1190,ORD111891,2024-07-24,Damaged,5147.86
1191,ORD111901,2024-05-26,Wrong Item,55410.05
1192,ORD111911,2024-10-10,Size Issue,20322.73
1193,ORD111921,2024-08-26,Customer Changed Mind,48022.67
1194,ORD111931,2024-01-26,Late Delivery,25746.57
1195,ORD111941,2024-03-01,Damaged,15914
1196,ORD111951,2024-04-18,Wrong Item,62033.68
1197,ORD111961,2024-09-29,Size Issue,10447.86
1198,ORD111971,2025-03-10,Customer Changed Mind,8224.38
1199,ORD111981,2025-12-08,Late Delivery,33051.96
1200,ORD111991,2024-11-23,Damaged,16059.84
1201,ORD112001,2025-12-30,Wrong Item,20459.42
1202,ORD112011,2024-02-16,Size Issue,8231.76
1203,ORD112021,2024-01-21,Customer Changed Mind,3303.37
1204,ORD112031,2024-03-11,Late Delivery,5857.32
1205,ORD112041,2024-04-28,Damaged,3467.78
1206,ORD112051,2024-03-18,Wrong Item,14276.99
1207,ORD112061,2025-08-15,Size Issue,33365.37
1208,ORD112071,2024-10-20,Customer Changed Mind,14291.26
1209,ORD112081,2025-04-05,Late Delivery,67761.69
1210,ORD112091,2025-06-23,Damaged,49390.17
1211,ORD112101,2025-04-10,Wrong Item,39811.42
1212,ORD112111,2025-08-24,Size Issue,22786.34
1213,ORD112121,2024-01-10,Customer Changed Mind,2265.06
1214,ORD112131,2026-01-04,Late Delivery,26167
1215,ORD112141,2024-04-01,Damaged,6647.7
1216,ORD112151,2025-06-23,Wrong Item,13292.27
1217,ORD112161,2024-03-15,Size Issue,19661.01
1218,ORD112171,2025-09-29,Customer Changed Mind,4578.33
1219,ORD112181,2025-10-22,Late Delivery,7100.12
1220,ORD112191,2024-05-28,Damaged,77111.42
1221,ORD112201,2024-03-01,Wrong Item,97096.99
1222,ORD112211,2024-09-24,Size Issue,72827.46
1223,ORD112221,2025-07-18,Customer Changed Mind,26615.88
1224,ORD112231,2025-01-12,Late Delivery,70609.97
1225,ORD112241,2025-11-18,Damaged,12353.28
1226,ORD112251,2024-08-04,Wrong Item,34888.18
1227,ORD112261,2024-03-15,Size Issue,29971.17
1228,ORD112271,2024-06-14,Customer Changed Mind,86010.65
1229,ORD112281,2024-10-09,Late Delivery,13708.41
1230,ORD112291,2024-07-10,Damaged,20377.76
1231,ORD112301,2025-08-18,Wrong Item,18218.8
1232,ORD112311,2025-06-26,Size Issue,4291.15
1233,ORD112321,2024-09-02,Customer Changed Mind,36615.72
1234,ORD112331,2024-05-11,Late Delivery,41166.02
1235,ORD112341,2024-02-17,Damaged,5966.47
1236,ORD112351,2025-09-14,Wrong Item,9608.35
1237,ORD112361,2024-01-28,Size Issue,14004.96
1238,ORD112371,2025-03-05,Customer Changed Mind,65361.16
1239,ORD112381,2024-07-16,Late Delivery,8004.02
1240,ORD112391,2025-06-08,Damaged,974.39
1241,ORD112401,2025-03-02,Wrong Item,17506.77
1242,ORD112411,2024-04-22,Size Issue,44894.24
1243,ORD112421,2024-02-09,Customer Changed Mind,9863.44
1244,ORD112431,2025-11-18,Late Delivery,4962.73
1245,ORD112441,2025-12-09,Damaged,17848.3
1246,ORD112451,2025-07-04,Wrong Item,99568.25
1247,ORD112461,2025-04-16,Size Issue,15540.93
1248,ORD112471,2025-10-21,Customer Changed Mind,5188.51
1249,ORD112481,2024-05-29,Late Delivery,29649.19
1250,ORD112491,2025-10-05,Damaged,3418.68
1251,ORD112501,2025-11-15,Wrong Item,19831.18
1252,ORD112511,2024-01-22,Size Issue,48108.4
1253,ORD112521,2024-07-29,Customer Changed Mind,43203.15
1254,ORD112531,2024-07-11,Late Delivery,2875.64
1255,ORD112541,2024-05-21,Damaged,53698.25
1256,ORD112551,2024-08-20,Wrong Item,5623.13
1257,ORD112561,2024-03-06,Size Issue,50304.87
1258,ORD112571,2024-06-13,Customer Changed Mind,10986.86
1259,ORD112581,2024-12-24,Late Delivery,42773.65
1260,ORD112591,2025-10-26,Damaged,72737.63
1261,ORD112601,2024-11-19,Wrong Item,6949.36
1262,ORD112611,2025-04-11,Size Issue,6615.45
1263,ORD112621,2025-01-16,Customer Changed Mind,59382.53
1264,ORD112631,2024-12-27,Late Delivery,26426.95
1265,ORD112641,2024-03-16,Damaged,8869.02
1266,ORD112651,2024-09-15,Wrong Item,73779.88
1267,ORD112661,2024-07-19,Size Issue,25036.06
1268,ORD112671,2025-12-14,Customer Changed Mind,9663.86
1269,ORD112681,2025-08-01,Late Delivery,32738.24
1270,ORD112691,2025-05-17,Damaged,4291.15
1271,ORD112701,2025-03-15,Wrong Item,44796.15
1272,ORD112711,2025-03-14,Size Issue,3501.35
1273,ORD112721,2025-08-05,Customer Changed Mind,19661.01
1274,ORD112731,2024-10-12,Late Delivery,11909.82
1275,ORD112741,2025-10-23,Damaged,39604.63
1276,ORD112751,2025-04-02,Wrong Item,42034.65
1277,ORD112761,2025-05-16,Size Issue,11926.69
1278,ORD112771,2026-01-05,Customer Changed Mind,25616.99
1279,ORD112781,2025-04-09,Late Delivery,10801.46
1280,ORD112791,2025-12-07,Damaged,45409.41
1281,ORD112801,2025-02-05,Wrong Item,38661.39
1282,ORD112811,2025-04-06,Size Issue,7630.55
1283,ORD112821,2024-10-19,Customer Changed Mind,106235.03
1284,ORD112831,2025-07-24,Late Delivery,41216.3
1285,ORD112841,2025-09-04,Damaged,54620.59
1286,ORD112851,2024-10-23,Wrong Item,7179.07
1287,ORD112861,2024-09-13,Size Issue,11898.7
1288,ORD112871,2024-10-03,Customer Changed Mind,12659.22
1289,ORD112881,2025-10-22,Late Delivery,16876.02
1290,ORD112891,2025-10-20,Damaged,73548.47
1291,ORD112901,2024-12-11,Wrong Item,6977.64
1292,ORD112911,2025-04-02,Size Issue,11155.32
1293,ORD112921,2025-07-28,Customer Changed Mind,8202.24
1294,ORD112931,2024-04-03,Late Delivery,28637.55
1295,ORD112941,2024-04-18,Damaged,23056.56
1296,ORD112951,2025-05-14,Wrong Item,44151.09
1297,ORD112961,2024-06-29,Size Issue,37290.71
1298,ORD112971,2024-07-03,Customer Changed Mind,20737.57
1299,ORD112981,2025-11-18,Late Delivery,16926.6
1300,ORD112991,2024-01-09,Damaged,71272.76
1301,ORD113001,2024-04-19,Wrong Item,51142.28
1302,ORD113011,2025-02-11,Size Issue,45229.6
1303,ORD113021,2024-12-15,Customer Changed Mind,10189.03
1304,ORD113031,2025-12-03,Late Delivery,46161.45
1305,ORD113041,2024-06-13,Damaged,30463.45
1306,ORD113051,2025-01-11,Wrong Item,69792.32
1307,ORD113061,2024-02-08,Size Issue,71563.2
1308,ORD113071,2025-06-13,Customer Changed Mind,44106.08
1309,ORD113081,2025-03-25,Late Delivery,33385.61
1310,ORD113091,2024-02-28,Damaged,45702.98
1311,ORD113101,2024-12-11,Wrong Item,14900.98
1312,ORD113111,2025-01-18,Size Issue,16182.34
1313,ORD113121,2024-08-19,Customer Changed Mind,22605.23
1314,ORD113131,2025-08-24,Late Delivery,3102.76
1315,ORD113141,2025-04-12,Damaged,1461.61
1316,ORD113151,2024-07-06,Wrong Item,7139.22
1317,ORD113161,2024-11-18,Size Issue,58001.11
1318,ORD113171,2025-01-24,Customer Changed Mind,3518.29
1319,ORD113181,2025-03-09,Late Delivery,12069.12
1320,ORD113191,2024-08-09,Damaged,10481.52
1321,ORD113201,2024-09-23,Wrong Item,39367.41
1322,ORD113211,2024-06-07,Size Issue,81845.61
1323,ORD113221,2024-07-18,Customer Changed Mind,5813.15
1324,ORD113231,2025-05-28,Late Delivery,14856.07
1325,ORD113241,2024-11-10,Damaged,28409.58
1326,ORD113251,2025-06-17,Wrong Item,66453.1
1327,ORD113261,2025-10-12,Size Issue,31060.15
1328,ORD113271,2025-12-21,Customer Changed Mind,11404.19
1329,ORD113281,2025-08-14,Late Delivery,37009.71
1330,ORD113291,2024-08-28,Damaged,70739.01
1331,ORD113301,2024-06-14,Wrong Item,10788.23
1332,ORD113311,2025-02-03,Size Issue,31345.65
1333,ORD113321,2024-01-20,Customer Changed Mind,6520.7
1334,ORD113331,2024-11-03,Late Delivery,20799.67
1335,ORD113341,2025-12-29,Damaged,28393.74
1336,ORD113351,2024-08-05,Wrong Item,22896.66
1337,ORD113361,2024-08-23,Size Issue,8972.08
1338,ORD113371,2024-02-15,Customer Changed Mind,4667.45
1339,ORD113381,2025-08-01,Late Delivery,40797.86
1340,ORD113391,2025-07-14,Damaged,20630.91
1341,ORD113401,2025-04-28,Wrong Item,46199.3
1342,ORD113411,2024-05-30,Size Issue,26017.34
1343,ORD113421,2024-04-28,Customer Changed Mind,75909.42
1344,ORD113431,2024-03-02,Late Delivery,17914.12
1345,ORD113441,2025-05-24,Damaged,25318.45
1346,ORD113451,2025-02-20,Wrong Item,63839.83
1347,ORD113461,2025-04-19,Size Issue,10510.28
1348,ORD113471,2024-10-18,Customer Changed Mind,63656
1349,ORD113481,2024-07-19,Late Delivery,47431.41
1350,ORD113491,2025-09-10,Damaged,38778.18
1351,ORD113501,2025-07-27,Wrong Item,45881.07
1352,ORD113511,2024-12-05,Size Issue,63371.05
1353,ORD113521,2024-02-20,Customer Changed Mind,96255.19
1354,ORD113531,2024-02-20,Late Delivery,19868.69
1355,ORD113541,2024-07-21,Damaged,48364.04
1356,ORD113551,2024-07-12,Wrong Item,27595.4
1357,ORD113561,2024-10-01,Size Issue,17378.24
1358,ORD113571,2025-07-22,Customer Changed Mind,17488.44
1359,ORD113581,2025-03-11,Late Delivery,6102.69
1360,ORD113591,2025-01-21,Damaged,11127
1361,ORD113601,2024-10-29,Wrong Item,58438.76
1362,ORD113611,2024-12-14,Size Issue,14757.73
1363,ORD113621,2024-03-02,Customer Changed Mind,56917.69
1364,ORD113631,2024-11-17,Late Delivery,42064.8
1365,ORD113641,2024-09-06,Damaged,25385.52
1366,ORD113651,2025-01-08,Wrong Item,15686.62
1367,ORD113661,2025-10-28,Size Issue,39952.06
1368,ORD113671,2024-05-15,Customer Changed Mind,28724.58
1369,ORD113681,2024-04-05,Late Delivery,28191.86
1370,ORD113691,2025-08-29,Damaged,1787.72
1371,ORD113701,2024-11-15,Wrong Item,35193.69
1372,ORD113711,2025-03-01,Size Issue,9077.3
1373,ORD113721,2024-06-27,Customer Changed Mind,19257.79
1374,ORD113731,2024-03-04,Late Delivery,3497.69
1375,ORD113741,2025-04-13,Damaged,47900.08
1376,ORD113751,2024-12-17,Wrong Item,101286.29
1377,ORD113761,2025-09-12,Size Issue,57193.57
1378,ORD113771,2025-10-15,Customer Changed Mind,14387.46
1379,ORD113781,2025-12-27,Late Delivery,13117.54
1380,ORD113791,2024-05-30,Damaged,18400.4
1381,ORD113801,2025-08-07,Wrong Item,5918.07
1382,ORD113811,2024-02-02,Size Issue,70953.95
1383,ORD113821,2025-07-22,Customer Changed Mind,36034.09
1384,ORD113831,2025-09-18,Late Delivery,44369.88
1385,ORD113841,2024-07-06,Damaged,13934.96
1386,ORD113851,2024-05-25,Wrong Item,9718.2
1387,ORD113861,2025-10-08,Size Issue,67078.18
1388,ORD113871,2024-11-05,Customer Changed Mind,56773.03
1389,ORD113881,2025-03-04,Late Delivery,10738.18
1390,ORD113891,2025-02-21,Damaged,42957.1
1391,ORD113901,2024-10-03,Wrong Item,2574.69
1392,ORD113911,2025-04-18,Size Issue,64229.4
1393,ORD113921,2025-05-15,Customer Changed Mind,5718.2
1394,ORD113931,2024-09-14,Late Delivery,20353.32
1395,ORD113941,2025-02-14,Damaged,59476.11
1396,ORD113951,2025-10-02,Wrong Item,89684.6
1397,ORD113961,2025-03-17,Size Issue,6165.6
1398,ORD113971,2025-02-05,Customer Changed Mind,14677.55
1399,ORD113981,2025-10-02,Late Delivery,77214.53
1400,ORD113991,2024-10-21,Damaged,34271.74
1401,ORD114001,2024-01-29,Wrong Item,71230.44
1402,ORD114011,2024-10-07,Size Issue,5632.05
1403,ORD114021,2024-10-17,Customer Changed Mind,22962.7
1404,ORD114031,2025-08-12,Late Delivery,8695.1
1405,ORD114041,2024-10-31,Damaged,2800.99
1406,ORD114051,2024-10-19,Wrong Item,2347.79
1407,ORD114061,2024-03-30,Size Issue,1925.3
1408,ORD114071,2025-12-13,Customer Changed Mind,69512.97
1409,ORD114081,2024-05-28,Late Delivery,10455.7
1410,ORD114091,2025-06-07,Damaged,24571.94
1411,ORD114101,2025-06-20,Wrong Item,24672.17
1412,ORD114111,2025-11-03,Size Issue,26621.94
1413,ORD114121,2025-01-08,Customer Changed Mind,12535.2
1414,ORD114131,2024-04-30,Late Delivery,55581.97
1415,ORD114141,2024-05-22,Damaged,14204.79
1416,ORD114151,2024-06-29,Wrong Item,53941.85
1417,ORD114161,2024-09-03,Size Issue,5552.68
1418,ORD114171,2025-09-24,Customer Changed Mind,23109.34
1419,ORD114181,2024-01-23,Late Delivery,10448.55
1420,ORD114191,2025-03-07,Damaged,8231.76
1421,ORD114201,2024-11-27,Wrong Item,18007.84
1422,ORD114211,2024-08-31,Size Issue,21419.84
1423,ORD114221,2024-12-22,Customer Changed Mind,22713.36
1424,ORD114231,2024-07-27,Late Delivery,65008.9
1425,ORD114241,2024-03-01,Damaged,13800.19
1426,ORD114251,2025-07-16,Wrong Item,42302.82
1427,ORD114261,2025-12-31,Size Issue,4869.01
1428,ORD114271,2024-07-08,Customer Changed Mind,29053.26
1429,ORD114281,2025-07-16,Late Delivery,73411.09
1430,ORD114291,2024-06-28,Damaged,6034.56
1431,ORD114301,2024-06-27,Wrong Item,24552.18
1432,ORD114311,2024-07-14,Size Issue,53270.21
1433,ORD114321,2024-04-04,Customer Changed Mind,40057.2
1434,ORD114331,2025-09-05,Late Delivery,6287.02
1435,ORD114341,2025-01-16,Damaged,3630.92
1436,ORD114351,2024-02-29,Wrong Item,1825.59
1437,ORD114361,2024-08-11,Size Issue,10519.99
1438,ORD114371,2024-12-27,Customer Changed Mind,6300.41
1439,ORD114381,2025-06-16,Late Delivery,17786.72
1440,ORD114391,2025-10-17,Damaged,14677.55
1441,ORD114401,2024-07-02,Wrong Item,53991.24
1442,ORD114411,2024-05-02,Size Issue,25491.71
1443,ORD114421,2024-07-21,Customer Changed Mind,51534.14
1444,ORD114431,2024-12-03,Late Delivery,4669.42
1445,ORD114441,2025-10-02,Damaged,94667.07
1446,ORD114451,2024-10-21,Wrong Item,93909.65
1447,ORD114461,2024-09-22,Size Issue,64101.29
1448,ORD114471,2025-01-27,Customer Changed Mind,79395.9
1449,ORD114481,2024-09-14,Late Delivery,23439.48
1450,ORD114491,2024-10-22,Damaged,65723.92
1451,ORD114501,2024-08-16,Wrong Item,80037.78
1452,ORD114511,2024-02-20,Size Issue,20897.1
1453,ORD114521,2024-04-14,Customer Changed Mind,91496.17
1454,ORD114531,2024-06-10,Late Delivery,42956.33
1455,ORD114541,2025-11-14,Damaged,61039.73
1456,ORD114551,2024-10-07,Wrong Item,6774.24
1457,ORD114561,2024-01-12,Size Issue,37915.29
1458,ORD114571,2025-03-15,Customer Changed Mind,5963.35
1459,ORD114581,2026-01-04,Late Delivery,63130.44
1460,ORD114591,2025-01-02,Damaged,55114.95
1461,ORD114601,2025-02-08,Wrong Item,83127.5
1462,ORD114611,2024-10-21,Size Issue,3355.75
1463,ORD114621,2025-04-11,Customer Changed Mind,98883
1464,ORD114631,2024-07-09,Late Delivery,59527.49
1465,ORD114641,2025-03-17,Damaged,20494.72
1466,ORD114651,2025-02-04,Wrong Item,9792.74
1467,ORD114661,2025-08-31,Size Issue,27461.79
1468,ORD114671,2024-04-08,Customer Changed Mind,49876.5
1469,ORD114681,2024-08-20,Late Delivery,36475.65
1470,ORD114691,2025-01-07,Damaged,18764.87
1471,ORD114701,2024-06-01,Wrong Item,11048.44
1472,ORD114711,2024-07-13,Size Issue,12589.29
1473,ORD114721,2025-03-09,Customer Changed Mind,44864.26
1474,ORD114731,2024-08-06,Late Delivery,3589.53
1475,ORD114741,2025-04-13,Damaged,14424.49
1476,ORD114751,2025-08-05,Wrong Item,26807.46
1477,ORD114761,2025-01-16,Size Issue,9365.78
1478,ORD114771,2024-06-13,Customer Changed Mind,16516.86
1479,ORD114781,2024-05-07,Late Delivery,40542.7
1480,ORD114791,2024-03-23,Damaged,19687.72
1481,ORD114801,2024-09-19,Wrong Item,19877.82
1482,ORD114811,2024-03-02,Size Issue,36445.42
1483,ORD114821,2025-12-26,Customer Changed Mind,14121.24
1484,ORD114831,2024-05-23,Late Delivery,13144.54
1485,ORD114841,2025-02-14,Damaged,7686.28
1486,ORD114851,2024-12-08,Wrong Item,52689.23
1487,ORD114861,2025-11-17,Size Issue,12626.09
1488,ORD114871,2025-01-12,Customer Changed Mind,11503.76
1489,ORD114881,2025-02-22,Late Delivery,20695.8
1490,ORD114891,2024-10-22,Damaged,17390.51
1491,ORD114901,2024-12-31,Wrong Item,3750.54
1492,ORD114911,2024-08-08,Size Issue,1633.42
1493,ORD114921,2024-05-02,Customer Changed Mind,85293.72
1494,ORD114931,2025-07-27,Late Delivery,43297.56
1495,ORD114941,2024-06-03,Damaged,89684.6
1496,ORD114951,2024-10-07,Wrong Item,8893.36
1497,ORD114961,2025-03-20,Size Issue,67761.69
1498,ORD114971,2025-03-19,Customer Changed Mind,10510.28
1499,ORD114981,2025-05-02,Late Delivery,18017.05
1500,ORD114991,2025-04-26,Damaged,5919.4
1501,ORD115001,2025-07-17,Wrong Item,54183.38
1502,ORD115011,2025-05-20,Size Issue,32155.87
1503,ORD115021,2024-08-10,Customer Changed Mind,36143.58
1504,ORD115031,2024-08-29,Late Delivery,39811.42
1505,ORD115041,2025-10-20,Damaged,26787.04
1506,ORD115051,2025-11-02,Wrong Item,72539.1
1507,ORD115061,2025-05-03,Size Issue,20070.85
1508,ORD115071,2024-02-03,Customer Changed Mind,56327.45
1509,ORD115081,2025-06-24,Late Delivery,13170.92
1510,ORD115091,2024-05-27,Damaged,25178.57
1511,ORD115101,2024-06-07,Wrong Item,54744.46
1512,ORD115111,2024-06-24,Size Issue,20323.67
1513,ORD115121,2024-10-14,Customer Changed Mind,43565.76
1514,ORD115131,2024-10-05,Late Delivery,51103.68
1515,ORD115141,2024-02-10,Damaged,59046.78
1516,ORD115151,2025-09-13,Wrong Item,1743.64
1517,ORD115161,2025-01-31,Size Issue,65174.91
1518,ORD115171,2025-09-24,Customer Changed Mind,23144.31
1519,ORD115181,2024-05-27,Late Delivery,68982.84
1520,ORD115191,2025-03-02,Damaged,62660.52
1521,ORD115201,2026-01-06,Wrong Item,47119.96
1522,ORD115211,2025-04-01,Size Issue,24609.65
1523,ORD115221,2024-01-22,Customer Changed Mind,35836.92
1524,ORD115231,2025-07-13,Late Delivery,38618.96
1525,ORD115241,2024-04-25,Damaged,19886.49
1526,ORD115251,2025-06-22,Wrong Item,14689.76
1527,ORD115261,2024-07-26,Size Issue,5025.78
1528,ORD115271,2024-05-15,Customer Changed Mind,68731.2
1529,ORD115281,2025-11-21,Late Delivery,13838.23
1530,ORD115291,2025-11-16,Damaged,15211.49
1531,ORD115301,2025-01-31,Wrong Item,2707.02
1532,ORD115311,2024-03-09,Size Issue,32834.48
1533,ORD115321,2025-07-10,Customer Changed Mind,2162.84
1534,ORD115331,2026-01-05,Late Delivery,26615.88
1535,ORD115341,2025-09-03,Damaged,52823.3
1536,ORD115351,2025-08-16,Wrong Item,7100.12
1537,ORD115361,2024-01-08,Size Issue,50796.92
1538,ORD115371,2025-01-31,Customer Changed Mind,18363.69
1539,ORD115381,2024-04-24,Late Delivery,20013.08
1540,ORD115391,2024-04-16,Damaged,6610.39
1541,ORD115401,2025-06-21,Wrong Item,48022.67
1542,ORD115411,2024-08-01,Size Issue,28676.89
1543,ORD115421,2025-08-02,Customer Changed Mind,90089.88
1544,ORD115431,2025-01-28,Late Delivery,12600.82
1545,ORD115441,2024-05-14,Damaged,40602.14
1546,ORD115451,2024-05-19,Wrong Item,75682.34
1547,ORD115461,2025-06-08,Size Issue,49026.07
1548,ORD115471,2024-06-09,Customer Changed Mind,77502.64
1549,ORD115481,2024-07-01,Late Delivery,23007.52
1550,ORD115491,2024-06-12,Damaged,23863.79
1551,ORD115501,2024-02-19,Wrong Item,36665.64
1552,ORD115511,2025-10-06,Size Issue,48856.65
1553,ORD115521,2025-10-29,Customer Changed Mind,3396.68
1554,ORD115531,2025-02-09,Late Delivery,33255.36
1555,ORD115541,2025-07-27,Damaged,4027.12
1556,ORD115551,2024-07-17,Wrong Item,3086.28
1557,ORD115561,2024-06-29,Size Issue,38457.13
1558,ORD115571,2025-01-10,Customer Changed Mind,22316.1
1559,ORD115581,2025-06-22,Late Delivery,14323.58
1560,ORD115591,2024-04-17,Damaged,7038.74
1561,ORD115601,2024-11-13,Wrong Item,40697.63
1562,ORD115611,2024-12-22,Size Issue,50743.85
1563,ORD115621,2025-01-25,Customer Changed Mind,8119.74
1564,ORD115631,2025-07-28,Late Delivery,61615.76
1565,ORD115641,2025-11-22,Damaged,29243.62
1566,ORD115651,2025-03-05,Wrong Item,40316.7
1567,ORD115661,2025-07-21,Size Issue,81278.45
1568,ORD115671,2025-01-09,Customer Changed Mind,4239.07
1569,ORD115681,2024-07-25,Late Delivery,32015.11
1570,ORD115691,2024-09-26,Damaged,1551.38
1571,ORD115701,2025-09-02,Wrong Item,50862.32
1572,ORD115711,2025-02-15,Size Issue,36387.11
1573,ORD115721,2024-03-23,Customer Changed Mind,71605.53
1574,ORD115731,2024-10-25,Late Delivery,8821.22
1575,ORD115741,2024-11-05,Damaged,67679.41
1576,ORD115751,2024-07-15,Wrong Item,45467
1577,ORD115761,2024-10-20,Size Issue,37780.43
1578,ORD115771,2024-04-07,Customer Changed Mind,33137.33
1579,ORD115781,2025-11-28,Late Delivery,39207.78
1580,ORD115791,2025-01-10,Damaged,32056.85
1581,ORD115801,2025-08-28,Wrong Item,13393.52
1582,ORD115811,2024-07-28,Size Issue,11098.08
1583,ORD115821,2025-10-04,Customer Changed Mind,4776.8
1584,ORD115831,2024-07-28,Late Delivery,16466.41
1585,ORD115841,2025-01-16,Damaged,49457.97
1586,ORD115851,2026-01-03,Wrong Item,17425.92
1587,ORD115861,2025-12-10,Size Issue,6112.35
1588,ORD115871,2025-04-06,Customer Changed Mind,10702.22
1589,ORD115881,2025-04-18,Late Delivery,51536.11
1590,ORD115891,2025-04-23,Damaged,4045.56
1591,ORD115901,2024-03-18,Wrong Item,16770.06
1592,ORD115911,2025-12-26,Size Issue,13403.73
1593,ORD115921,2025-06-06,Customer Changed Mind,59740.95
1594,ORD115931,2025-07-27,Late Delivery,100807.11
1595,ORD115941,2025-10-05,Damaged,23349.13
1596,ORD115951,2025-11-29,Wrong Item,54399.23
1597,ORD115961,2025-11-24,Size Issue,13245.31
1598,ORD115971,2025-10-27,Customer Changed Mind,20486.49
1599,ORD115981,2025-10-06,Late Delivery,41400.58
1600,ORD115991,2025-01-04,Damaged,35615.22
1601,ORD116001,2024-09-09,Wrong Item,4509.14
1602,ORD116011,2024-05-18,Size Issue,25220.79
1603,ORD116021,2025-07-09,Customer Changed Mind,5444.02
1604,ORD116031,2025-05-10,Late Delivery,16729.92
1605,ORD116041,2024-12-09,Damaged,27726.6
1606,ORD116051,2024-09-07,Wrong Item,16868.76
1607,ORD116061,2025-09-04,Size Issue,86891.21
1608,ORD116071,2025-01-16,Customer Changed Mind,35005.64
1609,ORD116081,2024-05-23,Late Delivery,10826.92
1610,ORD116091,2024-12-29,Damaged,5321.41
1611,ORD116101,2025-03-24,Wrong Item,7082.71
1612,ORD116111,2024-09-01,Size Issue,22614.8
1613,ORD116121,2025-03-02,Customer Changed Mind,24676.86
1614,ORD116131,2024-08-04,Late Delivery,16108.47
1615,ORD116141,2025-05-06,Damaged,48671.14
1616,ORD116151,2025-01-14,Wrong Item,49821.59
1617,ORD116161,2025-08-28,Size Issue,21771.53
1618,ORD116171,2024-08-29,Customer Changed Mind,27557.48
1619,ORD116181,2024-10-04,Late Delivery,21124.91
1620,ORD116191,2024-06-04,Damaged,24108.34
1621,ORD116201,2024-07-16,Wrong Item,17890.8
1622,ORD116211,2024-05-15,Size Issue,35628.8
1623,ORD116221,2025-03-25,Customer Changed Mind,10609.74
1624,ORD116231,2025-11-08,Late Delivery,47089.89
1625,ORD116241,2024-03-11,Damaged,52596.32
1626,ORD116251,2026-01-01,Wrong Item,3886.32
1627,ORD116261,2024-08-01,Size Issue,23815.62
1628,ORD116271,2025-10-20,Customer Changed Mind,15406.23
1629,ORD116281,2025-07-15,Late Delivery,12626.09
1630,ORD116291,2025-07-27,Damaged,77542.1
1631,ORD116301,2025-03-26,Wrong Item,5949.43
1632,ORD116311,2025-12-29,Size Issue,9320.67
1633,ORD116321,2025-05-06,Customer Changed Mind,43015.34
1634,ORD116331,2025-03-25,Late Delivery,1526.11
1635,ORD116341,2024-06-22,Damaged,31215.74
1636,ORD116351,2025-09-26,Wrong Item,3439.08
1637,ORD116361,2025-08-26,Size Issue,43205.83
1638,ORD116371,2024-11-14,Customer Changed Mind,14690.95
1639,ORD116381,2025-06-20,Late Delivery,91313.38
1640,ORD116391,2025-06-25,Damaged,2333.73
1641,ORD116401,2025-08-17,Wrong Item,8166.03
1642,ORD116411,2025-04-08,Size Issue,24798.04
1643,ORD116421,2026-01-05,Customer Changed Mind,30237.42
1644,ORD116431,2024-06-01,Late Delivery,13913.1
1645,ORD116441,2024-02-19,Damaged,53422.83
1646,ORD116451,2024-02-20,Wrong Item,28774.91
1647,ORD116461,2024-10-05,Size Issue,3883.14
1648,ORD116471,2025-11-25,Customer Changed Mind,15406.23
1649,ORD116481,2024-08-03,Late Delivery,51922.73
1650,ORD116491,2025-12-20,Damaged,7931.66
1651,ORD116501,2024-10-22,Wrong Item,25431.16
1652,ORD116511,2025-12-22,Size Issue,20862.68
1653,ORD116521,2024-05-04,Customer Changed Mind,810.55
1654,ORD116531,2024-05-31,Late Delivery,44541.76
1655,ORD116541,2024-10-08,Damaged,35337.21
1656,ORD116551,2025-06-29,Wrong Item,9518.96
1657,ORD116561,2025-09-05,Size Issue,21180.58
1658,ORD116571,2025-08-01,Customer Changed Mind,11825.28
1659,ORD116581,2024-08-04,Late Delivery,9978.53
1660,ORD116591,2024-09-12,Damaged,33347.85
1661,ORD116601,2025-01-15,Wrong Item,40992.65
1662,ORD116611,2025-07-30,Size Issue,9771.33
1663,ORD116621,2025-08-30,Customer Changed Mind,1132.53
1664,ORD116631,2025-04-14,Late Delivery,8212.04
1665,ORD116641,2024-07-15,Damaged,35440.58
1666,ORD116651,2025-04-21,Wrong Item,50796.92
1667,ORD116661,2024-06-10,Size Issue,11674.57
1668,ORD116671,2025-04-30,Customer Changed Mind,8676.63
1669,ORD116681,2025-03-01,Late Delivery,4869.01
1670,ORD116691,2025-10-09,Damaged,3864.49
1671,ORD116701,2025-04-17,Wrong Item,2449.82
1672,ORD116711,2025-12-03,Size Issue,47639.27
1673,ORD116721,2025-02-05,Customer Changed Mind,18675.91
1674,ORD116731,2024-04-16,Late Delivery,25564.31
1675,ORD116741,2025-02-19,Damaged,75151.08
1676,ORD116751,2025-12-14,Wrong Item,13599.29
1677,ORD116761,2024-03-08,Size Issue,14357.16
1678,ORD116771,2024-12-02,Customer Changed Mind,6001.53
1679,ORD116781,2024-04-28,Late Delivery,15271.39
1680,ORD116791,2025-04-21,Damaged,52853.25
1681,ORD116801,2025-08-31,Wrong Item,74819
1682,ORD116811,2025-01-30,Size Issue,50430.33
1683,ORD116821,2024-07-30,Customer Changed Mind,35808.89
1684,ORD116831,2024-09-16,Late Delivery,18454.85
1685,ORD116841,2025-05-18,Damaged,15823.2
1686,ORD116851,2024-06-16,Wrong Item,18267.79
1687,ORD116861,2025-08-10,Size Issue,13497.81
1688,ORD116871,2025-01-26,Customer Changed Mind,44724.38
1689,ORD116881,2025-06-11,Late Delivery,9795.44
1690,ORD116891,2025-08-26,Damaged,58613.64
1691,ORD116901,2024-02-02,Wrong Item,33222.52
1692,ORD116911,2025-11-03,Size Issue,39708.28
1693,ORD116921,2024-07-15,Customer Changed Mind,89773.95
1694,ORD116931,2025-12-18,Late Delivery,91569.67
1695,ORD116941,2024-01-12,Damaged,81567.88
1696,ORD116951,2024-10-24,Wrong Item,22608.46
1697,ORD116961,2025-03-06,Size Issue,43779.31
1698,ORD116971,2025-08-11,Customer Changed Mind,48022.67
1699,ORD116981,2025-02-19,Late Delivery,47325.62
1700,ORD116991,2024-06-15,Damaged,13292.16
1701,ORD117001,2025-11-10,Wrong Item,33806.23
1702,ORD117011,2024-08-29,Size Issue,118596.6
1703,ORD117021,2025-06-24,Customer Changed Mind,4060.53
1704,ORD117031,2025-09-18,Late Delivery,19204.31
1705,ORD117041,2024-09-19,Damaged,33255.36
1706,ORD117051,2025-11-21,Wrong Item,34469.5
1707,ORD117061,2025-08-04,Size Issue,93490.73
1708,ORD117071,2025-12-09,Customer Changed Mind,75682.34
1709,ORD117081,2024-10-08,Late Delivery,23056.56
1710,ORD117091,2025-09-20,Damaged,18017.98
1711,ORD117101,2025-01-12,Wrong Item,74916.4
1712,ORD117111,2024-10-17,Size Issue,17333.17
1713,ORD117121,2025-10-06,Customer Changed Mind,14100.94
1714,ORD117131,2025-03-16,Late Delivery,7002.71
1715,ORD117141,2024-11-23,Damaged,50593.92
1716,ORD117151,2025-05-18,Wrong Item,23228.97
1717,ORD117161,2024-09-06,Size Issue,7501.09
1718,ORD117171,2024-11-24,Customer Changed Mind,46065.27
1719,ORD117181,2025-06-07,Late Delivery,9505.74
1720,ORD117191,2024-07-31,Damaged,53989.21
1721,ORD117201,2025-01-22,Wrong Item,4566
1722,ORD117211,2025-11-27,Size Issue,8004.34
1723,ORD117221,2024-05-08,Customer Changed Mind,19277.86
1724,ORD117231,2025-05-31,Late Delivery,11733.97
1725,ORD117241,2024-09-07,Damaged,46104.41
1726,ORD117251,2025-09-21,Wrong Item,34365.6
1727,ORD117261,2024-02-29,Size Issue,10519.99
1728,ORD117271,2026-01-05,Customer Changed Mind,54744.46
1729,ORD117281,2024-06-15,Late Delivery,19689.21
1730,ORD117291,2024-08-30,Damaged,29000.56
1731,ORD117301,2025-05-26,Wrong Item,9113.03
1732,ORD117311,2024-07-09,Size Issue,68677.25
1733,ORD117321,2025-03-26,Customer Changed Mind,40457.25
1734,ORD117331,2025-06-04,Late Delivery,50717.74
1735,ORD117341,2024-07-03,Damaged,38200.63
1736,ORD117351,2024-11-19,Wrong Item,46445.75
1737,ORD117361,2024-10-19,Size Issue,84050.55
1738,ORD117371,2025-08-29,Customer Changed Mind,10226.83
1739,ORD117381,2024-10-02,Late Delivery,44704.26
1740,ORD117391,2025-06-20,Damaged,56780.9
1741,ORD117401,2025-01-24,Wrong Item,17588.39
1742,ORD117411,2024-09-28,Size Issue,48881.18
1743,ORD117421,2024-04-29,Customer Changed Mind,18802.8
1744,ORD117431,2024-02-09,Late Delivery,27915.16
1745,ORD117441,2025-12-21,Damaged,1551.38
1746,ORD117451,2024-01-17,Wrong Item,5094.44
1747,ORD117461,2024-09-08,Size Issue,7799.88
1748,ORD117471,2024-01-12,Customer Changed Mind,45702.98
1749,ORD117481,2024-05-09,Late Delivery,121371.24
1750,ORD117491,2024-12-04,Damaged,16496.45
1751,ORD117501,2024-08-14,Wrong Item,37231.06
1752,ORD117511,2025-02-13,Size Issue,1166.86
1753,ORD117521,2024-09-29,Customer Changed Mind,6572.27
1754,ORD117531,2025-01-05,Late Delivery,8653.93
1755,ORD117541,2025-04-23,Damaged,9457.95
1756,ORD117551,2025-08-29,Wrong Item,26364.31
1757,ORD117561,2025-06-06,Size Issue,66437.46
1758,ORD117571,2025-04-29,Customer Changed Mind,61876.33
1759,ORD117581,2024-06-02,Late Delivery,3086.28
1760,ORD117591,2025-08-07,Damaged,4669.42
1761,ORD117601,2024-02-16,Wrong Item,8907.2
1762,ORD117611,2025-03-18,Size Issue,26787.04
1763,ORD117621,2024-09-04,Customer Changed Mind,33381
1764,ORD117631,2025-11-07,Late Delivery,27929.21
1765,ORD117641,2024-10-21,Damaged,8333.5
1766,ORD117651,2024-09-22,Wrong Item,9153.93
1767,ORD117661,2025-04-25,Size Issue,13990.75
1768,ORD117671,2025-12-14,Customer Changed Mind,51190.74
1769,ORD117681,2024-09-22,Late Delivery,57153.98
1770,ORD117691,2025-12-04,Damaged,79116
1771,ORD117701,2024-06-14,Wrong Item,20892
1772,ORD117711,2024-10-13,Size Issue,5106.71
1773,ORD117721,2024-02-14,Customer Changed Mind,18055.81
1774,ORD117731,2024-01-27,Late Delivery,35428.07
1775,ORD117741,2024-02-25,Damaged,16278.41
1776,ORD117751,2025-01-15,Wrong Item,14768.02
1777,ORD117761,2024-05-31,Size Issue,44199
1778,ORD117771,2024-04-04,Customer Changed Mind,35045.44
1779,ORD117781,2025-01-14,Late Delivery,29608.59
1780,ORD117791,2024-12-04,Damaged,36589.8
1781,ORD117801,2024-11-08,Wrong Item,99126.85
1782,ORD117811,2024-10-15,Size Issue,8244.38
1783,ORD117821,2025-08-30,Customer Changed Mind,31505.08
1784,ORD117831,2024-06-14,Late Delivery,64781.95
1785,ORD117841,2024-04-04,Damaged,24584.82
1786,ORD117851,2024-09-17,Wrong Item,42624.66
1787,ORD117861,2025-09-17,Size Issue,13972.36
1788,ORD117871,2025-08-11,Customer Changed Mind,81069.44
1789,ORD117881,2024-08-18,Late Delivery,19257.79
1790,ORD117891,2024-10-24,Damaged,17733.87
1791,ORD117901,2025-06-28,Wrong Item,1693.63
1792,ORD117911,2025-01-05,Size Issue,6832.65
1793,ORD117921,2025-11-01,Customer Changed Mind,6021.89
1794,ORD117931,2025-02-26,Late Delivery,82690.38
1795,ORD117941,2025-04-17,Damaged,9518.96
1796,ORD117951,2025-02-11,Wrong Item,5669.13
1797,ORD117961,2025-01-26,Size Issue,23798.38
1798,ORD117971,2024-04-18,Customer Changed Mind,74421.62
1799,ORD117981,2025-12-02,Late Delivery,82432.59
1800,ORD117991,2025-07-19,Damaged,33454.95
1801,ORD118001,2025-02-02,Wrong Item,79820.27
1802,ORD118011,2025-11-30,Size Issue,18677.66
1803,ORD118021,2025-12-12,Customer Changed Mind,43269.65
1804,ORD118031,2024-06-17,Late Delivery,3086.48
1805,ORD118041,2024-09-05,Damaged,35798.83
1806,ORD118051,2025-06-24,Wrong Item,18798.16
1807,ORD118061,2025-05-18,Size Issue,5106.71
1808,ORD118071,2025-03-21,Customer Changed Mind,33722.53
1809,ORD118081,2024-10-22,Late Delivery,43998.87
1810,ORD118091,2025-10-02,Damaged,81710.12
1811,ORD118101,2025-02-09,Wrong Item,8854.64
1812,ORD118111,2024-07-25,Size Issue,19251.04
1813,ORD118121,2025-01-29,Customer Changed Mind,62084.56
1814,ORD118131,2025-09-28,Late Delivery,35033.37
1815,ORD118141,2024-05-07,Damaged,29982.38
1816,ORD118151,2025-12-01,Wrong Item,18861.43
1817,ORD118161,2024-01-13,Size Issue,47003.13
1818,ORD118171,2024-10-01,Customer Changed Mind,11507.01
1819,ORD118181,2025-08-24,Late Delivery,6300.41
1820,ORD118191,2025-10-11,Damaged,90133.42
1821,ORD118201,2024-04-16,Wrong Item,31473.21
1822,ORD118211,2024-04-14,Size Issue,3095.17
1823,ORD118221,2024-07-11,Customer Changed Mind,36387.11
1824,ORD118231,2024-09-22,Late Delivery,40528.5
1825,ORD118241,2024-05-30,Damaged,13850.85
1826,ORD118251,2025-11-23,Wrong Item,8843.24
1827,ORD118261,2025-09-28,Size Issue,45113.49
1828,ORD118271,2024-10-19,Customer Changed Mind,38822.44
1829,ORD118281,2025-03-07,Late Delivery,40053.52
1830,ORD118291,2025-04-02,Damaged,72122.44
1831,ORD118301,2024-10-09,Wrong Item,56800.24
1832,ORD118311,2025-04-14,Size Issue,29164.26
1833,ORD118321,2025-12-23,Customer Changed Mind,1025.67
1834,ORD118331,2026-01-07,Late Delivery,2796.2
1835,ORD118341,2024-06-19,Damaged,27612.44
1836,ORD118351,2025-12-27,Wrong Item,41589.9
1837,ORD118361,2025-01-23,Size Issue,42064.8
1838,ORD118371,2024-03-31,Customer Changed Mind,17899.42
1839,ORD118381,2025-11-08,Late Delivery,5577.66
1840,ORD118391,2024-05-09,Damaged,23467.94
1841,ORD118401,2024-08-28,Wrong Item,18507.64
1842,ORD118411,2024-10-09,Size Issue,49457.97
1843,ORD118421,2024-06-25,Customer Changed Mind,21039.97
1844,ORD118431,2024-10-21,Late Delivery,50109.48
1845,ORD118441,2025-03-23,Damaged,18787.68
1846,ORD118451,2025-07-05,Wrong Item,42559.89
1847,ORD118461,2025-09-26,Size Issue,16609.36
1848,ORD118471,2024-01-13,Customer Changed Mind,50451.6
1849,ORD118481,2025-08-01,Late Delivery,21247.01
1850,ORD118491,2024-06-15,Damaged,17182.84
1851,ORD118501,2024-05-07,Wrong Item,26219.12
1852,ORD118511,2024-08-13,Size Issue,52728.63
1853,ORD118521,2025-07-05,Customer Changed Mind,37061.25
1854,ORD118531,2024-03-02,Late Delivery,13536.47
1855,ORD118541,2025-02-06,Damaged,15919.73
1856,ORD118551,2025-09-15,Wrong Item,51537.95
1857,ORD118561,2025-09-27,Size Issue,76895.48
1858,ORD118571,2025-08-01,Customer Changed Mind,76987.2
1859,ORD118581,2024-02-04,Late Delivery,42156.67
1860,ORD118591,2025-04-19,Damaged,14803.88
1861,ORD118601,2025-04-21,Wrong Item,42407.96
1862,ORD118611,2025-03-20,Size Issue,24138.23
1863,ORD118621,2025-07-01,Customer Changed Mind,25558.13
1864,ORD118631,2024-03-31,Late Delivery,2042.69
1865,ORD118641,2025-05-15,Damaged,14733
1866,ORD118651,2024-12-15,Wrong Item,12929.55
1867,ORD118661,2024-11-04,Size Issue,6532.11
1868,ORD118671,2025-08-09,Customer Changed Mind,17502.82
1869,ORD118681,2024-02-03,Late Delivery,5714.82
1870,ORD118691,2024-08-10,Damaged,43136.05
1871,ORD118701,2025-06-19,Wrong Item,26041.74
1872,ORD118711,2025-11-23,Size Issue,7274.72
1873,ORD118721,2025-07-04,Customer Changed Mind,32736.24
1874,ORD118731,2024-11-09,Late Delivery,5169.69
1875,ORD118741,2025-07-10,Damaged,45461.02
1876,ORD118751,2025-11-28,Wrong Item,8366.49
1877,ORD118761,2025-03-15,Size Issue,20026.76
1878,ORD118771,2024-09-21,Customer Changed Mind,21971.66
1879,ORD118781,2025-12-28,Late Delivery,36415.45
1880,ORD118791,2024-06-15,Damaged,44369.88
1881,ORD118801,2025-11-08,Wrong Item,3285.27
1882,ORD118811,2024-09-11,Size Issue,15752.54
1883,ORD118821,2025-07-18,Customer Changed Mind,10985.83
1884,ORD118831,2024-12-29,Late Delivery,84586.15
1885,ORD118841,2025-12-25,Damaged,25137.53
1886,ORD118851,2024-12-29,Wrong Item,7302.35
1887,ORD118861,2025-03-08,Size Issue,4774.38
1888,ORD118871,2024-08-07,Customer Changed Mind,10448.55
1889,ORD118881,2024-05-21,Late Delivery,35706.99
1890,ORD118891,2024-06-13,Damaged,26382.59
1891,ORD118901,2025-10-18,Wrong Item,24116.16
1892,ORD118911,2024-10-31,Size Issue,25385.52
1893,ORD118921,2024-12-03,Customer Changed Mind,27037.18
1894,ORD118931,2024-02-10,Late Delivery,18856.97
1895,ORD118941,2024-05-17,Damaged,38038.3
1896,ORD118951,2024-11-04,Wrong Item,17733.28
1897,ORD118961,2024-02-03,Size Issue,43409.97
1898,ORD118971,2025-09-12,Customer Changed Mind,23171.93
1899,ORD118981,2024-08-14,Late Delivery,65422.3
1900,ORD118991,2025-03-14,Damaged,25491.71
1901,ORD119001,2025-04-21,Wrong Item,34307.09
1902,ORD119011,2024-07-22,Size Issue,3095.17
1903,ORD119021,2025-01-12,Customer Changed Mind,13257.66
1904,ORD119031,2025-04-25,Late Delivery,35304.98
1905,ORD119041,2024-06-29,Damaged,41385.99
1906,ORD119051,2025-01-20,Wrong Item,48080.55
1907,ORD119061,2025-02-26,Size Issue,9465.12
1908,ORD119071,2024-03-05,Customer Changed Mind,10696.67
1909,ORD119081,2025-07-22,Late Delivery,9943.6
1910,ORD119091,2025-02-02,Damaged,16897.38
1911,ORD119101,2025-01-11,Wrong Item,10738.18
1912,ORD119111,2024-07-03,Size Issue,39248.78
1913,ORD119121,2025-07-29,Customer Changed Mind,26215.63
1914,ORD119131,2025-03-07,Late Delivery,16858.4
1915,ORD119141,2026-01-04,Damaged,47349.3
1916,ORD119151,2025-03-17,Wrong Item,6329.61
1917,ORD119161,2024-11-19,Size Issue,43795.57
1918,ORD119171,2024-12-07,Customer Changed Mind,32155.87
1919,ORD119181,2025-08-23,Late Delivery,50872.02
1920,ORD119191,2024-09-30,Damaged,9514.39
1921,ORD119201,2025-03-27,Wrong Item,13981
1922,ORD119211,2024-05-05,Size Issue,49406.2
1923,ORD119221,2024-07-27,Customer Changed Mind,7139.22
1924,ORD119231,2024-05-15,Late Delivery,11075.54
1925,ORD119241,2025-08-03,Damaged,9505.74
1926,ORD119251,2024-11-18,Wrong Item,18015.43
1927,ORD119261,2026-01-01,Size Issue,29332.51
1928,ORD119271,2025-12-01,Customer Changed Mind,9465.12
1929,ORD119281,2025-06-03,Late Delivery,5965.95
1930,ORD119291,2024-04-30,Damaged,19169.09
1931,ORD119301,2025-04-02,Wrong Item,1825.15
1932,ORD119311,2025-10-15,Size Issue,820.54
1933,ORD119321,2024-12-15,Customer Changed Mind,17416.82
1934,ORD119331,2025-05-09,Late Delivery,16476.96
1935,ORD119341,2025-02-24,Damaged,26787.04
1936,ORD119351,2025-05-20,Wrong Item,2855.11
1937,ORD119361,2025-11-07,Size Issue,53766.86
1938,ORD119371,2025-07-29,Customer Changed Mind,18408.29
1939,ORD119381,2025-10-13,Late Delivery,3692.41
1940,ORD119391,2024-09-30,Damaged,39181.36
1941,ORD119401,2024-02-16,Wrong Item,15675.14
1942,ORD119411,2024-11-24,Size Issue,4555.1
1943,ORD119421,2025-07-19,Customer Changed Mind,5734.33
1944,ORD119431,2024-08-09,Late Delivery,12999.64
1945,ORD119441,2025-06-25,Damaged,31508.55
1946,ORD119451,2024-03-29,Wrong Item,14660.78
1947,ORD119461,2025-04-06,Size Issue,9934.34
1948,ORD119471,2024-11-21,Customer Changed Mind,45409.41
1949,ORD119481,2025-01-20,Late Delivery,24313.45
1950,ORD119491,2025-07-25,Damaged,23052.2
1951,ORD119501,2025-05-10,Wrong Item,83850.3
1952,ORD119511,2025-07-15,Size Issue,14032.9
1953,ORD119521,2024-06-12,Customer Changed Mind,67706.41
1954,ORD119531,2024-06-02,Late Delivery,8554.73
1955,ORD119541,2025-05-30,Damaged,10305.48
1956,ORD119551,2024-01-26,Wrong Item,5692.25
1957,ORD119561,2025-07-15,Size Issue,94162.1
1958,ORD119571,2025-01-01,Customer Changed Mind,23567.61
1959,ORD119581,2024-03-13,Late Delivery,29925.9
1960,ORD119591,2025-02-18,Damaged,14666.26
1961,ORD119601,2024-04-22,Wrong Item,26807.46
1962,ORD119611,2024-09-22,Size Issue,30342.93
1963,ORD119621,2025-06-26,Customer Changed Mind,19689.21
1964,ORD119631,2025-06-18,Late Delivery,81328.14
1965,ORD119641,2024-11-08,Damaged,7605.74
1966,ORD119651,2025-08-18,Wrong Item,112596.45
1967,ORD119661,2025-05-28,Size Issue,27634.67
1968,ORD119671,2024-08-14,Customer Changed Mind,45042.61
1969,ORD119681,2025-08-22,Late Delivery,53535.39
1970,ORD119691,2025-03-31,Damaged,45784.71
1971,ORD119701,2024-04-13,Wrong Item,23527.93
1972,ORD119711,2024-11-08,Size Issue,27706.24
1973,ORD119721,2025-02-17,Customer Changed Mind,26987.46
1974,ORD119731,2024-03-31,Late Delivery,35828.24
1975,ORD119741,2025-02-04,Damaged,4356.61
1976,ORD119751,2024-08-29,Wrong Item,17440.7
1977,ORD119761,2025-03-07,Size Issue,86660.06
1978,ORD119771,2025-10-08,Customer Changed Mind,13750.3
1979,ORD119781,2024-11-13,Late Delivery,14690.95
1980,ORD119791,2025-02-20,Damaged,29607.77
1981,ORD119801,2025-11-10,Wrong Item,30422.98
1982,ORD119811,2024-12-13,Size Issue,25970.7
1983,ORD119821,2024-07-23,Customer Changed Mind,12365.04
1984,ORD119831,2025-01-11,Late Delivery,10261.57
1985,ORD119841,2025-03-27,Damaged,35802.76
1986,ORD119851,2024-07-20,Wrong Item,16208.96
1987,ORD119861,2024-09-29,Size Issue,19985.43
1988,ORD119871,2024-09-16,Customer Changed Mind,12307.25
1989,ORD119881,2024-10-09,Late Delivery,32674.32
1990,ORD119891,2024-11-19,Damaged,16340.29
1991,ORD119901,2025-04-08,Wrong Item,14074.17
1992,ORD119911,2026-01-06,Size Issue,46563.42
1993,ORD119921,2024-06-28,Customer Changed Mind,67080.24
1994,ORD119931,2024-12-12,Late Delivery,41166.02
1995,ORD119941,2026-01-02,Damaged,15919.73
1996,ORD119951,2024-12-09,Wrong Item,28393.74
1997,ORD119961,2025-11-06,Size Issue,7559.36
1998,ORD119971,2024-10-17,Customer Changed Mind,40733.11
1999,ORD119981,2025-04-15,Late Delivery,17254.42
2000,ORD119991,2024-05-03,Damaged,12144.36
2001,ORD120001,2025-06-19,Wrong Item,55057.28
2002,ORD120011,2025-09-26,Size Issue,65461.18
2003,ORD120021,2024-07-13,Customer Changed Mind,17315.84
2004,ORD120031,2024-10-15,Late Delivery,7063.93
2005,ORD120041,2025-01-07,Damaged,60331.91
2006,ORD120051,2025-08-29,Wrong Item,9573.01
2007,ORD120061,2024-06-18,Size Issue,10563.35
2008,ORD120071,2024-01-31,Customer Changed Mind,22468.36
2009,ORD120081,2025-02-27,Late Delivery,15259.73
2010,ORD120091,2024-07-09,Damaged,16466.41
2011,ORD120101,2025-11-12,Wrong Item,33620.22
2012,ORD120111,2024-07-17,Size Issue,53755.6
2013,ORD120121,2025-05-08,Customer Changed Mind,79622.84
2014,ORD120131,2024-04-10,Late Delivery,83471.65
2015,ORD120141,2024-08-23,Damaged,8907.2
2016,ORD120151,2025-06-13,Wrong Item,51527.4
2017,ORD120161,2024-09-23,Size Issue,19980.78
2018,ORD120171,2024-06-29,Customer Changed Mind,35573.44
2019,ORD120181,2025-07-17,Late Delivery,18549.86
2020,ORD120191,2025-08-19,Damaged,49460.16
2021,ORD120201,2025-02-19,Wrong Item,9821.01
2022,ORD120211,2024-01-18,Size Issue,98411.3
2023,ORD120221,2024-05-02,Customer Changed Mind,6297.39
2024,ORD120231,2024-06-10,Late Delivery,8794.2
2025,ORD120241,2024-03-18,Damaged,40892.14
2026,ORD120251,2025-11-04,Wrong Item,65361.16
2027,ORD120261,2025-12-12,Size Issue,42222.52
2028,ORD120271,2024-03-09,Customer Changed Mind,13644.18
2029,ORD120281,2025-06-01,Late Delivery,25418.23
2030,ORD120291,2024-02-19,Damaged,14781.7
2031,ORD120301,2024-03-12,Wrong Item,15256.72
2032,ORD120311,2024-03-13,Size Issue,37588.86
2033,ORD120321,2025-02-09,Customer Changed Mind,3077.01
2034,ORD120331,2024-01-18,Late Delivery,6229.07
2035,ORD120341,2024-05-03,Damaged,2114.87
2036,ORD120351,2025-05-02,Wrong Item,33914.68
2037,ORD120361,2025-05-07,Size Issue,56773.03
2038,ORD120371,2025-06-18,Customer Changed Mind,40595.08
2039,ORD120381,2025-08-19,Late Delivery,83475.24
2040,ORD120391,2025-05-15,Damaged,23798.38
2041,ORD120401,2025-05-11,Wrong Item,107969.92
2042,ORD120411,2025-01-05,Size Issue,18036.56
2043,ORD120421,2025-11-03,Customer Changed Mind,12003.05
2044,ORD120431,2025-03-22,Late Delivery,4347.55
2045,ORD120441,2025-11-27,Damaged,22885.84
2046,ORD120451,2025-06-30,Wrong Item,3988.37
2047,ORD120461,2025-09-26,Size Issue,59039.91
2048,ORD120471,2025-10-03,Customer Changed Mind,89684.6
2049,ORD120481,2024-09-25,Late Delivery,18883.93
2050,ORD120491,2024-12-28,Damaged,17733.87
2051,ORD120501,2025-03-11,Wrong Item,12058.08
2052,ORD120511,2024-03-11,Size Issue,17522.72
2053,ORD120521,2024-01-23,Customer Changed Mind,37855.6
2054,ORD120531,2025-11-22,Late Delivery,18082.58
2055,ORD120541,2024-04-18,Damaged,4509.14
2056,ORD120551,2024-06-09,Wrong Item,36705.55
2057,ORD120561,2025-08-28,Size Issue,11338.27
2058,ORD120571,2025-07-09,Customer Changed Mind,35033.37
2059,ORD120581,2025-09-28,Late Delivery,10540.27
2060,ORD120591,2025-07-19,Damaged,2867.17
2061,ORD120601,2024-07-16,Wrong Item,24013.02
2062,ORD120611,2025-01-15,Size Issue,12569.35
2063,ORD120621,2024-12-16,Customer Changed Mind,87613.61
2064,ORD120631,2025-04-25,Late Delivery,37915.29
2065,ORD120641,2025-02-21,Damaged,37396.29
2066,ORD120651,2024-06-16,Wrong Item,48671.14
2067,ORD120661,2024-12-10,Size Issue,66302.7
2068,ORD120671,2025-06-29,Customer Changed Mind,11356.18
2069,ORD120681,2024-12-22,Late Delivery,22749.17
2070,ORD120691,2025-07-15,Damaged,11190.99
2071,ORD120701,2024-12-27,Wrong Item,31283.28
2072,ORD120711,2024-10-16,Size Issue,23239.84
2073,ORD120721,2024-09-29,Customer Changed Mind,22243.58
2074,ORD120731,2025-12-22,Late Delivery,27848.29
2075,ORD120741,2025-03-24,Damaged,27243.86
2076,ORD120751,2024-07-10,Wrong Item,18565.53
2077,ORD120761,2024-10-12,Size Issue,43132.27
2078,ORD120771,2024-06-09,Customer Changed Mind,19430.98
2079,ORD120781,2024-02-08,Late Delivery,14787.88
2080,ORD120791,2025-05-05,Damaged,13094.68
2081,ORD120801,2025-10-21,Wrong Item,17842.18
2082,ORD120811,2025-04-21,Size Issue,47322.9
2083,ORD120821,2024-04-10,Customer Changed Mind,4059.87
2084,ORD120831,2025-07-10,Late Delivery,4722.15
2085,ORD120841,2025-08-22,Damaged,27580.02
2086,ORD120851,2024-12-20,Wrong Item,53710.15
2087,ORD120861,2024-06-21,Size Issue,47059.87
2088,ORD120871,2025-02-19,Customer Changed Mind,60484.27
2089,ORD120881,2025-07-16,Late Delivery,5721.46
2090,ORD120891,2024-06-17,Damaged,54183.38
2091,ORD120901,2024-04-20,Wrong Item,7732.28
2092,ORD120911,2025-03-30,Size Issue,2438.46
2093,ORD120921,2025-06-02,Customer Changed Mind,15305.85
2094,ORD120931,2024-09-12,Late Delivery,10390.74
2095,ORD120941,2024-04-09,Damaged,37197.06
2096,ORD120951,2025-02-07,Wrong Item,8462.07
2097,ORD120961,2024-10-30,Size Issue,2151.81
2098,ORD120971,2025-02-01,Customer Changed Mind,38038.3
2099,ORD120981,2024-07-17,Late Delivery,25018.95
2100,ORD120991,2025-11-01,Damaged,7135.79
2101,ORD121001,2024-07-16,Wrong Item,75909.42
2102,ORD121011,2024-09-30,Size Issue,80107.04
2103,ORD121021,2024-12-07,Customer Changed Mind,68808.52
2104,ORD121031,2024-09-26,Late Delivery,3945.38
2105,ORD121041,2024-07-22,Damaged,28939.98
2106,ORD121051,2024-03-25,Wrong Item,7402.15
2107,ORD121061,2025-03-05,Size Issue,24087.56
2108,ORD121071,2024-10-02,Customer Changed Mind,14387.46
2109,ORD121081,2024-01-18,Late Delivery,33189.51
2110,ORD121091,2024-10-06,Damaged,10937.62
2111,ORD121101,2024-09-19,Wrong Item,24606.72
2112,ORD121111,2024-09-30,Size Issue,4641.77
2113,ORD121121,2025-09-23,Customer Changed Mind,2313.71
2114,ORD121131,2025-10-20,Late Delivery,52182.69
2115,ORD121141,2024-06-07,Damaged,19941.85
2116,ORD121151,2025-04-29,Wrong Item,31863.11
2117,ORD121161,2024-11-20,Size Issue,2608.28
2118,ORD121171,2024-04-18,Customer Changed Mind,9465.12
2119,ORD121181,2024-04-14,Late Delivery,63880.85
2120,ORD121191,2024-05-15,Damaged,44636.47
2121,ORD121201,2024-07-17,Wrong Item,20090.28
2122,ORD121211,2024-04-19,Size Issue,48022.67
2123,ORD121221,2024-06-08,Customer Changed Mind,14322.6
2124,ORD121231,2024-01-18,Late Delivery,35798.83
2125,ORD121241,2025-10-30,Damaged,47878.33
2126,ORD121251,2025-09-04,Wrong Item,23872.63
2127,ORD121261,2025-07-26,Size Issue,9428.6
2128,ORD121271,2025-07-25,Customer Changed Mind,3023.05
2129,ORD121281,2024-07-16,Late Delivery,50779.81
2130,ORD121291,2025-02-08,Damaged,96255.19
2131,ORD121301,2024-09-14,Wrong Item,14815.4
2132,ORD121311,2024-12-01,Size Issue,20221.52
2133,ORD121321,2024-10-13,Customer Changed Mind,8590.55
2134,ORD121331,2025-10-12,Late Delivery,15211.49
2135,ORD121341,2024-04-18,Damaged,21037.3
2136,ORD121351,2024-04-30,Wrong Item,3707.32
2137,ORD121361,2025-04-02,Size Issue,10486.25
2138,ORD121371,2025-06-19,Customer Changed Mind,67382.48
2139,ORD121381,2025-11-08,Late Delivery,18565.53
2140,ORD121391,2025-04-13,Damaged,33917.6
2141,ORD121401,2025-11-20,Wrong Item,30165.96
2142,ORD121411,2025-11-04,Size Issue,8061.48
2143,ORD121421,2024-11-19,Customer Changed Mind,53991.24
2144,ORD121431,2025-12-20,Late Delivery,42873.79
2145,ORD121441,2024-01-17,Damaged,33477.35
2146,ORD121451,2024-12-08,Wrong Item,31256.42
2147,ORD121461,2025-03-19,Size Issue,31199.51
2148,ORD121471,2024-03-07,Customer Changed Mind,16722.92
2149,ORD121481,2025-05-24,Late Delivery,33144.15
2150,ORD121491,2024-05-04,Damaged,20025.98
2151,ORD121501,2025-11-16,Wrong Item,5037.03
2152,ORD121511,2024-08-27,Size Issue,3203.05
2153,ORD121521,2025-01-13,Customer Changed Mind,6273.42
2154,ORD121531,2024-12-06,Late Delivery,33238.49
2155,ORD121541,2025-07-21,Damaged,10975.77
2156,ORD121551,2025-12-05,Wrong Item,12472.17
2157,ORD121561,2025-10-07,Size Issue,29597
2158,ORD121571,2024-12-13,Customer Changed Mind,32307.99
2159,ORD121581,2024-07-19,Late Delivery,2573.93
2160,ORD121591,2025-08-01,Damaged,59807.79
2161,ORD121601,2024-05-30,Wrong Item,31620.94
2162,ORD121611,2025-06-10,Size Issue,28325.44
2163,ORD121621,2025-07-23,Customer Changed Mind,16956.28
2164,ORD121631,2025-07-23,Late Delivery,46096.2
2165,ORD121641,2024-02-27,Damaged,27243.86
2166,ORD121651,2025-09-27,Wrong Item,75682.34
2167,ORD121661,2025-12-18,Size Issue,17947.67
2168,ORD121671,2024-11-18,Customer Changed Mind,18764.87
2169,ORD121681,2025-01-29,Late Delivery,34843.75
2170,ORD121691,2024-02-03,Damaged,10079.25
2171,ORD121701,2025-05-31,Wrong Item,6614.31
2172,ORD121711,2025-03-06,Size Issue,16404.48
2173,ORD121721,2025-04-22,Customer Changed Mind,40021.7
2174,ORD121731,2024-11-12,Late Delivery,36476.53
2175,ORD121741,2024-08-08,Damaged,9950.07
2176,ORD121751,2026-01-05,Wrong Item,23048.1
2177,ORD121761,2024-03-13,Size Issue,14074.17
2178,ORD121771,2025-02-03,Customer Changed Mind,16059.7
2179,ORD121781,2024-04-20,Late Delivery,22939.34
2180,ORD121791,2025-02-19,Damaged,25009.88
2181,ORD121801,2024-05-21,Wrong Item,53698.25
2182,ORD121811,2025-11-03,Size Issue,32783.4
2183,ORD121821,2025-02-24,Customer Changed Mind,3475.66
2184,ORD121831,2025-04-20,Late Delivery,6828.96
2185,ORD121841,2025-03-09,Damaged,51922.73
2186,ORD121851,2025-08-05,Wrong Item,9692.4
2187,ORD121861,2024-03-21,Size Issue,29816.25
2188,ORD121871,2024-05-31,Customer Changed Mind,91474.5
2189,ORD121881,2024-08-07,Late Delivery,13614.3
2190,ORD121891,2025-02-21,Damaged,18917.97
2191,ORD121901,2025-07-14,Wrong Item,37820.85
2192,ORD121911,2025-03-31,Size Issue,84515.58
2193,ORD121921,2025-10-17,Customer Changed Mind,40920.3
2194,ORD121931,2024-06-14,Late Delivery,22929.55
2195,ORD121941,2025-05-05,Damaged,773.79
2196,ORD121951,2024-06-09,Wrong Item,41336.21
2197,ORD121961,2025-09-29,Size Issue,50862.32
2198,ORD121971,2025-09-28,Customer Changed Mind,1081.42
2199,ORD121981,2024-03-31,Late Delivery,16504.73
2200,ORD121991,2024-06-23,Damaged,13493.73
2201,ORD122001,2024-06-27,Wrong Item,30289.38
2202,ORD122011,2025-07-17,Size Issue,41413.54
2203,ORD122021,2024-08-26,Customer Changed Mind,29313.28
2204,ORD122031,2025-10-18,Late Delivery,23871.92
2205,ORD122041,2024-08-21,Damaged,49406.2
2206,ORD122051,2024-10-15,Wrong Item,25669.39
2207,ORD122061,2024-03-20,Size Issue,12509.48
2208,ORD122071,2025-09-28,Customer Changed Mind,30342.93
2209,ORD122081,2025-07-29,Late Delivery,71563.2
2210,ORD122091,2024-05-12,Damaged,9453.35
2211,ORD122101,2025-01-18,Wrong Item,27095.46
2212,ORD122111,2025-01-27,Size Issue,5623.13
2213,ORD122121,2025-08-25,Customer Changed Mind,25586.6
2214,ORD122131,2024-11-23,Late Delivery,18787.77
2215,ORD122141,2024-01-24,Damaged,5596.7
2216,ORD122151,2024-04-18,Wrong Item,44294.68
2217,ORD122161,2025-01-28,Size Issue,18525.84
2218,ORD122171,2025-09-18,Customer Changed Mind,18009.96
2219,ORD122181,2025-08-19,Late Delivery,81278.45
2220,ORD122191,2024-05-20,Damaged,33912.69
2221,ORD122201,2024-09-18,Wrong Item,28991.59
2222,ORD122211,2024-05-24,Size Issue,27745.2
2223,ORD122221,2025-06-24,Customer Changed Mind,18972.72
2224,ORD122231,2025-01-16,Late Delivery,32155.87
2225,ORD122241,2025-05-03,Damaged,16959.2
2226,ORD122251,2024-03-02,Wrong Item,63132.4
2227,ORD122261,2025-03-04,Size Issue,18615.53
2228,ORD122271,2024-12-01,Customer Changed Mind,24835.86
2229,ORD122281,2024-12-26,Late Delivery,21415.48
2230,ORD122291,2025-12-27,Damaged,31502.06
2231,ORD122301,2024-12-16,Wrong Item,42837.08
2232,ORD122311,2024-05-06,Size Issue,46199.3
2233,ORD122321,2025-02-15,Customer Changed Mind,18704.75
2234,ORD122331,2025-05-11,Late Delivery,34554.92
2235,ORD122341,2025-07-23,Damaged,12610.4
2236,ORD122351,2025-01-08,Wrong Item,47322.9
2237,ORD122361,2024-08-14,Size Issue,3501.24
2238,ORD122371,2024-06-27,Customer Changed Mind,31345.09
2239,ORD122381,2024-07-20,Late Delivery,40929.3
2240,ORD122391,2025-01-01,Damaged,50229.4
2241,ORD122401,2025-06-17,Wrong Item,34863.91
2242,ORD122411,2025-05-22,Size Issue,82482.23
2243,ORD122421,2024-06-02,Customer Changed Mind,79622.84
2244,ORD122431,2024-04-04,Late Delivery,65043.36
2245,ORD122441,2025-11-14,Damaged,19038.7
2246,ORD122451,2024-05-21,Wrong Item,29719.12
2247,ORD122461,2025-09-15,Size Issue,18016.05
2248,ORD122471,2025-08-13,Customer Changed Mind,6533.68
2249,ORD122481,2024-02-15,Late Delivery,12872.99
2250,ORD122491,2025-11-27,Damaged,14803.3
2251,ORD122501,2025-02-11,Wrong Item,4045.56
2252,ORD122511,2024-10-01,Size Issue,42876.96
2253,ORD122521,2025-05-26,Customer Changed Mind,12525.12
2254,ORD122531,2025-11-16,Late Delivery,9081.29
2255,ORD122541,2025-12-03,Damaged,37351.82
2256,ORD122551,2024-03-27,Wrong Item,20231.14
2257,ORD122561,2024-04-15,Size Issue,33137.33
2258,ORD122571,2024-01-19,Customer Changed Mind,4843.66
2259,ORD122581,2025-12-14,Late Delivery,21601.58
2260,ORD122591,2025-04-25,Damaged,67821
2261,ORD122601,2025-05-25,Wrong Item,14993.94
2262,ORD122611,2024-09-22,Size Issue,39952.66
2263,ORD122621,2025-06-17,Customer Changed Mind,100878.68
2264,ORD122631,2024-08-27,Late Delivery,59789.73
2265,ORD122641,2025-06-26,Damaged,10431.34
2266,ORD122651,2025-04-06,Wrong Item,12872.99
2267,ORD122661,2024-11-10,Size Issue,22553.32
2268,ORD122671,2025-04-24,Customer Changed Mind,3898.02
2269,ORD122681,2024-08-04,Late Delivery,16480.29
2270,ORD122691,2024-09-30,Damaged,20863.38
2271,ORD122701,2025-12-06,Wrong Item,11468.67
2272,ORD122711,2024-02-08,Size Issue,9821.01
2273,ORD122721,2025-03-07,Customer Changed Mind,37945.44
2274,ORD122731,2024-05-06,Late Delivery,21367.75
2275,ORD122741,2024-07-09,Damaged,35440.58
2276,ORD122751,2025-01-28,Wrong Item,15781.31
2277,ORD122761,2025-10-30,Size Issue,11621.22
2278,ORD122771,2025-11-12,Customer Changed Mind,39676.86
2279,ORD122781,2024-04-11,Late Delivery,40250.07
2280,ORD122791,2025-01-02,Damaged,100878.68
2281,ORD122801,2024-04-18,Wrong Item,13817.34
2282,ORD122811,2024-03-28,Size Issue,12826.8
2283,ORD122821,2025-04-23,Customer Changed Mind,12043.78
2284,ORD122831,2024-01-31,Late Delivery,24695.27
2285,ORD122841,2025-11-21,Damaged,47094.5
2286,ORD122851,2025-04-01,Wrong Item,35284.86
2287,ORD122861,2024-12-31,Size Issue,55635
2288,ORD122871,2025-05-29,Customer Changed Mind,57153.98
2289,ORD122881,2024-05-10,Late Delivery,33255.36
2290,ORD122891,2024-08-15,Damaged,6434.82
2291,ORD122901,2025-10-15,Wrong Item,4962.73
2292,ORD122911,2025-03-07,Size Issue,4249.93
2293,ORD122921,2024-08-22,Customer Changed Mind,17076.74
2294,ORD122931,2025-02-18,Late Delivery,56885.49
2295,ORD122941,2024-07-02,Damaged,18854.03
2296,ORD122951,2025-08-28,Wrong Item,45917.55
2297,ORD122961,2024-02-28,Size Issue,26215.63
2298,ORD122971,2025-01-20,Customer Changed Mind,22468.36
2299,ORD122981,2024-10-25,Late Delivery,13144.54
2300,ORD122991,2024-09-20,Damaged,38420.34
2301,ORD123001,2025-03-14,Wrong Item,24010.45
2302,ORD123011,2025-02-03,Size Issue,10447.86
2303,ORD123021,2025-08-10,Customer Changed Mind,11076.01
2304,ORD123031,2025-12-30,Late Delivery,22270.88
2305,ORD123041,2025-11-27,Damaged,42253.4
2306,ORD123051,2024-12-20,Wrong Item,48225.45
2307,ORD123061,2024-06-17,Size Issue,5549.04
2308,ORD123071,2025-01-15,Customer Changed Mind,10633.73
2309,ORD123081,2025-02-28,Late Delivery,8712.96
2310,ORD123091,2026-01-02,Damaged,18016.05
2311,ORD123101,2025-12-19,Wrong Item,9778.2
2312,ORD123111,2025-01-31,Size Issue,10115.57
2313,ORD123121,2025-05-15,Customer Changed Mind,12819.04
2314,ORD123131,2024-05-16,Late Delivery,26460.56
2315,ORD123141,2025-09-29,Damaged,94877.28
2316,ORD123151,2024-01-09,Wrong Item,20885.71
2317,ORD123161,2024-07-19,Size Issue,2239.27
2318,ORD123171,2025-02-11,Customer Changed Mind,7041.64
2319,ORD123181,2026-01-05,Late Delivery,60721.78
2320,ORD123191,2024-02-05,Damaged,6356.44
2321,ORD123201,2025-01-14,Wrong Item,81364.68
2322,ORD123211,2024-01-18,Size Issue,71937.28
2323,ORD123221,2025-11-12,Customer Changed Mind,24535.62
2324,ORD123231,2025-08-09,Late Delivery,15118.71
2325,ORD123241,2024-11-14,Damaged,41442.48
2326,ORD123251,2025-11-05,Wrong Item,1825.59
2327,ORD123261,2024-02-05,Size Issue,32713.71
2328,ORD123271,2024-07-24,Customer Changed Mind,48085.27
2329,ORD123281,2025-04-04,Late Delivery,12946.83
2330,ORD123291,2025-07-07,Damaged,38382.17
2331,ORD123301,2026-01-01,Wrong Item,31947.66
2332,ORD123311,2025-07-09,Size Issue,40637.54
2333,ORD123321,2025-02-09,Customer Changed Mind,14378.2
2334,ORD123331,2024-02-18,Late Delivery,40053.52
2335,ORD123341,2024-12-27,Damaged,51149.59
2336,ORD123351,2024-07-13,Wrong Item,24953.94
2337,ORD123361,2025-11-17,Size Issue,18787.77
2338,ORD123371,2025-08-11,Customer Changed Mind,39170.96
2339,ORD123381,2024-07-01,Late Delivery,24108.34
2340,ORD123391,2025-05-23,Damaged,36826.96
2341,ORD123401,2025-12-06,Wrong Item,70739.01
2342,ORD123411,2025-05-28,Size Issue,101744.08
2343,ORD123421,2024-08-06,Customer Changed Mind,10502.85
2344,ORD123431,2024-04-13,Late Delivery,14689.76
2345,ORD123441,2024-04-28,Damaged,5130.72
2346,ORD123451,2025-06-19,Wrong Item,7813.16
2347,ORD123461,2025-03-04,Size Issue,16812.79
2348,ORD123471,2025-01-06,Customer Changed Mind,21601.58
2349,ORD123481,2025-02-16,Late Delivery,51606.39
2350,ORD123491,2025-12-26,Damaged,28630.08
2351,ORD123501,2025-12-05,Wrong Item,1976.47
2352,ORD123511,2025-12-31,Size Issue,28958.26
2353,ORD123521,2025-08-27,Customer Changed Mind,25314.03
2354,ORD123531,2024-12-17,Late Delivery,45159.1
2355,ORD123541,2024-05-14,Damaged,23007.52
2356,ORD123551,2025-07-07,Wrong Item,75465.27
2357,ORD123561,2025-02-09,Size Issue,127180.1
2358,ORD123571,2025-12-31,Customer Changed Mind,29736.83
2359,ORD123581,2025-04-30,Late Delivery,30971.96
2360,ORD123591,2025-04-02,Damaged,5033.62
2361,ORD123601,2024-02-09,Wrong Item,3834.56
2362,ORD123611,2025-12-04,Size Issue,40929.3
2363,ORD123621,2025-07-27,Customer Changed Mind,16238.73
2364,ORD123631,2024-08-17,Late Delivery,3932.2
2365,ORD123641,2024-05-23,Damaged,22730.51
2366,ORD123651,2024-04-15,Wrong Item,5777.89
2367,ORD123661,2025-01-04,Size Issue,54724.13
2368,ORD123671,2024-08-06,Customer Changed Mind,57964.72
2369,ORD123681,2024-02-13,Late Delivery,17078
2370,ORD123691,2025-03-22,Damaged,51904.45
2371,ORD123701,2025-05-01,Wrong Item,19257.79
2372,ORD123711,2025-12-17,Size Issue,64013.36
2373,ORD123721,2024-10-21,Customer Changed Mind,3229.1
2374,ORD123731,2025-03-27,Late Delivery,66401.89
2375,ORD123741,2025-07-27,Damaged,7179.07
2376,ORD123751,2024-05-16,Wrong Item,36249.83
2377,ORD123761,2024-08-20,Size Issue,12357.72
2378,ORD123771,2025-10-22,Customer Changed Mind,5321.41
2379,ORD123781,2024-05-25,Late Delivery,48080.55
2380,ORD123791,2024-10-31,Damaged,7982.12
2381,ORD123801,2025-08-26,Wrong Item,15711.74
2382,ORD123811,2025-05-01,Size Issue,24092.68
2383,ORD123821,2025-05-14,Customer Changed Mind,58357.01
2384,ORD123831,2025-04-24,Late Delivery,25036.06
2385,ORD123841,2024-10-19,Damaged,17578.98
2386,ORD123851,2025-06-06,Wrong Item,6717.9
2387,ORD123861,2024-02-14,Size Issue,19075.81
2388,ORD123871,2025-07-20,Customer Changed Mind,14088.26
2389,ORD123881,2025-12-23,Late Delivery,7939.37
2390,ORD123891,2025-03-07,Damaged,17413.94
2391,ORD123901,2025-09-09,Wrong Item,8313.84
2392,ORD123911,2025-05-29,Size Issue,62087.58
2393,ORD123921,2025-12-31,Customer Changed Mind,5804.62
2394,ORD123931,2025-04-10,Late Delivery,1046.37
2395,ORD123941,2024-06-15,Damaged,6711.5
2396,ORD123951,2025-03-31,Wrong Item,25472.2
2397,ORD123961,2024-12-08,Size Issue,4097.3
2398,ORD123971,2024-02-05,Customer Changed Mind,55451.2
2399,ORD123981,2025-02-26,Late Delivery,19469.98
2400,ORD123991,2025-08-03,Damaged,1449.8
2401,ORD124001,2025-10-25,Wrong Item,22533.35
2402,ORD124011,2025-03-18,Size Issue,12486.3
2403,ORD124021,2025-11-11,Customer Changed Mind,108103.09
2404,ORD124031,2024-12-22,Late Delivery,9925.47
2405,ORD124041,2024-08-19,Damaged,6176.64
2406,ORD124051,2025-10-03,Wrong Item,20074.8
2407,ORD124061,2024-10-26,Size Issue,3807.58
2408,ORD124071,2024-08-04,Customer Changed Mind,61372.38
2409,ORD124081,2025-03-30,Late Delivery,46461.43
2410,ORD124091,2025-02-13,Damaged,51137.77
2411,ORD124101,2025-01-21,Wrong Item,6961.9
2412,ORD124111,2024-04-21,Size Issue,26144.82
2413,ORD124121,2024-05-27,Customer Changed Mind,73196.93
2414,ORD124131,2025-02-17,Late Delivery,31940.42
2415,ORD124141,2025-04-06,Damaged,20299.36
2416,ORD124151,2025-04-03,Wrong Item,12275.76
2417,ORD124161,2025-11-23,Size Issue,10021.9
2418,ORD124171,2025-11-07,Customer Changed Mind,24686.38
2419,ORD124181,2025-01-09,Late Delivery,13784.52
2420,ORD124191,2024-03-30,Damaged,2855.11
2421,ORD124201,2025-11-17,Wrong Item,14832.26
2422,ORD124211,2025-01-02,Size Issue,7434.21
2423,ORD124221,2024-11-08,Customer Changed Mind,11538.59
2424,ORD124231,2024-05-25,Late Delivery,2192.41
2425,ORD124241,2024-04-26,Damaged,23567.61
2426,ORD124251,2024-02-29,Wrong Item,26168.92
2427,ORD124261,2024-06-29,Size Issue,10188.88
2428,ORD124271,2024-05-23,Customer Changed Mind,40322.84
2429,ORD124281,2024-09-21,Late Delivery,64781.95
2430,ORD124291,2024-10-30,Damaged,64903.41
2431,ORD124301,2024-10-08,Wrong Item,18238.26
2432,ORD124311,2024-11-26,Size Issue,8200.43
2433,ORD124321,2024-01-14,Customer Changed Mind,22847.59
2434,ORD124331,2025-02-06,Late Delivery,29023.08
2435,ORD124341,2025-11-29,Damaged,44492.6
2436,ORD124351,2025-04-04,Wrong Item,10009.47
2437,ORD124361,2024-04-04,Size Issue,8184.06
2438,ORD124371,2024-02-11,Customer Changed Mind,46104.41
2439,ORD124381,2024-11-18,Late Delivery,17660.08
2440,ORD124391,2025-11-20,Damaged,10947.58
2441,ORD124401,2024-07-13,Wrong Item,27389.41
2442,ORD124411,2024-01-30,Size Issue,8499.87
2443,ORD124421,2025-06-10,Customer Changed Mind,45038.58
2444,ORD124431,2024-09-27,Late Delivery,28458.85
2445,ORD124441,2025-03-24,Damaged,2584.37
2446,ORD124451,2024-01-10,Wrong Item,33912.69
2447,ORD124461,2024-04-24,Size Issue,20461.73
2448,ORD124471,2024-05-23,Customer Changed Mind,26399.32
2449,ORD124481,2025-01-21,Late Delivery,16516.86
2450,ORD124491,2025-10-25,Damaged,90077.16
2451,ORD124501,2025-02-13,Wrong Item,59424.29
2452,ORD124511,2025-02-12,Size Issue,19277.86
2453,ORD124521,2025-03-19,Customer Changed Mind,25893.67
2454,ORD124531,2024-11-21,Late Delivery,37831.18
2455,ORD124541,2024-05-07,Damaged,15256.72
2456,ORD124551,2024-04-05,Wrong Item,38993.97
2457,ORD124561,2025-04-13,Size Issue,39800.27
2458,ORD124571,2024-03-25,Customer Changed Mind,11796.61
2459,ORD124581,2025-08-01,Late Delivery,3750.54
2460,ORD124591,2025-08-22,Damaged,35201.92
2461,ORD124601,2025-05-23,Wrong Item,73365.7
2462,ORD124611,2024-06-15,Size Issue,32214.97
2463,ORD124621,2024-08-14,Customer Changed Mind,16430.67
2464,ORD124631,2024-04-07,Late Delivery,53009.96
2465,ORD124641,2024-07-04,Damaged,36127.28
2466,ORD124651,2024-05-30,Wrong Item,3674.73
2467,ORD124661,2024-12-23,Size Issue,9978.53
2468,ORD124671,2025-11-11,Customer Changed Mind,12144.36
2469,ORD124681,2024-12-23,Late Delivery,31588.45
2470,ORD124691,2024-11-18,Damaged,11055.31
2471,ORD124701,2024-08-02,Wrong Item,20678.77
2472,ORD124711,2025-06-07,Size Issue,94552.12
2473,ORD124721,2025-11-11,Customer Changed Mind,7426.59
2474,ORD124731,2024-07-06,Late Delivery,43136.05
2475,ORD124741,2024-12-07,Damaged,12252.87
2476,ORD124751,2024-12-26,Wrong Item,30049.79
2477,ORD124761,2025-06-07,Size Issue,13446.24
2478,ORD124771,2024-08-23,Customer Changed Mind,38800.75
2479,ORD124781,2025-04-20,Late Delivery,28724.58
2480,ORD124791,2025-07-26,Damaged,15485.98
2481,ORD124801,2025-04-25,Wrong Item,13042.65
2482,ORD124811,2024-10-19,Size Issue,19202.59
2483,ORD124821,2024-08-27,Customer Changed Mind,75465.27
2484,ORD124831,2025-09-09,Late Delivery,3909.02
2485,ORD124841,2025-04-02,Damaged,10051.56
2486,ORD124851,2025-10-22,Wrong Item,38200.63
2487,ORD124861,2025-01-25,Size Issue,32719.56
2488,ORD124871,2025-04-25,Customer Changed Mind,9093.4
2489,ORD124881,2025-02-26,Late Delivery,14609.69
2490,ORD124891,2024-05-21,Damaged,30416.82
2491,ORD124901,2025-04-11,Wrong Item,9820.61
2492,ORD124911,2025-02-28,Size Issue,15225.85
2493,ORD124921,2025-08-20,Customer Changed Mind,22077.85
2494,ORD124931,2025-05-19,Late Delivery,2777.83
2495,ORD124941,2024-05-26,Damaged,18460.02
2496,ORD124951,2025-08-14,Wrong Item,22099.65
2497,ORD124961,2025-09-22,Size Issue,114462.09
2498,ORD124971,2024-03-19,Customer Changed Mind,4529.55
2499,ORD124981,2024-07-22,Late Delivery,50441.58
2500,ORD124991,2024-05-10,Damaged,34820
2501,ORD125001,2024-03-13,Wrong Item,88254.15
2502,ORD125011,2024-08-05,Size Issue,37831.8
2503,ORD125021,2024-10-14,Customer Changed Mind,8858.94
2504,ORD125031,2024-10-14,Late Delivery,17038.75
2505,ORD125041,2024-06-16,Damaged,96943.1
2506,ORD125051,2025-03-02,Wrong Item,30145.2
2507,ORD125061,2024-10-05,Size Issue,13321.02
2508,ORD125071,2025-10-06,Customer Changed Mind,10520.87
2509,ORD125081,2025-12-12,Late Delivery,67885.09
2510,ORD125091,2025-08-01,Damaged,37849.32
2511,ORD125101,2024-10-04,Wrong Item,24116.9
2512,ORD125111,2024-02-09,Size Issue,12146.29
2513,ORD125121,2025-06-13,Customer Changed Mind,15118.71
2514,ORD125131,2025-05-30,Late Delivery,15729.38
2515,ORD125141,2024-03-24,Damaged,40920.3
2516,ORD125151,2025-04-30,Wrong Item,12417.48
2517,ORD125161,2025-04-10,Size Issue,30186.11
2518,ORD125171,2025-01-27,Customer Changed Mind,4938.47
2519,ORD125181,2024-04-21,Late Delivery,20264.25
2520,ORD125191,2024-05-22,Damaged,28865.04
2521,ORD125201,2025-05-14,Wrong Item,19985.43
2522,ORD125211,2024-08-05,Size Issue,6302.23
2523,ORD125221,2025-11-14,Customer Changed Mind,11674.57
2524,ORD125231,2024-02-29,Late Delivery,106257.47
2525,ORD125241,2024-10-05,Damaged,18267.79
2526,ORD125251,2025-10-05,Wrong Item,53261.44
2527,ORD125261,2024-09-24,Size Issue,66502
2528,ORD125271,2024-04-17,Customer Changed Mind,56731.27
2529,ORD125281,2025-11-07,Late Delivery,2829.16
2530,ORD125291,2024-08-10,Damaged,52344.24
2531,ORD125301,2025-04-10,Wrong Item,11307.4
2532,ORD125311,2025-06-18,Size Issue,31648.06
2533,ORD125321,2025-09-28,Customer Changed Mind,23052.2
2534,ORD125331,2024-12-14,Late Delivery,25762.1
2535,ORD125341,2025-03-04,Damaged,54003.94
2536,ORD125351,2024-07-31,Wrong Item,12779.06
2537,ORD125361,2025-08-26,Size Issue,7429.78
2538,ORD125371,2025-11-17,Customer Changed Mind,24762.51
2539,ORD125381,2024-11-19,Late Delivery,15173.03
2540,ORD125391,2024-09-05,Damaged,2671.98
2541,ORD125401,2024-07-11,Wrong Item,11054.05
2542,ORD125411,2025-05-22,Size Issue,52695.84
2543,ORD125421,2024-06-26,Customer Changed Mind,73365.7
2544,ORD125431,2025-11-17,Late Delivery,51102.81
2545,ORD125441,2024-12-26,Damaged,26936.54
2546,ORD125451,2025-06-04,Wrong Item,30075.66
2547,ORD125461,2025-11-11,Size Issue,44216.2
2548,ORD125471,2025-08-08,Customer Changed Mind,34578.31
2549,ORD125481,2024-08-23,Late Delivery,55757.93
2550,ORD125491,2025-10-10,Damaged,5489.74
2551,ORD125501,2025-04-10,Wrong Item,18187.4
2552,ORD125511,2025-09-27,Size Issue,8491.7
2553,ORD125521,2025-09-14,Customer Changed Mind,5952.11
2554,ORD125531,2024-09-14,Late Delivery,11796.61
2555,ORD125541,2025-10-11,Damaged,28727
2556,ORD125551,2024-05-23,Wrong Item,22749.37
2557,ORD125561,2024-11-04,Size Issue,19897.29
2558,ORD125571,2024-05-05,Customer Changed Mind,23365.81
2559,ORD125581,2024-04-03,Late Delivery,40037.88
2560,ORD125591,2025-10-13,Damaged,59527.49
2561,ORD125601,2025-07-24,Wrong Item,71689.14
2562,ORD125611,2024-12-26,Size Issue,46556.41
2563,ORD125621,2024-05-05,Customer Changed Mind,36909.7
2564,ORD125631,2025-07-24,Late Delivery,5228.96
2565,ORD125641,2024-07-30,Damaged,32106.65
2566,ORD125651,2024-07-24,Wrong Item,75909.42
2567,ORD125661,2024-03-07,Size Issue,6487.51
2568,ORD125671,2024-07-27,Customer Changed Mind,60151.32
2569,ORD125681,2025-05-11,Late Delivery,37051.68
2570,ORD125691,2024-06-14,Damaged,34404.26
2571,ORD125701,2025-01-23,Wrong Item,47301.11
2572,ORD125711,2024-02-12,Size Issue,14008.25
2573,ORD125721,2025-10-20,Customer Changed Mind,16355.99
2574,ORD125731,2024-02-14,Late Delivery,8038.97
2575,ORD125741,2024-03-03,Damaged,79213.82
2576,ORD125751,2024-04-07,Wrong Item,42064.8
2577,ORD125761,2025-10-03,Size Issue,18966.29
2578,ORD125771,2025-05-02,Customer Changed Mind,9282.76
2579,ORD125781,2025-03-24,Late Delivery,5757.47
2580,ORD125791,2025-10-08,Damaged,19738.51
2581,ORD125801,2025-07-11,Wrong Item,81375.71
2582,ORD125811,2025-09-21,Size Issue,53377.93
2583,ORD125821,2025-10-29,Customer Changed Mind,16562.7
2584,ORD125831,2025-02-10,Late Delivery,81395.39
2585,ORD125841,2024-12-11,Damaged,34716.46
2586,ORD125851,2024-03-26,Wrong Item,28285.8
2587,ORD125861,2025-05-06,Size Issue,10513.7
2588,ORD125871,2025-07-15,Customer Changed Mind,8944.88
2589,ORD125881,2024-11-10,Late Delivery,8928.16
2590,ORD125891,2025-03-09,Damaged,5598.18
2591,ORD125901,2024-10-29,Wrong Item,31805.97
2592,ORD125911,2024-04-03,Size Issue,21456.78
2593,ORD125921,2025-12-20,Customer Changed Mind,106617.15
2594,ORD125931,2024-02-18,Late Delivery,68191.53
2595,ORD125941,2025-02-18,Damaged,8608.99
2596,ORD125951,2025-10-02,Wrong Item,50082.99
2597,ORD125961,2024-11-26,Size Issue,42041.14
2598,ORD125971,2025-11-18,Customer Changed Mind,22786.34
2599,ORD125981,2025-05-20,Late Delivery,24335.57
2600,ORD125991,2024-02-22,Damaged,27580.02
2601,ORD126001,2025-07-17,Wrong Item,72499.66
2602,ORD126011,2024-07-06,Size Issue,108348.16
2603,ORD126021,2024-09-23,Customer Changed Mind,7041.64
2604,ORD126031,2025-06-17,Late Delivery,13981
2605,ORD126041,2024-04-28,Damaged,27634.67
2606,ORD126051,2024-08-13,Wrong Item,23909.1
2607,ORD126061,2024-03-24,Size Issue,52532.71
2608,ORD126071,2024-04-04,Customer Changed Mind,48963.7
2609,ORD126081,2025-05-16,Late Delivery,48630.84
2610,ORD126091,2024-11-06,Damaged,1181.84
2611,ORD126101,2024-09-01,Wrong Item,2631.66
2612,ORD126111,2024-07-14,Size Issue,52322.1
2613,ORD126121,2024-05-20,Customer Changed Mind,30953.13
2614,ORD126131,2025-04-04,Late Delivery,22075.1
2615,ORD126141,2025-02-15,Damaged,6280.5
2616,ORD126151,2024-10-13,Wrong Item,40981.7
2617,ORD126161,2025-04-03,Size Issue,34778.83
2618,ORD126171,2025-03-13,Customer Changed Mind,32595.35
2619,ORD126181,2024-10-02,Late Delivery,28509.1
2620,ORD126191,2024-02-14,Damaged,17266.79
2621,ORD126201,2025-08-05,Wrong Item,15794.33
2622,ORD126211,2024-03-27,Size Issue,10702.22
2623,ORD126221,2025-11-11,Customer Changed Mind,24216.77
2624,ORD126231,2024-06-22,Late Delivery,15485.98
2625,ORD126241,2025-10-13,Damaged,30071.09
2626,ORD126251,2025-12-27,Wrong Item,30137.64
2627,ORD126261,2024-12-27,Size Issue,32053.7
2628,ORD126271,2025-05-10,Customer Changed Mind,28966.65
2629,ORD126281,2024-10-29,Late Delivery,32639.54
2630,ORD126291,2025-11-03,Damaged,4709.29
2631,ORD126301,2025-09-30,Wrong Item,14880.27
2632,ORD126311,2025-01-15,Size Issue,9748.49
2633,ORD126321,2025-05-25,Customer Changed Mind,13614.3
2634,ORD126331,2025-03-18,Late Delivery,27071.26
2635,ORD126341,2025-04-08,Damaged,24006.11
2636,ORD126351,2024-05-15,Wrong Item,6273.42
2637,ORD126361,2025-11-28,Size Issue,15305.85
2638,ORD126371,2024-12-30,Customer Changed Mind,51966.36
2639,ORD126381,2025-01-15,Late Delivery,9113.6
2640,ORD126391,2025-09-20,Damaged,42559.89
2641,ORD126401,2025-03-05,Wrong Item,11246.26
2642,ORD126411,2024-10-08,Size Issue,26952.99
2643,ORD126421,2024-04-22,Customer Changed Mind,12881.05
2644,ORD126431,2024-01-25,Late Delivery,16008.71
2645,ORD126441,2025-11-21,Damaged,16488.77
2646,ORD126451,2025-08-19,Wrong Item,3980.46
2647,ORD126461,2025-11-07,Size Issue,70658.38
2648,ORD126471,2025-02-10,Customer Changed Mind,17164.38
2649,ORD126481,2025-01-24,Late Delivery,7931.66
2650,ORD126491,2024-08-23,Damaged,12659.22
2651,ORD126501,2024-06-15,Wrong Item,46211
2652,ORD126511,2024-02-09,Size Issue,11387.74
2653,ORD126521,2024-01-15,Customer Changed Mind,9635.82
2654,ORD126531,2025-06-16,Late Delivery,6652.36
2655,ORD126541,2024-03-14,Damaged,69288.48
2656,ORD126551,2025-11-17,Wrong Item,22492.53
2657,ORD126561,2025-07-03,Size Issue,96234
2658,ORD126571,2024-06-30,Customer Changed Mind,34666.35
2659,ORD126581,2024-09-21,Late Delivery,24153.97
2660,ORD126591,2025-10-28,Damaged,20299.36
2661,ORD126601,2025-04-19,Wrong Item,1599.54
2662,ORD126611,2024-04-09,Size Issue,9303.73
2663,ORD126621,2024-08-08,Customer Changed Mind,23188.17
2664,ORD126631,2025-01-30,Late Delivery,25425.76
2665,ORD126641,2025-01-14,Damaged,38915.22
2666,ORD126651,2025-12-09,Wrong Item,17758.2
2667,ORD126661,2025-04-18,Size Issue,39970.87
2668,ORD126671,2024-02-21,Customer Changed Mind,6262.56
2669,ORD126681,2024-11-26,Late Delivery,12005.23
2670,ORD126691,2026-01-04,Damaged,75465.27
2671,ORD126701,2025-07-09,Wrong Item,88423.77
2672,ORD126711,2024-01-18,Size Issue,36166.98
2673,ORD126721,2024-02-13,Customer Changed Mind,20972.17
2674,ORD126731,2025-03-24,Late Delivery,36969.46
2675,ORD126741,2024-01-21,Damaged,7043.38
2676,ORD126751,2025-05-13,Wrong Item,6329.61
2677,ORD126761,2024-11-20,Size Issue,47717.93
2678,ORD126771,2025-08-24,Customer Changed Mind,23815.62
2679,ORD126781,2025-09-23,Late Delivery,34204.62
2680,ORD126791,2025-03-29,Damaged,64310.16
2681,ORD126801,2024-10-05,Wrong Item,30237.42
2682,ORD126811,2025-08-08,Size Issue,30165.96
2683,ORD126821,2024-06-16,Customer Changed Mind,36006.99
2684,ORD126831,2025-01-24,Late Delivery,30145.2
2685,ORD126841,2025-02-25,Damaged,86228.55
2686,ORD126851,2024-01-29,Wrong Item,73857.35
2687,ORD126861,2025-08-31,Size Issue,8554.73
2688,ORD126871,2024-03-25,Customer Changed Mind,38379.9
2689,ORD126881,2025-09-17,Late Delivery,4794.84
2690,ORD126891,2024-07-30,Damaged,18162.59
2691,ORD126901,2025-03-27,Wrong Item,16923.68
2692,ORD126911,2025-05-08,Size Issue,69677.5
2693,ORD126921,2025-01-20,Customer Changed Mind,55114.95
2694,ORD126931,2025-11-20,Late Delivery,5875.9
2695,ORD126941,2025-06-25,Damaged,40602.14
2696,ORD126951,2024-05-25,Wrong Item,21999.39
2697,ORD126961,2025-04-10,Size Issue,13204.28
2698,ORD126971,2024-06-09,Customer Changed Mind,6382
2699,ORD126981,2025-07-10,Late Delivery,75099.73
2700,ORD126991,2024-11-08,Damaged,55642.68
2701,ORD127001,2024-05-02,Wrong Item,60386.23
2702,ORD127011,2024-08-12,Size Issue,2933.9
2703,ORD127021,2024-04-23,Customer Changed Mind,39794.58
2704,ORD127031,2025-01-22,Late Delivery,76854.83
2705,ORD127041,2024-04-28,Damaged,11054.05
2706,ORD127051,2024-12-30,Wrong Item,8027.65
2707,ORD127061,2025-08-29,Size Issue,58001.11
2708,ORD127071,2025-12-03,Customer Changed Mind,29982.38
2709,ORD127081,2026-01-07,Late Delivery,60838.92
2710,ORD127091,2024-10-19,Damaged,3497.69
2711,ORD127101,2024-08-23,Wrong Item,12872.99
2712,ORD127111,2024-09-24,Size Issue,23871.92
2713,ORD127121,2024-02-13,Customer Changed Mind,40907.32
2714,ORD127131,2025-09-09,Late Delivery,12635.97
2715,ORD127141,2024-03-12,Damaged,104434.2
2716,ORD127151,2024-06-21,Wrong Item,71747.68
2717,ORD127161,2024-08-13,Size Issue,38611.01
2718,ORD127171,2025-11-12,Customer Changed Mind,60771.78
2719,ORD127181,2025-01-31,Late Delivery,14731.52
2720,ORD127191,2025-04-11,Damaged,18633.04
2721,ORD127201,2024-07-07,Wrong Item,9008.52
2722,ORD127211,2025-02-27,Size Issue,9992.72
2723,ORD127221,2024-04-27,Customer Changed Mind,16025.32
2724,ORD127231,2025-04-16,Late Delivery,17506.2
2725,ORD127241,2025-08-26,Damaged,69861.8
2726,ORD127251,2025-12-21,Wrong Item,50872.04
2727,ORD127261,2024-05-01,Size Issue,19097.53
2728,ORD127271,2025-08-10,Customer Changed Mind,12323.15
2729,ORD127281,2024-04-25,Late Delivery,11892.99
2730,ORD127291,2024-03-10,Damaged,31863.11
2731,ORD127301,2025-09-21,Wrong Item,8271.62
2732,ORD127311,2025-01-30,Size Issue,35369.51
2733,ORD127321,2024-05-28,Customer Changed Mind,48225.45
2734,ORD127331,2025-09-11,Late Delivery,30680.49
2735,ORD127341,2024-11-11,Damaged,62786.52
2736,ORD127351,2024-05-25,Wrong Item,9988.01
2737,ORD127361,2024-07-10,Size Issue,6727.3
2738,ORD127371,2025-09-30,Customer Changed Mind,33349.18
2739,ORD127381,2024-03-18,Late Delivery,57526.43
2740,ORD127391,2024-07-13,Damaged,40051.97
2741,ORD127401,2025-03-14,Wrong Item,60484.27
2742,ORD127411,2025-03-29,Size Issue,37725.37
2743,ORD127421,2025-10-11,Customer Changed Mind,87281.57
2744,ORD127431,2025-06-18,Late Delivery,19661.01
2745,ORD127441,2025-08-10,Damaged,20069.14
2746,ORD127451,2024-03-22,Wrong Item,55462.35
2747,ORD127461,2025-06-30,Size Issue,44724.38
2748,ORD127471,2025-10-15,Customer Changed Mind,18299.23
2749,ORD127481,2024-11-10,Late Delivery,31642.56
2750,ORD127491,2024-04-26,Damaged,27091.69
2751,ORD127501,2024-02-24,Wrong Item,11463.8
2752,ORD127511,2025-10-23,Size Issue,54925.5
2753,ORD127521,2025-06-21,Customer Changed Mind,3168.58
2754,ORD127531,2025-04-22,Late Delivery,27612.44
2755,ORD127541,2025-01-08,Damaged,60212.56
2756,ORD127551,2025-03-14,Wrong Item,5592.4
2757,ORD127561,2024-02-16,Size Issue,12458.14
2758,ORD127571,2025-03-07,Customer Changed Mind,36929.16
2759,ORD127581,2024-08-17,Late Delivery,13064.22
2760,ORD127591,2024-08-19,Damaged,14660.78
2761,ORD127601,2024-04-28,Wrong Item,38861.95
2762,ORD127611,2025-11-23,Size Issue,59382.53
2763,ORD127621,2025-01-08,Customer Changed Mind,44216.2
2764,ORD127631,2024-11-04,Late Delivery,1129.09
2765,ORD127641,2024-03-19,Damaged,77554.48
2766,ORD127651,2024-01-09,Wrong Item,17426.46
2767,ORD127661,2024-12-04,Size Issue,7036.57
2768,ORD127671,2025-04-15,Customer Changed Mind,8539
2769,ORD127681,2025-04-17,Late Delivery,23032.64
2770,ORD127691,2025-06-09,Damaged,45669.47
2771,ORD127701,2025-07-28,Wrong Item,76308.06
2772,ORD127711,2025-12-31,Size Issue,14677.55
2773,ORD127721,2024-07-29,Customer Changed Mind,6828.96
2774,ORD127731,2025-12-29,Late Delivery,5124.68
2775,ORD127741,2024-04-22,Damaged,11303.35
2776,ORD127751,2024-10-22,Wrong Item,46695.74
2777,ORD127761,2024-10-18,Size Issue,37238.94
2778,ORD127771,2025-11-04,Customer Changed Mind,13125.36
2779,ORD127781,2025-07-11,Late Delivery,21393.34
2780,ORD127791,2025-06-06,Damaged,33572.97
2781,ORD127801,2025-10-16,Wrong Item,75124.96
2782,ORD127811,2024-11-09,Size Issue,51999.52
2783,ORD127821,2025-08-04,Customer Changed Mind,85939.35
2784,ORD127831,2025-06-12,Late Delivery,17519.32
2785,ORD127841,2024-09-15,Damaged,15406.23
2786,ORD127851,2025-04-27,Wrong Item,52728.63
2787,ORD127861,2025-07-15,Size Issue,28823.92
2788,ORD127871,2025-06-28,Customer Changed Mind,68982.84
2789,ORD127881,2024-10-15,Late Delivery,5177.52
2790,ORD127891,2024-04-21,Damaged,47469.6
2791,ORD127901,2025-07-12,Wrong Item,27261.09
2792,ORD127911,2024-11-27,Size Issue,12030.26
2793,ORD127921,2025-10-09,Customer Changed Mind,12054.17
2794,ORD127931,2024-06-16,Late Delivery,28521.54
2795,ORD127941,2025-06-12,Damaged,7935.43
2796,ORD127951,2025-02-05,Wrong Item,43542.05
2797,ORD127961,2025-08-24,Size Issue,4830.61
2798,ORD127971,2025-02-01,Customer Changed Mind,26239.14
2799,ORD127981,2025-03-01,Late Delivery,13833.94
2800,ORD127991,2025-10-07,Damaged,22939.34
2801,ORD128001,2025-05-25,Wrong Item,13182.16
2802,ORD128011,2025-09-11,Size Issue,4900.26
2803,ORD128021,2025-11-11,Customer Changed Mind,9934.34
2804,ORD128031,2024-10-07,Late Delivery,16162.21
2805,ORD128041,2025-04-07,Damaged,38382.17
2806,ORD128051,2025-07-07,Wrong Item,20128.74
2807,ORD128061,2025-12-08,Size Issue,33086.49
2808,ORD128071,2025-11-20,Customer Changed Mind,54145.87
2809,ORD128081,2025-08-18,Late Delivery,7402.15
2810,ORD128091,2024-09-07,Damaged,15285.06
2811,ORD128101,2024-09-30,Wrong Item,63856.22
2812,ORD128111,2025-01-27,Size Issue,16917.23
2813,ORD128121,2025-04-02,Customer Changed Mind,55315.85
2814,ORD128131,2024-03-19,Late Delivery,6669.57
2815,ORD128141,2024-10-05,Damaged,26877.69
2816,ORD128151,2024-07-10,Wrong Item,25252.18
2817,ORD128161,2025-08-23,Size Issue,16735.83
2818,ORD128171,2025-03-28,Customer Changed Mind,14962.95
2819,ORD128181,2025-07-01,Late Delivery,10983.57
2820,ORD128191,2025-01-01,Damaged,46112.9
2821,ORD128201,2024-09-26,Wrong Item,11785.21
2822,ORD128211,2024-01-18,Size Issue,3658.59
2823,ORD128221,2024-06-16,Customer Changed Mind,39617.48
2824,ORD128231,2025-03-02,Late Delivery,55757.93
2825,ORD128241,2024-02-19,Damaged,24415.89
2826,ORD128251,2025-05-25,Wrong Item,14387.46
2827,ORD128261,2024-11-07,Size Issue,35493.67
2828,ORD128271,2025-04-24,Customer Changed Mind,70953.95
2829,ORD128281,2025-08-20,Late Delivery,6696.76
2830,ORD128291,2024-02-07,Damaged,13764.32
2831,ORD128301,2025-06-16,Wrong Item,40082.4
2832,ORD128311,2025-05-31,Size Issue,29190.74
2833,ORD128321,2024-03-13,Customer Changed Mind,10504.06
2834,ORD128331,2025-04-26,Late Delivery,5381.84
2835,ORD128341,2025-11-26,Damaged,37667.25
2836,ORD128351,2024-02-19,Wrong Item,4239.07
2837,ORD128361,2025-04-02,Size Issue,13231.6
2838,ORD128371,2025-10-11,Customer Changed Mind,108853.92
2839,ORD128381,2024-06-07,Late Delivery,47225.54
2840,ORD128391,2024-04-22,Damaged,93490.73
2841,ORD128401,2024-07-18,Wrong Item,49489.34
2842,ORD128411,2025-06-22,Size Issue,10060.78
2843,ORD128421,2024-07-24,Customer Changed Mind,30879.81
2844,ORD128431,2025-03-16,Late Delivery,24087.56
2845,ORD128441,2024-12-02,Damaged,38077.41
2846,ORD128451,2025-06-11,Wrong Item,2608.28
2847,ORD128461,2025-03-19,Size Issue,20885.71
2848,ORD128471,2024-05-08,Customer Changed Mind,10176.66
2849,ORD128481,2025-04-29,Late Delivery,37366.2
2850,ORD128491,2025-08-24,Damaged,14204.79
2851,ORD128501,2024-09-10,Wrong Item,8508.05
2852,ORD128511,2024-04-19,Size Issue,44739.92
2853,ORD128521,2025-06-03,Customer Changed Mind,45606.16
2854,ORD128531,2024-09-08,Late Delivery,20963.04
2855,ORD128541,2024-03-28,Damaged,5201.68
2856,ORD128551,2024-05-06,Wrong Item,48263.76
2857,ORD128561,2025-12-21,Size Issue,31345.09
2858,ORD128571,2025-11-12,Customer Changed Mind,18017.98
2859,ORD128581,2024-01-18,Late Delivery,21180.58
2860,ORD128591,2024-09-09,Damaged,45572.68
2861,ORD128601,2024-01-20,Wrong Item,28757.41
2862,ORD128611,2024-11-24,Size Issue,6219.97
2863,ORD128621,2025-09-04,Customer Changed Mind,8722.33
2864,ORD128631,2024-09-03,Late Delivery,13346.24
2865,ORD128641,2024-04-08,Damaged,12307.25
2866,ORD128651,2024-10-13,Wrong Item,43998.87
2867,ORD128661,2025-08-27,Size Issue,63936.99
2868,ORD128671,2024-02-08,Customer Changed Mind,43579.56
2869,ORD128681,2025-06-30,Late Delivery,46199.3
2870,ORD128691,2024-02-11,Damaged,41292.96
2871,ORD128701,2025-10-31,Wrong Item,30038.97
2872,ORD128711,2025-11-21,Size Issue,11117.95
2873,ORD128721,2025-01-10,Customer Changed Mind,54107.6
2874,ORD128731,2025-01-11,Late Delivery,30081.04
2875,ORD128741,2025-02-04,Damaged,2573.93
2876,ORD128751,2024-01-22,Wrong Item,7192.76
2877,ORD128761,2024-12-17,Size Issue,1743.64
2878,ORD128771,2025-11-29,Customer Changed Mind,1081.42
2879,ORD128781,2025-05-17,Late Delivery,45279.16
2880,ORD128791,2025-07-02,Damaged,13120.34
2881,ORD128801,2025-10-14,Wrong Item,21484.06
2882,ORD128811,2025-11-03,Size Issue,16430.67
2883,ORD128821,2025-01-22,Customer Changed Mind,72645.03
2884,ORD128831,2024-06-16,Late Delivery,7715.7
2885,ORD128841,2025-09-22,Damaged,50862.32
2886,ORD128851,2025-06-29,Wrong Item,14653.41
2887,ORD128861,2024-07-03,Size Issue,40869.39
2888,ORD128871,2024-10-16,Customer Changed Mind,20167.79
2889,ORD128881,2024-01-18,Late Delivery,1075.9
2890,ORD128891,2024-09-05,Damaged,26721.6
2891,ORD128901,2025-12-11,Wrong Item,32794.12
2892,ORD128911,2025-07-10,Size Issue,14856.07
2893,ORD128921,2025-03-23,Customer Changed Mind,36615.72
2894,ORD128931,2024-11-13,Late Delivery,36940.03
2895,ORD128941,2024-01-27,Damaged,31771.49
2896,ORD128951,2024-07-28,Wrong Item,20610.96
2897,ORD128961,2024-03-23,Size Issue,11303.76
2898,ORD128971,2024-08-22,Customer Changed Mind,14669.52
2899,ORD128981,2025-07-22,Late Delivery,41725.36
2900,ORD128991,2024-07-06,Damaged,46445.75
2901,ORD129001,2025-10-11,Wrong Item,20277.88
2902,ORD129011,2024-12-15,Size Issue,102260.42
2903,ORD129021,2024-03-10,Customer Changed Mind,26822.56
2904,ORD129031,2024-12-07,Late Delivery,8794.2
2905,ORD129041,2026-01-03,Damaged,1222.47
2906,ORD129051,2025-06-03,Wrong Item,15783.1
2907,ORD129061,2025-01-13,Size Issue,12674.32
2908,ORD129071,2025-03-16,Customer Changed Mind,46199.3
2909,ORD129081,2025-04-24,Late Delivery,16032.96
2910,ORD129091,2024-11-15,Damaged,14993.94
2911,ORD129101,2024-12-13,Wrong Item,10719.24
2912,ORD129111,2024-06-02,Size Issue,48379.52
2913,ORD129121,2024-12-29,Customer Changed Mind,35206.14
2914,ORD129131,2024-07-09,Late Delivery,15653.11
2915,ORD129141,2025-01-11,Damaged,9242.2
2916,ORD129151,2025-03-27,Wrong Item,94877.28
2917,ORD129161,2025-12-30,Size Issue,50741.51
2918,ORD129171,2025-07-30,Customer Changed Mind,51966.36
2919,ORD129181,2025-08-21,Late Delivery,29000.56
2920,ORD129191,2025-07-13,Damaged,42395.03
2921,ORD129201,2024-11-05,Wrong Item,53094.97
2922,ORD129211,2024-08-23,Size Issue,30446.31
2923,ORD129221,2024-09-07,Customer Changed Mind,45878.68
2924,ORD129231,2024-08-11,Late Delivery,33033.68
2925,ORD129241,2024-12-16,Damaged,15374.05
2926,ORD129251,2024-01-15,Wrong Item,9225.49
2927,ORD129261,2024-04-01,Size Issue,6027.08
2928,ORD129271,2024-10-23,Customer Changed Mind,59854.59
2929,ORD129281,2025-10-25,Late Delivery,38589.26
2930,ORD129291,2024-06-02,Damaged,65022.76
2931,ORD129301,2024-07-22,Wrong Item,38079.32
2932,ORD129311,2025-01-25,Size Issue,3657.69
2933,ORD129321,2024-09-19,Customer Changed Mind,2455.15
2934,ORD129331,2024-09-07,Late Delivery,76041.92
2935,ORD129341,2024-05-13,Damaged,106399.71
2936,ORD129351,2024-07-01,Wrong Item,43543.05
2937,ORD129361,2024-02-13,Size Issue,35120.36
2938,ORD129371,2025-05-04,Customer Changed Mind,20452.08
2939,ORD129381,2025-01-12,Late Delivery,13674.72
2940,ORD129391,2024-04-18,Damaged,8238.48
2941,ORD129401,2024-08-05,Wrong Item,27915.16
2942,ORD129411,2025-01-20,Size Issue,74819
2943,ORD129421,2025-01-13,Customer Changed Mind,20013.08
2944,ORD129431,2024-12-21,Late Delivery,3541.35
2945,ORD129441,2024-09-15,Damaged,28509.1
2946,ORD129451,2024-02-28,Wrong Item,28325.44
2947,ORD129461,2025-10-14,Size Issue,44671.82
2948,ORD129471,2024-08-08,Customer Changed Mind,12946.83
2949,ORD129481,2025-01-31,Late Delivery,84228.1
2950,ORD129491,2024-06-13,Damaged,55757.93
2951,ORD129501,2025-12-27,Wrong Item,16369.12
2952,ORD129511,2024-11-22,Size Issue,5489.74
2953,ORD129521,2025-11-11,Customer Changed Mind,17307.86
2954,ORD129531,2024-06-22,Late Delivery,30199.45
2955,ORD129541,2025-11-15,Damaged,19151.33
2956,ORD129551,2024-07-08,Wrong Item,95199.74
2957,ORD129561,2024-03-19,Size Issue,32738.24
2958,ORD129571,2024-01-31,Customer Changed Mind,28345.67
2959,ORD129581,2024-07-15,Late Delivery,75414.89
2960,ORD129591,2025-03-12,Damaged,15391.68
2961,ORD129601,2025-08-03,Wrong Item,14669.52
2962,ORD129611,2025-10-25,Size Issue,41475.13
2963,ORD129621,2025-05-02,Customer Changed Mind,7922.57
2964,ORD129631,2024-09-21,Late Delivery,15173.35
2965,ORD129641,2025-05-03,Damaged,18356.32
2966,ORD129651,2025-06-06,Wrong Item,1289.38
2967,ORD129661,2025-12-08,Size Issue,9887.25
2968,ORD129671,2025-06-28,Customer Changed Mind,104434.2
2969,ORD129681,2024-01-28,Late Delivery,29386.33
2970,ORD129691,2025-11-12,Damaged,56485.14
2971,ORD129701,2024-02-13,Wrong Item,38822.44
2972,ORD129711,2025-06-16,Size Issue,67612.46
2973,ORD129721,2025-07-14,Customer Changed Mind,55269.35
2974,ORD129731,2024-09-08,Late Delivery,9274.93
2975,ORD129741,2024-02-28,Damaged,1428.7
2976,ORD129751,2025-05-12,Wrong Item,19872.76
2977,ORD129761,2025-07-02,Size Issue,96234
2978,ORD129771,2025-10-18,Customer Changed Mind,4283.53
2979,ORD129781,2024-08-13,Late Delivery,13117.54
2980,ORD129791,2025-08-20,Damaged,45406.44
2981,ORD129801,2025-10-12,Wrong Item,16621.25
2982,ORD129811,2024-04-30,Size Issue,30885.81
2983,ORD129821,2024-10-18,Customer Changed Mind,43994.68
2984,ORD129831,2025-02-21,Late Delivery,17588.39
2985,ORD129841,2025-02-07,Damaged,10501.35
2986,ORD129851,2025-09-26,Wrong Item,44514.14
2987,ORD129861,2025-12-06,Size Issue,10113.89
2988,ORD129871,2025-04-29,Customer Changed Mind,15521.14
2989,ORD129881,2025-12-19,Late Delivery,38913.12
2990,ORD129891,2025-10-11,Damaged,20452.08
2991,ORD129901,2025-10-20,Wrong Item,687.82
2992,ORD129911,2025-05-31,Size Issue,33365.37
2993,ORD129921,2025-08-26,Customer Changed Mind,19820.21
2994,ORD129931,2024-11-08,Late Delivery,43728.41
2995,ORD129941,2025-02-14,Damaged,21037.3
2996,ORD129951,2025-11-22,Wrong Item,13213.49
2997,ORD129961,2024-12-14,Size Issue,16983.4
2998,ORD129971,2024-02-27,Customer Changed Mind,6337.16
2999,ORD129981,2025-12-21,Late Delivery,7538.67
3000,ORD129991,2025-11-16,Damaged,49872.49
3001,ORD130001,2024-03-02,Wrong Item,8623.43
3002,ORD130011,2024-12-07,Size Issue,28458.75
3003,ORD130021,2025-04-09,Customer Changed Mind,16008.71
3004,ORD130031,2025-02-11,Late Delivery,84586.15
3005,ORD130041,2025-01-30,Damaged,14673.14
3006,ORD130051,2025-05-22,Wrong Item,11387.57
3007,ORD130061,2025-07-18,Size Issue,48585.17
3008,ORD130071,2024-11-12,Customer Changed Mind,36127.28
3009,ORD130081,2025-04-17,Late Delivery,11239.52
3010,ORD130091,2025-02-18,Damaged,11073.67
3011,ORD130101,2025-08-15,Wrong Item,40522.41
3012,ORD130111,2025-11-18,Size Issue,5357.41
3013,ORD130121,2024-03-26,Customer Changed Mind,11305.87
3014,ORD130131,2024-01-11,Late Delivery,2283
3015,ORD130141,2025-04-24,Damaged,5338.77
3016,ORD130151,2024-11-10,Wrong Item,56885.49
3017,ORD130161,2025-10-12,Size Issue,91921.09
3018,ORD130171,2024-08-16,Customer Changed Mind,19071.06
3019,ORD130181,2025-02-12,Late Delivery,10801.46
3020,ORD130191,2025-01-10,Damaged,41121.9
3021,ORD130201,2025-10-08,Wrong Item,60386.23
3022,ORD130211,2025-05-15,Size Issue,2386.59
3023,ORD130221,2025-04-29,Customer Changed Mind,91921.09
3024,ORD130231,2024-07-09,Late Delivery,30604.13
3025,ORD130241,2025-07-17,Damaged,21249.67
3026,ORD130251,2024-05-31,Wrong Item,89570.61
3027,ORD130261,2025-03-23,Size Issue,1066.36
3028,ORD130271,2024-07-14,Customer Changed Mind,43998.87
3029,ORD130281,2024-10-28,Late Delivery,17798.94
3030,ORD130291,2024-11-08,Damaged,34716.46
3031,ORD130301,2025-01-16,Wrong Item,71660.56
3032,ORD130311,2024-09-06,Size Issue,36165.17
3033,ORD130321,2025-01-31,Customer Changed Mind,62606.43
3034,ORD130331,2025-04-24,Late Delivery,62340.61
3035,ORD130341,2024-03-01,Damaged,43970.99
3036,ORD130351,2024-02-02,Wrong Item,20523.14
3037,ORD130361,2025-01-06,Size Issue,31863.11
3038,ORD130371,2026-01-04,Customer Changed Mind,29719.12
3039,ORD130381,2025-06-20,Late Delivery,24535.62
3040,ORD130391,2024-06-07,Damaged,48963.7
3041,ORD130401,2026-01-04,Wrong Item,82116.5
3042,ORD130411,2025-05-03,Size Issue,30145.2
3043,ORD130421,2024-04-22,Customer Changed Mind,20892
3044,ORD130431,2025-04-09,Late Delivery,44799.88
3045,ORD130441,2024-06-09,Damaged,25318.45
3046,ORD130451,2025-10-25,Wrong Item,17733.87
3047,ORD130461,2025-05-28,Size Issue,31877.19
3048,ORD130471,2025-02-21,Customer Changed Mind,3589.53
3049,ORD130481,2024-01-18,Late Delivery,73819.4
3050,ORD130491,2025-06-23,Damaged,45467
3051,ORD130501,2024-09-13,Wrong Item,41683.14
3052,ORD130511,2024-02-28,Size Issue,94284.85
3053,ORD130521,2025-03-03,Customer Changed Mind,15115.27
3054,ORD130531,2025-04-13,Late Delivery,40907.32
3055,ORD130541,2025-03-09,Damaged,36598.47
3056,ORD130551,2025-11-15,Wrong Item,57573.26
3057,ORD130561,2024-01-29,Size Issue,41364.95
3058,ORD130571,2024-02-08,Customer Changed Mind,44466.8
3059,ORD130581,2024-11-27,Late Delivery,11393.17
3060,ORD130591,2025-07-12,Damaged,48236.58
3061,ORD130601,2024-11-11,Wrong Item,60212.56
3062,ORD130611,2025-08-30,Size Issue,14622.1
3063,ORD130621,2025-12-13,Customer Changed Mind,4967.17
3064,ORD130631,2024-04-24,Late Delivery,13213.47
3065,ORD130641,2025-07-08,Damaged,10865.05
3066,ORD130651,2024-11-07,Wrong Item,52481.38
3067,ORD130661,2025-11-25,Size Issue,923.1
3068,ORD130671,2025-12-22,Customer Changed Mind,15432.4
3069,ORD130681,2024-09-11,Late Delivery,22205.83
3070,ORD130691,2024-09-24,Damaged,57424.19
3071,ORD130701,2024-07-13,Wrong Item,4127.32
3072,ORD130711,2024-12-22,Size Issue,23293.47
3073,ORD130721,2025-07-10,Customer Changed Mind,48977.21
3074,ORD130731,2024-11-21,Late Delivery,10014.3
3075,ORD130741,2025-09-16,Damaged,20026.76
3076,ORD130751,2024-09-11,Wrong Item,48461.99
3077,ORD130761,2024-03-11,Size Issue,52295.47
3078,ORD130771,2025-12-05,Customer Changed Mind,29150.08
3079,ORD130781,2025-05-21,Late Delivery,5338.77
3080,ORD130791,2025-10-06,Damaged,46986.43
3081,ORD130801,2025-10-19,Wrong Item,19462.37
3082,ORD130811,2024-03-28,Size Issue,11775.06
3083,ORD130821,2024-08-27,Customer Changed Mind,76041.92
3084,ORD130831,2024-09-04,Late Delivery,86660.06
3085,ORD130841,2024-08-05,Damaged,49026.07
3086,ORD130851,2025-11-12,Wrong Item,18798.16
3087,ORD130861,2024-05-19,Size Issue,22892.42
3088,ORD130871,2024-11-18,Customer Changed Mind,23467.94
3089,ORD130881,2025-12-30,Late Delivery,78483.15
3090,ORD130891,2024-10-30,Damaged,22259.34
3091,ORD130901,2025-02-04,Wrong Item,15085.22
3092,ORD130911,2025-03-15,Size Issue,42243.46
3093,ORD130921,2024-06-15,Customer Changed Mind,8576.77
3094,ORD130931,2025-10-06,Late Delivery,2239.27
3095,ORD130941,2024-08-04,Damaged,68731.2
3096,ORD130951,2024-04-24,Wrong Item,21141.3
3097,ORD130961,2024-03-03,Size Issue,18933.41
3098,ORD130971,2024-08-06,Customer Changed Mind,1716.46
3099,ORD130981,2024-11-08,Late Delivery,44796.15
3100,ORD130991,2024-08-01,Damaged,10708.83
3101,ORD131001,2025-05-23,Wrong Item,47382.67
3102,ORD131011,2024-01-26,Size Issue,37010.74
3103,ORD131021,2024-08-30,Customer Changed Mind,41301.15
3104,ORD131031,2024-04-13,Late Delivery,16059.7
3105,ORD131041,2025-10-25,Damaged,12604.46
3106,ORD131051,2025-03-31,Wrong Item,30363.77
3107,ORD131061,2025-02-10,Size Issue,16600.47
3108,ORD131071,2024-07-29,Customer Changed Mind,10371.65
3109,ORD131081,2025-01-31,Late Delivery,85573.3
3110,ORD131091,2024-09-04,Damaged,18007.84
3111,ORD131101,2025-03-29,Wrong Item,6867.49
3112,ORD131111,2025-02-01,Size Issue,20464.65
3113,ORD131121,2024-06-04,Customer Changed Mind,76298.62
3114,ORD131131,2025-09-12,Late Delivery,7135.79
3115,ORD131141,2025-05-01,Damaged,16999.74
3116,ORD131151,2025-05-15,Wrong Item,14198.96
3117,ORD131161,2025-02-02,Size Issue,66943.31
3118,ORD131171,2025-01-14,Customer Changed Mind,19246.8
3119,ORD131181,2025-01-03,Late Delivery,40914.92
3120,ORD131191,2025-08-08,Damaged,19456.56
3121,ORD131201,2025-10-22,Wrong Item,27523.41
3122,ORD131211,2025-05-09,Size Issue,27005.24
3123,ORD131221,2024-06-08,Customer Changed Mind,43470.94
3124,ORD131231,2025-05-07,Late Delivery,15521.14
3125,ORD131241,2024-04-20,Damaged,80126.61
3126,ORD131251,2025-03-18,Wrong Item,28553.98
3127,ORD131261,2025-12-13,Size Issue,38200.63
3128,ORD131271,2025-08-15,Customer Changed Mind,38515.56
3129,ORD131281,2024-05-12,Late Delivery,85119.77
3130,ORD131291,2025-02-08,Damaged,51548.4
3131,ORD131301,2024-08-03,Wrong Item,56780.9
3132,ORD131311,2025-11-05,Size Issue,15030.14
3133,ORD131321,2025-11-13,Customer Changed Mind,8557.34
3134,ORD131331,2025-09-28,Late Delivery,16923.68
3135,ORD131341,2024-05-04,Damaged,10702.22
3136,ORD131351,2024-09-28,Wrong Item,26678.28
3137,ORD131361,2024-11-20,Size Issue,44704.26
3138,ORD131371,2025-03-13,Customer Changed Mind,17890.04
3139,ORD131381,2024-04-06,Late Delivery,64108.84
3140,ORD131391,2024-09-14,Damaged,2493.15
3141,ORD131401,2025-02-07,Wrong Item,50303.88
3142,ORD131411,2025-07-08,Size Issue,9858.4
3143,ORD131421,2024-09-15,Customer Changed Mind,61223.4
3144,ORD131431,2025-09-17,Late Delivery,84515.58
3145,ORD131441,2024-08-23,Damaged,9259.44
3146,ORD131451,2024-02-02,Wrong Item,63678.94
3147,ORD131461,2025-06-30,Size Issue,63397.17
3148,ORD131471,2025-10-30,Customer Changed Mind,12784.44
3149,ORD131481,2025-09-16,Late Delivery,38353.33
3150,ORD131491,2024-09-02,Damaged,13923.81
3151,ORD131501,2024-12-24,Wrong Item,16957.34
3152,ORD131511,2025-03-15,Size Issue,27600.6
3153,ORD131521,2024-06-01,Customer Changed Mind,11825.28
3154,ORD131531,2024-12-03,Late Delivery,59476.11
3155,ORD131541,2025-01-07,Damaged,45769.65
3156,ORD131551,2024-08-05,Wrong Item,20586.54
3157,ORD131561,2024-06-29,Size Issue,20610.96
3158,ORD131571,2024-08-27,Customer Changed Mind,9734.6
3159,ORD131581,2025-03-19,Late Delivery,31406.54
3160,ORD131591,2024-09-28,Damaged,71937.28
3161,ORD131601,2024-11-30,Wrong Item,7697.34
3162,ORD131611,2024-09-03,Size Issue,52242.74
3163,ORD131621,2024-01-30,Customer Changed Mind,75426.1
3164,ORD131631,2025-05-23,Late Delivery,60479.84
3165,ORD131641,2024-02-22,Damaged,5394.11
3166,ORD131651,2024-04-02,Wrong Item,33847.36
3167,ORD131661,2024-08-18,Size Issue,10928.57
3168,ORD131671,2025-03-31,Customer Changed Mind,24686.38
3169,ORD131681,2024-10-12,Late Delivery,41557.54
3170,ORD131691,2024-06-26,Damaged,20946.91
3171,ORD131701,2024-02-27,Wrong Item,8944.88
3172,ORD131711,2024-12-26,Size Issue,7772.64
3173,ORD131721,2024-01-14,Customer Changed Mind,25961.79
3174,ORD131731,2024-12-21,Late Delivery,24798.04
3175,ORD131741,2024-07-11,Damaged,17361.16
3176,ORD131751,2024-12-09,Wrong Item,13944.15
3177,ORD131761,2024-03-23,Size Issue,31218.86
3178,ORD131771,2024-07-21,Customer Changed Mind,12046.34
3179,ORD131781,2024-07-21,Late Delivery,64179.98
3180,ORD131791,2025-07-29,Damaged,16008.05
3181,ORD131801,2025-11-06,Wrong Item,2414.46
3182,ORD131811,2024-12-08,Size Issue,10520.87
3183,ORD131821,2024-01-21,Customer Changed Mind,17502.82
3184,ORD131831,2024-09-18,Late Delivery,33162.15
3185,ORD131841,2024-02-23,Damaged,50568.57
3186,ORD131851,2025-01-13,Wrong Item,22847.59
3187,ORD131861,2025-02-25,Size Issue,43611.67
3188,ORD131871,2025-04-12,Customer Changed Mind,33189.51
3189,ORD131881,2024-07-26,Late Delivery,46711.16
3190,ORD131891,2025-10-21,Damaged,24357.05
3191,ORD131901,2024-07-06,Wrong Item,6096.15
3192,ORD131911,2024-09-04,Size Issue,5338.77
3193,ORD131921,2024-09-28,Customer Changed Mind,11965.11
3194,ORD131931,2025-07-15,Late Delivery,21203.98
3195,ORD131941,2025-04-17,Damaged,1219.23
3196,ORD131951,2025-06-23,Wrong Item,40767.88
3197,ORD131961,2025-09-09,Size Issue,3945.38
3198,ORD131971,2024-12-11,Customer Changed Mind,57018.2
3199,ORD131981,2024-08-01,Late Delivery,42570.54
3200,ORD131991,2024-12-27,Damaged,36488.43
3201,ORD132001,2024-02-10,Wrong Item,23111.56
3202,ORD132011,2025-08-10,Size Issue,26978.02
3203,ORD132021,2024-08-01,Customer Changed Mind,37171.03
3204,ORD132031,2025-02-22,Late Delivery,55635
3205,ORD132041,2025-05-04,Damaged,45467
3206,ORD132051,2025-02-17,Wrong Item,11728.62
3207,ORD132061,2025-01-22,Size Issue,57507.27
3208,ORD132071,2025-01-21,Customer Changed Mind,5379.52
3209,ORD132081,2025-05-01,Late Delivery,3007.8
3210,ORD132091,2024-01-12,Damaged,5446.38
3211,ORD132101,2025-01-14,Wrong Item,21952.92
3212,ORD132111,2024-04-11,Size Issue,1875.27
3213,ORD132121,2025-01-28,Customer Changed Mind,13205.83
3214,ORD132131,2025-11-15,Late Delivery,13495.01
3215,ORD132141,2025-11-22,Damaged,1098.22
3216,ORD132151,2024-11-23,Wrong Item,17418.96
3217,ORD132161,2025-06-26,Size Issue,5911.29
3218,ORD132171,2024-12-16,Customer Changed Mind,27357.39
3219,ORD132181,2025-04-30,Late Delivery,25472.2
3220,ORD132191,2025-02-01,Damaged,31421.92
3221,ORD132201,2025-11-03,Wrong Item,47268.7
3222,ORD132211,2024-09-12,Size Issue,10298.63
3223,ORD132221,2024-05-15,Customer Changed Mind,19846.35
3224,ORD132231,2024-01-29,Late Delivery,94162.1
3225,ORD132241,2024-03-26,Damaged,4709.29
3226,ORD132251,2024-09-30,Wrong Item,4509.14
3227,ORD132261,2024-05-30,Size Issue,30039.89
3228,ORD132271,2024-01-13,Customer Changed Mind,15050.94
3229,ORD132281,2025-11-10,Late Delivery,11735.62
3230,ORD132291,2025-05-29,Damaged,6471.9
3231,ORD132301,2024-10-21,Wrong Item,7337.46
3232,ORD132311,2025-10-01,Size Issue,19661.01
3233,ORD132321,2025-09-26,Customer Changed Mind,44693.85
3234,ORD132331,2024-06-12,Late Delivery,24316.2
3235,ORD132341,2024-10-14,Damaged,27421.79
3236,ORD132351,2024-02-27,Wrong Item,29332.51
3237,ORD132361,2025-07-07,Size Issue,24337.48
3238,ORD132371,2025-03-23,Customer Changed Mind,35573.44
3239,ORD132381,2024-05-21,Late Delivery,79622.84
3240,ORD132391,2026-01-05,Damaged,9575.67
3241,ORD132401,2024-02-26,Wrong Item,13188.07
3242,ORD132411,2025-10-28,Size Issue,81829.84
3243,ORD132421,2025-08-11,Customer Changed Mind,14787.88
3244,ORD132431,2025-05-17,Late Delivery,10768.6
3245,ORD132441,2025-01-02,Damaged,27612.44
3246,ORD132451,2025-12-14,Wrong Item,88015.35
3247,ORD132461,2025-09-07,Size Issue,26239.14
3248,ORD132471,2025-05-17,Customer Changed Mind,8366.49
3249,ORD132481,2024-10-01,Late Delivery,13393.52
3250,ORD132491,2024-06-29,Damaged,7349.43
3251,ORD132501,2024-08-08,Wrong Item,7732.08
3252,ORD132511,2025-04-19,Size Issue,11507.01
3253,ORD132521,2025-05-13,Customer Changed Mind,12041.48
3254,ORD132531,2025-10-29,Late Delivery,40913.82
3255,ORD132541,2025-06-02,Damaged,14362.29
3256,ORD132551,2024-06-19,Wrong Item,43163.39
3257,ORD132561,2024-01-14,Size Issue,21889.65
3258,ORD132571,2025-08-12,Customer Changed Mind,13817.34
3259,ORD132581,2025-09-19,Late Delivery,5096.39
3260,ORD132591,2025-12-14,Damaged,22605.23
3261,ORD132601,2025-11-10,Wrong Item,79598.68
3262,ORD132611,2024-07-16,Size Issue,15118.88
3263,ORD132621,2024-08-31,Customer Changed Mind,44019.42
3264,ORD132631,2025-05-29,Late Delivery,26590.79
3265,ORD132641,2024-06-14,Damaged,52337.84
3266,ORD132651,2024-01-15,Wrong Item,47225.54
3267,ORD132661,2024-03-15,Size Issue,33079
3268,ORD132671,2026-01-07,Customer Changed Mind,4585.91
3269,ORD132681,2024-09-07,Late Delivery,68220.88
3270,ORD132691,2024-02-11,Damaged,25036.06
3271,ORD132701,2025-01-27,Wrong Item,45917.55
3272,ORD132711,2025-10-11,Size Issue,22302.62
3273,ORD132721,2024-04-21,Customer Changed Mind,25318.45
3274,ORD132731,2025-03-06,Late Delivery,19354.86
3275,ORD132741,2024-11-17,Damaged,44221.25
3276,ORD132751,2024-10-31,Wrong Item,30812.46
3277,ORD132761,2025-04-30,Size Issue,18729.1
3278,ORD132771,2024-09-09,Customer Changed Mind,14362.29
3279,ORD132781,2024-03-29,Late Delivery,25616.99
3280,ORD132791,2025-01-02,Damaged,16538.08
3281,ORD132801,2025-11-23,Wrong Item,9418.58
3282,ORD132811,2024-07-21,Size Issue,35489.36
3283,ORD132821,2024-01-28,Customer Changed Mind,22236.75
3284,ORD132831,2024-07-08,Late Delivery,28468.93
3285,ORD132841,2025-03-14,Damaged,3418.68
3286,ORD132851,2025-04-03,Wrong Item,16924.14
3287,ORD132861,2025-09-26,Size Issue,51922.73
3288,ORD132871,2026-01-04,Customer Changed Mind,32680.58
3289,ORD132881,2025-07-07,Late Delivery,16723.41
3290,ORD132891,2025-09-17,Damaged,29502.32
3291,ORD132901,2024-10-15,Wrong Item,28647.11
3292,ORD132911,2024-07-05,Size Issue,11677.79
3293,ORD132921,2024-03-12,Customer Changed Mind,45881.07
3294,ORD132931,2025-08-09,Late Delivery,19902.28
3295,ORD132941,2025-05-15,Damaged,6302.23
3296,ORD132951,2025-12-30,Wrong Item,22270.88
3297,ORD132961,2025-06-17,Size Issue,54406.08
3298,ORD132971,2024-07-23,Customer Changed Mind,33137.33
3299,ORD132981,2024-08-22,Late Delivery,2584.37
3300,ORD132991,2025-12-18,Damaged,7630.55
3301,ORD133001,2025-12-27,Wrong Item,71747.68
3302,ORD133011,2024-10-20,Size Issue,13231.6
3303,ORD133021,2025-10-03,Customer Changed Mind,23429.28
3304,ORD133031,2024-07-03,Late Delivery,16007.56
3305,ORD133041,2024-09-24,Damaged,81798.9
3306,ORD133051,2025-07-13,Wrong Item,43767.76
3307,ORD133061,2024-07-30,Size Issue,19281.4
3308,ORD133071,2025-07-22,Customer Changed Mind,69560.45
3309,ORD133081,2025-05-01,Late Delivery,11572.15
3310,ORD133091,2024-04-28,Damaged,49390.17
3311,ORD133101,2025-06-03,Wrong Item,42945.12
3312,ORD133111,2024-11-10,Size Issue,44363.65
3313,ORD133121,2024-03-01,Customer Changed Mind,2378.6
3314,ORD133131,2024-08-04,Late Delivery,31486.94
3315,ORD133141,2024-04-11,Damaged,8794.2
3316,ORD133151,2025-01-16,Wrong Item,34521.04
3317,ORD133161,2025-06-14,Size Issue,65091.74
3318,ORD133171,2025-02-06,Customer Changed Mind,28690.92
3319,ORD133181,2025-10-03,Late Delivery,19941.85
3320,ORD133191,2024-03-06,Damaged,24695.08
3321,ORD133201,2025-03-15,Wrong Item,85293.72
3322,ORD133211,2025-05-17,Size Issue,2986.33
3323,ORD133221,2024-12-22,Customer Changed Mind,1449.8
3324,ORD133231,2024-03-27,Late Delivery,60151.32
3325,ORD133241,2024-11-01,Damaged,7365.45
3326,ORD133251,2024-06-11,Wrong Item,35781.6
3327,ORD133261,2024-08-04,Size Issue,4627.42
3328,ORD133271,2024-05-30,Customer Changed Mind,13038.14
3329,ORD133281,2025-08-06,Late Delivery,14145.8
3330,ORD133291,2025-02-11,Damaged,7559.36
3331,ORD133301,2024-02-19,Wrong Item,35120.36
3332,ORD133311,2024-12-30,Size Issue,24780.69
3333,ORD133321,2025-03-27,Customer Changed Mind,22810.14
3334,ORD133331,2024-05-03,Late Delivery,26995.62
3335,ORD133341,2024-05-02,Damaged,24244.88
3336,ORD133351,2025-07-31,Wrong Item,4276.38
3337,ORD133361,2025-11-30,Size Issue,6648.41
3338,ORD133371,2024-10-14,Customer Changed Mind,9543.59
3339,ORD133381,2024-02-18,Late Delivery,24013.02
3340,ORD133391,2024-01-21,Damaged,18438.19
3341,ORD133401,2024-07-15,Wrong Item,22754.19
3342,ORD133411,2025-06-30,Size Issue,4669.42
3343,ORD133421,2025-02-14,Customer Changed Mind,8692.81
3344,ORD133431,2024-09-17,Late Delivery,35844.57
3345,ORD133441,2024-01-19,Damaged,9790.21
3346,ORD133451,2024-03-29,Wrong Item,6446.9
3347,ORD133461,2024-06-23,Size Issue,564.54
3348,ORD133471,2025-06-04,Customer Changed Mind,19932.61
3349,ORD133481,2025-04-14,Late Delivery,12990.98
3350,ORD133491,2024-01-18,Damaged,12745.86
3351,ORD133501,2025-06-20,Wrong Item,35912.75
3352,ORD133511,2025-12-27,Size Issue,6471.9
3353,ORD133521,2025-05-19,Customer Changed Mind,54145.87
3354,ORD133531,2025-05-23,Late Delivery,4355.13
3355,ORD133541,2025-05-05,Damaged,58106.08
3356,ORD133551,2024-06-03,Wrong Item,75099.73
3357,ORD133561,2025-03-12,Size Issue,18854.03
3358,ORD133571,2025-01-15,Customer Changed Mind,7753.11
3359,ORD133581,2025-12-22,Late Delivery,38445.16
3360,ORD133591,2025-07-03,Damaged,59085.88
3361,ORD133601,2024-01-24,Wrong Item,13213.47
3362,ORD133611,2024-12-04,Size Issue,11142.4
3363,ORD133621,2024-04-14,Customer Changed Mind,21893.06
3364,ORD133631,2025-02-01,Late Delivery,18832.42
3365,ORD133641,2025-11-18,Damaged,112160.66
3366,ORD133651,2024-05-20,Wrong Item,39367.41
3367,ORD133661,2025-11-24,Size Issue,18184.34
3368,ORD133671,2025-04-06,Customer Changed Mind,18082.58
3369,ORD133681,2024-01-09,Late Delivery,8873.42
3370,ORD133691,2025-02-22,Damaged,12343.19
3371,ORD133701,2025-08-20,Wrong Item,3102.76
3372,ORD133711,2025-05-04,Size Issue,50441.58
3373,ORD133721,2025-02-20,Customer Changed Mind,89506.91
3374,ORD133731,2024-01-17,Late Delivery,21897.78
3375,ORD133741,2025-03-29,Damaged,41683.14
3376,ORD133751,2024-04-10,Wrong Item,13527.42
3377,ORD133761,2024-05-19,Size Issue,42041.14
3378,ORD133771,2025-02-05,Customer Changed Mind,4971.8
3379,ORD133781,2024-11-01,Late Delivery,28941.95
3380,ORD133791,2025-05-24,Damaged,80283.42
3381,ORD133801,2025-12-19,Wrong Item,6471.9
3382,ORD133811,2024-09-30,Size Issue,18218.8
3383,ORD133821,2024-03-30,Customer Changed Mind,22399.94
3384,ORD133831,2024-11-08,Late Delivery,15586.11
3385,ORD133841,2024-09-29,Damaged,40889.98
3386,ORD133851,2024-09-18,Wrong Item,70090.89
3387,ORD133861,2024-04-05,Size Issue,62360.84
3388,ORD133871,2025-04-19,Customer Changed Mind,51154.32
3389,ORD133881,2024-11-21,Late Delivery,3913.28
3390,ORD133891,2025-12-29,Damaged,34889.34
3391,ORD133901,2025-03-31,Wrong Item,14412.84
3392,ORD133911,2025-04-09,Size Issue,33218.73
3393,ORD133921,2025-12-07,Customer Changed Mind,11038.92
3394,ORD133931,2024-10-09,Late Delivery,102806.48
3395,ORD133941,2025-08-10,Damaged,54897.7
3396,ORD133951,2024-05-12,Wrong Item,11728.62
3397,ORD133961,2024-12-12,Size Issue,14077.48
3398,ORD133971,2024-09-07,Customer Changed Mind,40914.92
3399,ORD133981,2025-03-20,Late Delivery,34722.32
3400,ORD133991,2024-10-08,Damaged,34307.09
3401,ORD134001,2024-12-11,Wrong Item,20132.96
3402,ORD134011,2025-04-14,Size Issue,46096.2
3403,ORD134021,2024-07-03,Customer Changed Mind,10646.35
3404,ORD134031,2025-11-22,Late Delivery,23507.69
3405,ORD134041,2024-08-10,Damaged,10609.74
3406,ORD134051,2024-12-03,Wrong Item,46548.68
3407,ORD134061,2025-05-16,Size Issue,12926.06
3408,ORD134071,2025-12-03,Customer Changed Mind,1808.54
3409,ORD134081,2025-12-04,Late Delivery,57275.11
3410,ORD134091,2024-09-21,Damaged,74792.59
3411,ORD134101,2024-08-24,Wrong Item,11965.11
3412,ORD134111,2025-04-02,Size Issue,60802.08
3413,ORD134121,2025-11-02,Customer Changed Mind,50883.3
3414,ORD134131,2024-12-18,Late Delivery,13669.54
3415,ORD134141,2025-02-03,Damaged,24164.22
3416,ORD134151,2024-02-18,Wrong Item,58126.98
3417,ORD134161,2024-07-26,Size Issue,9119.13
3418,ORD134171,2025-03-20,Customer Changed Mind,27288.35
3419,ORD134181,2024-06-06,Late Delivery,53698.25
3420,ORD134191,2025-07-24,Damaged,73411.09
3421,ORD134201,2024-08-25,Wrong Item,12076.99
3422,ORD134211,2025-03-31,Size Issue,4448.75
3423,ORD134221,2024-01-20,Customer Changed Mind,68677.25
3424,ORD134231,2025-08-25,Late Delivery,18854.03
3425,ORD134241,2024-09-06,Damaged,28521.7
3426,ORD134251,2024-06-08,Wrong Item,52242.74
3427,ORD134261,2024-12-25,Size Issue,33222.52
3428,ORD134271,2025-10-20,Customer Changed Mind,13438.9
3429,ORD134281,2025-02-25,Late Delivery,2631.66
3430,ORD134291,2025-04-16,Damaged,44763.96
3431,ORD134301,2024-12-06,Wrong Item,11177.89
3432,ORD134311,2024-09-18,Size Issue,8190.45
3433,ORD134321,2024-10-20,Customer Changed Mind,56521.15
3434,ORD134331,2024-08-16,Late Delivery,8746.38
3435,ORD134341,2024-07-26,Damaged,37171.03
3436,ORD134351,2024-03-03,Wrong Item,51606.39
3437,ORD134361,2024-07-10,Size Issue,75564
3438,ORD134371,2025-02-11,Customer Changed Mind,18294.9
3439,ORD134381,2025-02-09,Late Delivery,11763.96
3440,ORD134391,2024-06-18,Damaged,24006.11
3441,ORD134401,2025-08-08,Wrong Item,4027.12
3442,ORD134411,2025-04-20,Size Issue,32127.81
3443,ORD134421,2024-03-18,Customer Changed Mind,28285.8
3444,ORD134431,2024-05-30,Late Delivery,7135.79
3445,ORD134441,2024-07-24,Damaged,12569.35
3446,ORD134451,2025-08-15,Wrong Item,40991.63
3447,ORD134461,2024-08-26,Size Issue,17390.51
3448,ORD134471,2024-07-19,Customer Changed Mind,30446.31
3449,ORD134481,2025-12-19,Late Delivery,42309.2
3450,ORD134491,2024-11-24,Damaged,11629.66
3451,ORD134501,2025-04-06,Wrong Item,8626.92
3452,ORD134511,2025-01-15,Size Issue,6382
3453,ORD134521,2025-08-27,Customer Changed Mind,14077.48
3454,ORD134531,2024-11-10,Late Delivery,24535.28
3455,ORD134541,2024-01-11,Damaged,7344.88
3456,ORD134551,2024-10-22,Wrong Item,58692.56
3457,ORD134561,2024-07-19,Size Issue,53270.21
3458,ORD134571,2024-06-04,Customer Changed Mind,3057.83
3459,ORD134581,2025-02-02,Late Delivery,35573.44
3460,ORD134591,2024-12-24,Damaged,93938.85
3461,ORD134601,2025-02-22,Wrong Item,32657.29
3462,ORD134611,2025-10-16,Size Issue,12764.01
3463,ORD134621,2025-07-27,Customer Changed Mind,35909.58
3464,ORD134631,2025-11-18,Late Delivery,11130.48
3465,ORD134641,2025-07-17,Damaged,68898.45
3466,ORD134651,2025-03-06,Wrong Item,60727.54
3467,ORD134661,2024-04-19,Size Issue,37009.71
3468,ORD134671,2024-05-06,Customer Changed Mind,18638.7
3469,ORD134681,2025-03-07,Late Delivery,10183.28
3470,ORD134691,2025-09-05,Damaged,106966.63
3471,ORD134701,2025-05-09,Wrong Item,41385.99
3472,ORD134711,2026-01-03,Size Issue,19976.03
3473,ORD134721,2024-01-14,Customer Changed Mind,50717.74
3474,ORD134731,2024-03-18,Late Delivery,21141.3
3475,ORD134741,2024-05-30,Damaged,91053.18
3476,ORD134751,2025-06-26,Wrong Item,56800.24
3477,ORD134761,2024-05-23,Size Issue,13810.55
3478,ORD134771,2025-01-25,Customer Changed Mind,4052.76
3479,ORD134781,2024-10-14,Late Delivery,20122.77
3480,ORD134791,2024-10-02,Damaged,10928.57
3481,ORD134801,2025-03-08,Wrong Item,6287.02
3482,ORD134811,2024-10-21,Size Issue,27949.56
3483,ORD134821,2024-09-26,Customer Changed Mind,2770.17
3484,ORD134831,2024-03-13,Late Delivery,3897.55
3485,ORD134841,2024-04-12,Damaged,49743.22
3486,ORD134851,2024-09-25,Wrong Item,29210.83
3487,ORD134861,2025-02-20,Size Issue,5147.86
3488,ORD134871,2025-10-03,Customer Changed Mind,18003.49
3489,ORD134881,2025-07-16,Late Delivery,25976.85
3490,ORD134891,2025-05-23,Damaged,67761.69
3491,ORD134901,2025-12-25,Wrong Item,53539.28
3492,ORD134911,2025-01-03,Size Issue,13257.66
3493,ORD134921,2024-02-06,Customer Changed Mind,13694.71
3494,ORD134931,2025-09-01,Late Delivery,11619.92
3495,ORD134941,2025-07-04,Damaged,1224.91
3496,ORD134951,2025-07-01,Wrong Item,32015.11
3497,ORD134961,2025-08-24,Size Issue,21032.4
3498,ORD134971,2024-07-06,Customer Changed Mind,38356.71
3499,ORD134981,2024-08-11,Late Delivery,11190.99
3500,ORD134991,2025-01-03,Damaged,65091.74
3501,ORD135001,2024-06-13,Wrong Item,45572.68
3502,ORD135011,2024-09-16,Size Issue,38282.79
3503,ORD135021,2024-09-29,Customer Changed Mind,27243.86
3504,ORD135031,2024-03-21,Late Delivery,2092.73
3505,ORD135041,2024-08-20,Damaged,53526.53
3506,ORD135051,2025-02-11,Wrong Item,99212.49
3507,ORD135061,2025-08-17,Size Issue,19941.85
3508,ORD135071,2024-06-11,Customer Changed Mind,3242.21
3509,ORD135081,2025-04-17,Late Delivery,38822.44
3510,ORD135091,2024-11-20,Damaged,36816.59
3511,ORD135101,2024-10-18,Wrong Item,5857.32
3512,ORD135111,2024-04-28,Size Issue,14803.88
3513,ORD135121,2024-10-20,Customer Changed Mind,19545.08
3514,ORD135131,2024-08-08,Late Delivery,20257.26
3515,ORD135141,2024-08-23,Damaged,9457.95
3516,ORD135151,2025-04-10,Wrong Item,3501.24
3517,ORD135161,2024-04-16,Size Issue,7922.57
3518,ORD135171,2025-06-21,Customer Changed Mind,58116.02
3519,ORD135181,2024-07-22,Late Delivery,8119.74
3520,ORD135191,2025-08-24,Damaged,47059.87
3521,ORD135201,2025-11-03,Wrong Item,37856.07
3522,ORD135211,2025-08-14,Size Issue,55552.05
3523,ORD135221,2024-01-24,Customer Changed Mind,35201.92
3524,ORD135231,2025-05-08,Late Delivery,14338.45
3525,ORD135241,2025-03-24,Damaged,8801.71
3526,ORD135251,2024-12-25,Wrong Item,75564
3527,ORD135261,2025-08-13,Size Issue,44221.25
3528,ORD135271,2025-08-08,Customer Changed Mind,14634.36
3529,ORD135281,2024-02-24,Late Delivery,1129.09
3530,ORD135291,2024-05-24,Damaged,8004.02
3531,ORD135301,2024-05-31,Wrong Item,40602.14
3532,ORD135311,2025-11-07,Size Issue,39932.89
3533,ORD135321,2025-12-18,Customer Changed Mind,22808.37
3534,ORD135331,2024-11-24,Late Delivery,42738.26
3535,ORD135341,2024-09-21,Damaged,57604.35
3536,ORD135351,2025-01-04,Wrong Item,47301.11
3537,ORD135361,2025-08-13,Size Issue,43970.99
3538,ORD135371,2024-03-08,Customer Changed Mind,32714.16
3539,ORD135381,2025-05-03,Late Delivery,18262.68
3540,ORD135391,2024-03-15,Damaged,8015.95
3541,ORD135401,2025-12-07,Wrong Item,45769.65
3542,ORD135411,2024-08-22,Size Issue,21347.39
3543,ORD135421,2025-10-11,Customer Changed Mind,21999.39
3544,ORD135431,2025-12-06,Late Delivery,20308.97
3545,ORD135441,2025-08-06,Damaged,71656.49
3546,ORD135451,2025-02-28,Wrong Item,8938.77
3547,ORD135461,2025-03-29,Size Issue,3397.59
3548,ORD135471,2025-06-05,Customer Changed Mind,28881.01
3549,ORD135481,2025-09-18,Late Delivery,22108.1
3550,ORD135491,2024-06-24,Damaged,55744.71
3551,ORD135501,2024-05-16,Wrong Item,27597.31
3552,ORD135511,2025-06-01,Size Issue,73294.27
3553,ORD135521,2024-09-20,Customer Changed Mind,14759.98
3554,ORD135531,2025-11-02,Late Delivery,26787.04
3555,ORD135541,2024-06-27,Damaged,82690.38
3556,ORD135551,2025-11-04,Wrong Item,31804
3557,ORD135561,2025-10-28,Size Issue,1777.47
3558,ORD135571,2024-12-28,Customer Changed Mind,17413.85
3559,ORD135581,2025-02-15,Late Delivery,16913.84
3560,ORD135591,2024-10-09,Damaged,9777.18
3561,ORD135601,2024-08-21,Wrong Item,5287.17
3562,ORD135611,2025-06-09,Size Issue,17319.02
3563,ORD135621,2025-07-21,Customer Changed Mind,10826.92
3564,ORD135631,2025-12-19,Late Delivery,4757.19
3565,ORD135641,2025-09-06,Damaged,5662.65
3566,ORD135651,2024-12-20,Wrong Item,69236.65
3567,ORD135661,2024-07-22,Size Issue,40767.88
3568,ORD135671,2024-01-26,Customer Changed Mind,17868.73
3569,ORD135681,2025-09-13,Late Delivery,22184.94
3570,ORD135691,2024-02-28,Damaged,10201.38
3571,ORD135701,2024-07-05,Wrong Item,37596.31
3572,ORD135711,2025-05-07,Size Issue,75682.34
3573,ORD135721,2024-04-09,Customer Changed Mind,9771.33
3574,ORD135731,2025-01-19,Late Delivery,17792.64
3575,ORD135741,2025-11-30,Damaged,10826.92
3576,ORD135751,2025-05-27,Wrong Item,31648.06
3577,ORD135761,2024-08-13,Size Issue,76958.4
3578,ORD135771,2024-01-14,Customer Changed Mind,39755
3579,ORD135781,2024-02-14,Late Delivery,6867.49
3580,ORD135791,2025-08-26,Damaged,27228.6
3581,ORD135801,2024-12-15,Wrong Item,45008.73
3582,ORD135811,2024-12-02,Size Issue,1004.88
3583,ORD135821,2024-11-08,Customer Changed Mind,65723.92
3584,ORD135831,2024-04-11,Late Delivery,28757.41
3585,ORD135841,2024-03-09,Damaged,14276.99
3586,ORD135851,2025-05-16,Wrong Item,49963.59
3587,ORD135861,2025-07-04,Size Issue,86228.55
3588,ORD135871,2025-08-30,Customer Changed Mind,33165.93
3589,ORD135881,2025-06-11,Late Delivery,32714.16
3590,ORD135891,2025-10-09,Damaged,11455.18
3591,ORD135901,2025-02-22,Wrong Item,28201.88
3592,ORD135911,2024-09-26,Size Issue,67885.09
3593,ORD135921,2024-03-29,Customer Changed Mind,6284.68
3594,ORD135931,2025-09-16,Late Delivery,52951.45
3595,ORD135941,2024-12-11,Damaged,16421.37
3596,ORD135951,2024-06-15,Wrong Item,25717.7
3597,ORD135961,2025-05-16,Size Issue,16182.34
3598,ORD135971,2025-09-29,Customer Changed Mind,40493.43
3599,ORD135981,2024-01-21,Late Delivery,3898.02
3600,ORD135991,2025-08-20,Damaged,108348.16
3601,ORD136001,2024-07-29,Wrong Item,29015.64
3602,ORD136011,2024-07-19,Size Issue,30986.24
3603,ORD136021,2024-01-13,Customer Changed Mind,3554.94
3604,ORD136031,2025-02-26,Late Delivery,7753.11
3605,ORD136041,2024-03-06,Damaged,16466.41
3606,ORD136051,2024-09-28,Wrong Item,54562.2
3607,ORD136061,2025-10-24,Size Issue,18972.49
3608,ORD136071,2024-04-03,Customer Changed Mind,11892.99
3609,ORD136081,2025-07-23,Late Delivery,89570.61
3610,ORD136091,2024-07-09,Damaged,50717.74
3611,ORD136101,2024-11-16,Wrong Item,38502.07
3612,ORD136111,2024-12-16,Size Issue,21484.06
3613,ORD136121,2024-10-16,Customer Changed Mind,60721.78
3614,ORD136131,2024-05-29,Late Delivery,20457.46
3615,ORD136141,2025-11-25,Damaged,16768.29
3616,ORD136151,2024-10-30,Wrong Item,15565.25
3617,ORD136161,2025-04-27,Size Issue,10948.89
3618,ORD136171,2025-01-05,Customer Changed Mind,8195.85
3619,ORD136181,2025-07-20,Late Delivery,9910.12
3620,ORD136191,2025-05-27,Damaged,21080.8
3621,ORD136201,2024-08-22,Wrong Item,25669.39
3622,ORD136211,2025-01-12,Size Issue,27675.74
3623,ORD136221,2024-12-02,Customer Changed Mind,18703.78
3624,ORD136231,2025-09-03,Late Delivery,44019.42
3625,ORD136241,2025-10-04,Damaged,16424.07
3626,ORD136251,2024-12-02,Wrong Item,961.26
3627,ORD136261,2024-10-27,Size Issue,38035.99
3628,ORD136271,2026-01-04,Customer Changed Mind,25150.25
3629,ORD136281,2025-09-24,Late Delivery,3658.59
3630,ORD136291,2025-04-16,Damaged,11526.1
3631,ORD136301,2024-06-08,Wrong Item,16611.26
3632,ORD136311,2025-01-04,Size Issue,73137.84
3633,ORD136321,2025-07-24,Customer Changed Mind,5596.7
3634,ORD136331,2025-06-28,Late Delivery,69603.7
3635,ORD136341,2024-09-22,Damaged,37722.87
3636,ORD136351,2024-03-06,Wrong Item,1825.15
3637,ORD136361,2025-07-18,Size Issue,33277.41
3638,ORD136371,2025-06-02,Customer Changed Mind,43976.56
3639,ORD136381,2025-06-20,Late Delivery,31256.42
3640,ORD136391,2024-06-30,Damaged,41818.45
3641,ORD136401,2024-08-24,Wrong Item,51927.48
3642,ORD136411,2025-03-17,Size Issue,26215.63
3643,ORD136421,2024-06-18,Customer Changed Mind,48977.21
3644,ORD136431,2025-12-07,Late Delivery,6585.46
3645,ORD136441,2025-05-11,Damaged,30741.93
3646,ORD136451,2024-01-09,Wrong Item,37588.86
3647,ORD136461,2024-06-30,Size Issue,40697.7
3648,ORD136471,2024-10-23,Customer Changed Mind,6887.19
3649,ORD136481,2024-12-18,Late Delivery,48591.12
3650,ORD136491,2025-02-23,Damaged,8759.66
3651,ORD136501,2024-06-01,Wrong Item,32736.24
3652,ORD136511,2024-03-08,Size Issue,36034.09
3653,ORD136521,2025-06-01,Customer Changed Mind,2905.88
3654,ORD136531,2024-05-21,Late Delivery,44369.88
3655,ORD136541,2024-10-18,Damaged,11445.49
3656,ORD136551,2024-03-16,Wrong Item,71674.72
3657,ORD136561,2025-03-17,Size Issue,31566.2
3658,ORD136571,2025-11-21,Customer Changed Mind,33165.93
3659,ORD136581,2025-11-24,Late Delivery,14787.52
3660,ORD136591,2024-12-28,Damaged,30463.45
3661,ORD136601,2025-07-31,Wrong Item,35802.76
3662,ORD136611,2025-02-16,Size Issue,7836.27
3663,ORD136621,2024-10-01,Customer Changed Mind,40932.53
3664,ORD136631,2024-07-26,Late Delivery,13817.34
3665,ORD136641,2025-12-08,Damaged,35755.08
3666,ORD136651,2025-08-23,Wrong Item,56394.47
3667,ORD136661,2024-03-10,Size Issue,56773.03
3668,ORD136671,2025-10-06,Customer Changed Mind,9008.52
3669,ORD136681,2024-03-03,Late Delivery,41301.15
3670,ORD136691,2025-12-20,Damaged,19819.55
3671,ORD136701,2025-09-24,Wrong Item,75414.89
3672,ORD136711,2024-07-29,Size Issue,38353.33
3673,ORD136721,2024-11-30,Customer Changed Mind,13897.44
3674,ORD136731,2024-06-14,Late Delivery,42074.6
3675,ORD136741,2025-08-29,Damaged,80142.12
3676,ORD136751,2024-10-20,Wrong Item,20896.73
3677,ORD136761,2024-08-29,Size Issue,15703.27
3678,ORD136771,2025-07-23,Customer Changed Mind,20366.56
3679,ORD136781,2024-07-04,Late Delivery,10191.97
3680,ORD136791,2024-03-04,Damaged,53614.92
3681,ORD136801,2025-01-22,Wrong Item,27824.18
3682,ORD136811,2025-01-14,Size Issue,22614.8
3683,ORD136821,2024-08-14,Customer Changed Mind,88769.07
3684,ORD136831,2025-10-24,Late Delivery,16940.42
3685,ORD136841,2025-07-02,Damaged,56918.16
3686,ORD136851,2025-11-06,Wrong Item,38146.74
3687,ORD136861,2025-01-18,Size Issue,3098.7
3688,ORD136871,2025-04-08,Customer Changed Mind,35440.58
3689,ORD136881,2025-06-24,Late Delivery,18933.41
3690,ORD136891,2024-02-02,Damaged,9403.07
3691,ORD136901,2024-07-27,Wrong Item,13304.71
3692,ORD136911,2025-06-15,Size Issue,29514.71
3693,ORD136921,2024-02-05,Customer Changed Mind,45461.02
3694,ORD136931,2025-07-09,Late Delivery,48767.07
3695,ORD136941,2025-03-09,Damaged,37409.5
3696,ORD136951,2024-08-14,Wrong Item,9259.44
3697,ORD136961,2024-06-25,Size Issue,53989.21
3698,ORD136971,2025-11-02,Customer Changed Mind,53742.36
3699,ORD136981,2024-02-19,Late Delivery,35105.98
3700,ORD136991,2024-04-01,Damaged,4291.15
3701,ORD137001,2025-07-11,Wrong Item,56394.47
3702,ORD137011,2025-08-19,Size Issue,68940.82
3703,ORD137021,2024-08-22,Customer Changed Mind,36413.73
3704,ORD137031,2025-12-24,Late Delivery,23048.1
3705,ORD137041,2025-07-15,Damaged,17506.2
3706,ORD137051,2025-01-03,Wrong Item,43077.32
3707,ORD137061,2025-05-12,Size Issue,22896.66
3708,ORD137071,2024-11-08,Customer Changed Mind,43132.27
3709,ORD137081,2024-04-26,Late Delivery,21381.88
3710,ORD137091,2025-12-20,Damaged,9043.01
3711,ORD137101,2025-08-08,Wrong Item,28991.59
3712,ORD137111,2025-09-15,Size Issue,107307.96
3713,ORD137121,2025-06-02,Customer Changed Mind,52481.38
3714,ORD137131,2025-10-12,Late Delivery,12292.13
3715,ORD137141,2025-12-30,Damaged,27276.51
3716,ORD137151,2025-02-13,Wrong Item,61175.91
3717,ORD137161,2025-05-12,Size Issue,16015.27
3718,ORD137171,2024-08-07,Customer Changed Mind,15305.85
3719,ORD137181,2025-11-15,Late Delivery,28991.59
3720,ORD137191,2024-03-16,Damaged,28148.35
3721,ORD137201,2025-09-29,Wrong Item,12146.29
3722,ORD137211,2025-02-08,Size Issue,52695.84
3723,ORD137221,2025-02-26,Customer Changed Mind,2471
3724,ORD137231,2025-08-27,Late Delivery,12975.02
3725,ORD137241,2025-04-21,Damaged,2191.95
3726,ORD137251,2025-01-23,Wrong Item,22910.35
3727,ORD137261,2024-11-11,Size Issue,62670.84
3728,ORD137271,2025-01-21,Customer Changed Mind,28690.92
3729,ORD137281,2025-03-22,Late Delivery,11796.61
3730,ORD137291,2025-01-26,Damaged,4177.46
3731,ORD137301,2024-10-20,Wrong Item,3777.72
3732,ORD137311,2026-01-02,Size Issue,10493.06
3733,ORD137321,2024-06-21,Customer Changed Mind,31809.61
3734,ORD137331,2024-07-17,Late Delivery,12468.12
3735,ORD137341,2025-09-16,Damaged,114901.36
3736,ORD137351,2024-05-20,Wrong Item,3292.73
3737,ORD137361,2025-03-02,Size Issue,16016.32
3738,ORD137371,2024-12-09,Customer Changed Mind,8799.77
3739,ORD137381,2024-03-02,Late Delivery,42646.86
3740,ORD137391,2024-11-30,Damaged,14575.04
3741,ORD137401,2024-12-29,Wrong Item,54053.93
3742,ORD137411,2025-10-12,Size Issue,17588.39
3743,ORD137421,2025-07-26,Customer Changed Mind,26877.69
3744,ORD137431,2024-02-03,Late Delivery,10035.18
3745,ORD137441,2025-08-15,Damaged,10947.85
3746,ORD137451,2024-11-15,Wrong Item,24108.34
3747,ORD137461,2024-09-15,Size Issue,88570.17
3748,ORD137471,2025-12-13,Customer Changed Mind,64841.12
3749,ORD137481,2024-06-04,Late Delivery,2747
3750,ORD137491,2025-12-14,Damaged,25976.85
3751,ORD137501,2025-09-28,Wrong Item,39187.85
3752,ORD137511,2025-03-27,Size Issue,23373.63
3753,ORD137521,2024-04-09,Customer Changed Mind,81029.03
3754,ORD137531,2024-07-29,Late Delivery,27612.44
3755,ORD137541,2024-02-09,Damaged,31620.81
3756,ORD137551,2025-12-24,Wrong Item,27944.72
3757,ORD137561,2025-03-24,Size Issue,36651.34
3758,ORD137571,2024-12-26,Customer Changed Mind,50310.18
3759,ORD137581,2025-10-05,Late Delivery,42614.37
3760,ORD137591,2025-12-17,Damaged,25219.19
3761,ORD137601,2024-02-26,Wrong Item,22605.23
3762,ORD137611,2025-10-18,Size Issue,16008.05
3763,ORD137621,2024-05-06,Customer Changed Mind,16774.83
3764,ORD137631,2024-01-28,Late Delivery,6867.49
3765,ORD137641,2025-05-31,Damaged,17277.46
3766,ORD137651,2025-06-12,Wrong Item,2690.92
3767,ORD137661,2024-03-03,Size Issue,51999.52
3768,ORD137671,2024-10-10,Customer Changed Mind,32725.86
3769,ORD137681,2025-07-20,Late Delivery,44796.15
3770,ORD137691,2025-08-22,Damaged,24840.95
3771,ORD137701,2024-02-01,Wrong Item,102287.29
3772,ORD137711,2024-07-31,Size Issue,24003.24
3773,ORD137721,2024-05-03,Customer Changed Mind,23365.81
3774,ORD137731,2025-06-05,Late Delivery,62340.61
3775,ORD137741,2024-07-07,Damaged,58487.24
3776,ORD137751,2024-01-27,Wrong Item,18267.79
3777,ORD137761,2024-03-25,Size Issue,42151.39
3778,ORD137771,2024-01-22,Customer Changed Mind,47536.16
3779,ORD137781,2025-03-14,Late Delivery,20383.94
3780,ORD137791,2025-11-11,Damaged,33794.77
3781,ORD137801,2025-09-27,Wrong Item,19251.04
3782,ORD137811,2024-11-21,Size Issue,16159.31
3783,ORD137821,2024-07-17,Customer Changed Mind,32417.93
3784,ORD137831,2024-11-03,Late Delivery,13416.05
3785,ORD137841,2025-03-10,Damaged,5911.29
3786,ORD137851,2024-08-06,Wrong Item,3355.75
3787,ORD137861,2026-01-06,Size Issue,7746.56
3788,ORD137871,2025-01-05,Customer Changed Mind,4076.88
3789,ORD137881,2025-04-28,Late Delivery,14658.85
3790,ORD137891,2024-08-22,Damaged,53483.35
3791,ORD137901,2024-02-27,Wrong Item,56832.88
3792,ORD137911,2025-02-14,Size Issue,13489.01
3793,ORD137921,2025-03-30,Customer Changed Mind,30529.98
3794,ORD137931,2024-07-16,Late Delivery,5096.39
3795,ORD137941,2024-07-20,Damaged,10436.54
3796,ORD137951,2025-07-15,Wrong Item,29964.05
3797,ORD137961,2024-08-21,Size Issue,68071.5
3798,ORD137971,2025-05-23,Customer Changed Mind,71272.76
3799,ORD137981,2024-05-07,Late Delivery,18065.67
3800,ORD137991,2025-02-27,Damaged,29346.28
3801,ORD138001,2024-04-28,Wrong Item,95355.3
3802,ORD138011,2025-08-09,Size Issue,25398.46
3803,ORD138021,2024-04-19,Customer Changed Mind,27071.26
3804,ORD138031,2024-10-29,Late Delivery,32030.53
3805,ORD138041,2025-05-01,Damaged,14322.6
3806,ORD138051,2024-07-16,Wrong Item,7975.3
3807,ORD138061,2024-03-22,Size Issue,27675.74
3808,ORD138071,2024-04-27,Customer Changed Mind,51190.74
3809,ORD138081,2024-09-18,Late Delivery,20323.67
3810,ORD138091,2024-10-18,Damaged,7817.06
3811,ORD138101,2024-10-02,Wrong Item,11234.18
3812,ORD138111,2025-11-28,Size Issue,13038.14
3813,ORD138121,2024-06-18,Customer Changed Mind,43136.05
3814,ORD138131,2024-09-11,Late Delivery,62712.9
3815,ORD138141,2025-02-09,Damaged,17746.84
3816,ORD138151,2025-07-21,Wrong Item,29768.13
3817,ORD138161,2024-06-16,Size Issue,14900.98
3818,ORD138171,2025-01-11,Customer Changed Mind,15586.11
3819,ORD138181,2024-03-10,Late Delivery,8959
3820,ORD138191,2024-04-24,Damaged,51787.34
3821,ORD138201,2025-01-27,Wrong Item,34131.29
3822,ORD138211,2025-10-28,Size Issue,26490.65
3823,ORD138221,2024-04-22,Customer Changed Mind,68717.26
3824,ORD138231,2025-05-22,Late Delivery,81642.38
3825,ORD138241,2024-03-27,Damaged,96861.86
3826,ORD138251,2025-10-22,Wrong Item,9607.85
3827,ORD138261,2025-08-23,Size Issue,28187.83
3828,ORD138271,2024-07-20,Customer Changed Mind,70978.72
3829,ORD138281,2025-09-28,Late Delivery,45702.98
3830,ORD138291,2025-10-24,Damaged,16463.66
3831,ORD138301,2025-02-20,Wrong Item,49614.23
3832,ORD138311,2024-04-05,Size Issue,5804.62
3833,ORD138321,2024-05-28,Customer Changed Mind,51927.48
3834,ORD138331,2024-03-15,Late Delivery,25970.7
3835,ORD138341,2024-07-17,Damaged,13889.16
3836,ORD138351,2025-02-24,Wrong Item,14469.99
3837,ORD138361,2024-06-15,Size Issue,10009.47
3838,ORD138371,2025-11-07,Customer Changed Mind,8183.77
3839,ORD138381,2025-03-24,Late Delivery,9001.75
3840,ORD138391,2025-02-01,Damaged,108103.09
3841,ORD138401,2025-03-13,Wrong Item,34953.61
3842,ORD138411,2025-03-29,Size Issue,9296.98
3843,ORD138421,2025-12-05,Customer Changed Mind,6769.66
3844,ORD138431,2024-05-19,Late Delivery,18363.69
3845,ORD138441,2025-07-13,Damaged,77435.72
3846,ORD138451,2024-07-02,Wrong Item,10865.05
3847,ORD138461,2025-06-01,Size Issue,8067.12
3848,ORD138471,2025-03-13,Customer Changed Mind,21027.4
3849,ORD138481,2025-09-11,Late Delivery,61334.97
3850,ORD138491,2026-01-02,Damaged,36705.55
3851,ORD138501,2024-10-23,Wrong Item,16538.08
3852,ORD138511,2025-08-21,Size Issue,47333.93
3853,ORD138521,2025-06-06,Customer Changed Mind,43731.9
3854,ORD138531,2025-05-09,Late Delivery,51171.15
3855,ORD138541,2026-01-01,Damaged,41547.76
3856,ORD138551,2025-10-17,Wrong Item,18975.46
3857,ORD138561,2025-08-14,Size Issue,6425.3
3858,ORD138571,2025-05-09,Customer Changed Mind,22381.98
3859,ORD138581,2025-10-22,Late Delivery,11455.18
3860,ORD138591,2024-12-09,Damaged,23063.72
3861,ORD138601,2024-08-06,Wrong Item,12292.13
3862,ORD138611,2024-11-29,Size Issue,43193.65
3863,ORD138621,2025-11-05,Customer Changed Mind,39952.06
3864,ORD138631,2024-01-17,Late Delivery,9910.12
3865,ORD138641,2024-04-20,Damaged,81798.9
3866,ORD138651,2024-05-13,Wrong Item,18933.57
3867,ORD138661,2025-02-10,Size Issue,18206.86
3868,ORD138671,2025-11-18,Customer Changed Mind,38271.16
3869,ORD138681,2024-02-25,Late Delivery,40609.4
3870,ORD138691,2025-12-09,Damaged,10578.67
3871,ORD138701,2024-10-27,Wrong Item,19676.47
3872,ORD138711,2025-12-09,Size Issue,14589.25
3873,ORD138721,2025-12-20,Customer Changed Mind,96389.28
3874,ORD138731,2025-05-16,Late Delivery,5692.25
3875,ORD138741,2025-06-04,Damaged,38457.13
3876,ORD138751,2025-06-01,Wrong Item,43470.94
3877,ORD138761,2024-12-11,Size Issue,24910.8
3878,ORD138771,2024-05-28,Customer Changed Mind,75426.1
3879,ORD138781,2025-02-04,Late Delivery,14190.18
3880,ORD138791,2025-07-26,Damaged,14388.99
3881,ORD138801,2025-08-22,Wrong Item,5993.46
3882,ORD138811,2025-03-31,Size Issue,2665.9
3883,ORD138821,2024-06-18,Customer Changed Mind,34508.84
3884,ORD138831,2024-06-01,Late Delivery,66471.61
3885,ORD138841,2024-03-01,Damaged,24835.03
3886,ORD138851,2025-08-30,Wrong Item,7036.57
3887,ORD138861,2024-07-10,Size Issue,36454.4
3888,ORD138871,2024-03-18,Customer Changed Mind,22754.19
3889,ORD138881,2025-09-15,Late Delivery,5113.26
3890,ORD138891,2025-03-04,Damaged,44222.52
3891,ORD138901,2025-10-07,Wrong Item,57697.96
3892,ORD138911,2024-06-17,Size Issue,3897.55
3893,ORD138921,2025-10-01,Customer Changed Mind,11658.96
3894,ORD138931,2025-08-04,Late Delivery,28393.74
3895,ORD138941,2024-05-15,Damaged,15509.07
3896,ORD138951,2025-10-14,Wrong Item,61771.62
3897,ORD138961,2025-09-02,Size Issue,10975.77
3898,ORD138971,2025-05-19,Customer Changed Mind,37583.77
3899,ORD138981,2024-03-28,Late Delivery,11907.25
3900,ORD138991,2025-03-12,Damaged,26936.54
3901,ORD139001,2025-06-27,Wrong Item,39160.82
3902,ORD139011,2025-05-12,Size Issue,49390.17
3903,ORD139021,2025-08-15,Customer Changed Mind,8706.97
3904,ORD139031,2025-10-12,Late Delivery,3846.2
3905,ORD139041,2025-09-12,Damaged,1921.67
3906,ORD139051,2025-03-22,Wrong Item,5323.18
3907,ORD139061,2024-11-04,Size Issue,55757.93
3908,ORD139071,2025-08-07,Customer Changed Mind,16999.74
3909,ORD139081,2024-07-21,Late Delivery,41765.4
3910,ORD139091,2024-03-13,Damaged,95834.75
3911,ORD139101,2024-09-15,Wrong Item,21438.48
3912,ORD139111,2024-10-08,Size Issue,35507.63
3913,ORD139121,2025-11-11,Customer Changed Mind,15374.05
3914,ORD139131,2025-01-11,Late Delivery,8938.77
3915,ORD139141,2024-12-11,Damaged,21583.49
3916,ORD139151,2024-02-01,Wrong Item,5037.03
3917,ORD139161,2024-11-02,Size Issue,10496.02
3918,ORD139171,2024-06-20,Customer Changed Mind,29575.76
3919,ORD139181,2024-07-23,Late Delivery,67486.51
3920,ORD139191,2024-04-13,Damaged,16957.34
3921,ORD139201,2025-01-08,Wrong Item,48422.1
3922,ORD139211,2024-01-17,Size Issue,29286.6
3923,ORD139221,2025-08-02,Customer Changed Mind,63936.99
3924,ORD139231,2025-07-19,Late Delivery,17202.13
3925,ORD139241,2024-06-30,Damaged,13483.82
3926,ORD139251,2025-10-12,Wrong Item,8567.06
3927,ORD139261,2024-04-24,Size Issue,39952.06
3928,ORD139271,2025-07-19,Customer Changed Mind,70953.95
3929,ORD139281,2025-05-28,Late Delivery,53784.97
3930,ORD139291,2025-09-04,Damaged,39859.82
3931,ORD139301,2024-10-24,Wrong Item,29829.74
3932,ORD139311,2025-11-10,Size Issue,5571.2
3933,ORD139321,2024-11-12,Customer Changed Mind,31345.65
3934,ORD139331,2024-12-27,Late Delivery,78915.5
3935,ORD139341,2025-12-23,Damaged,64384.78
3936,ORD139351,2024-12-14,Wrong Item,34435.96
3937,ORD139361,2024-04-29,Size Issue,15293.69
3938,ORD139371,2025-01-08,Customer Changed Mind,6615.14
3939,ORD139381,2025-08-29,Late Delivery,89611.43
3940,ORD139391,2025-05-12,Damaged,21583.49
3941,ORD139401,2025-11-15,Wrong Item,44949.84
3942,ORD139411,2024-12-28,Size Issue,87613.61
3943,ORD139421,2024-11-20,Customer Changed Mind,29649
3944,ORD139431,2024-12-11,Late Delivery,8491.7
3945,ORD139441,2025-11-10,Damaged,3439.08
3946,ORD139451,2025-11-26,Wrong Item,74969.72
3947,ORD139461,2025-11-21,Size Issue,31530.85
3948,ORD139471,2024-11-18,Customer Changed Mind,91921.09
3949,ORD139481,2025-07-24,Late Delivery,7642.53
3950,ORD139491,2025-01-13,Damaged,12779.06
3951,ORD139501,2024-10-11,Wrong Item,61824.44
3952,ORD139511,2025-12-15,Size Issue,67612.46
3953,ORD139521,2025-02-23,Customer Changed Mind,3727.74
3954,ORD139531,2024-02-12,Late Delivery,5228.96
3955,ORD139541,2024-02-04,Damaged,20132.96
3956,ORD139551,2025-06-21,Wrong Item,57740.4
3957,ORD139561,2025-09-10,Size Issue,57816.32
3958,ORD139571,2025-06-05,Customer Changed Mind,14609.69
3959,ORD139581,2024-12-11,Late Delivery,57526.43
3960,ORD139591,2024-01-17,Damaged,19230.98
3961,ORD139601,2025-02-21,Wrong Item,24087.56
3962,ORD139611,2024-08-16,Size Issue,7975.3
3963,ORD139621,2025-10-03,Customer Changed Mind,52284.28
3964,ORD139631,2024-05-03,Late Delivery,19847.4
3965,ORD139641,2025-05-05,Damaged,5323.18
3966,ORD139651,2024-04-11,Wrong Item,20074.8
3967,ORD139661,2025-04-04,Size Issue,40783.94
3968,ORD139671,2024-07-16,Customer Changed Mind,36758.61
3969,ORD139681,2024-07-20,Late Delivery,38643.15
3970,ORD139691,2024-07-05,Damaged,11025.98
3971,ORD139701,2024-10-25,Wrong Item,22605.23
3972,ORD139711,2024-07-11,Size Issue,83841.44
3973,ORD139721,2024-03-21,Customer Changed Mind,10426.98
3974,ORD139731,2025-12-07,Late Delivery,73137.84
3975,ORD139741,2025-03-11,Damaged,53864.37
3976,ORD139751,2025-05-01,Wrong Item,55129.89
3977,ORD139761,2024-06-16,Size Issue,78971.12
3978,ORD139771,2024-05-02,Customer Changed Mind,64445.68
3979,ORD139781,2024-07-12,Late Delivery,9627
3980,ORD139791,2024-04-30,Damaged,50913.82
3981,ORD139801,2025-01-26,Wrong Item,37171.03
3982,ORD139811,2025-12-07,Size Issue,26463.2
3983,ORD139821,2024-09-01,Customer Changed Mind,56918.16
3984,ORD139831,2025-04-24,Late Delivery,19877.82
3985,ORD139841,2024-07-03,Damaged,16509.28
3986,ORD139851,2024-05-29,Wrong Item,90624.58
3987,ORD139861,2024-11-13,Size Issue,11674.57
3988,ORD139871,2025-10-18,Customer Changed Mind,43500.83
3989,ORD139881,2024-08-02,Late Delivery,11727.05
3990,ORD139891,2025-08-13,Damaged,40555.76
3991,ORD139901,2024-02-01,Wrong Item,68071.5
3992,ORD139911,2024-06-14,Size Issue,52322.1
3993,ORD139921,2024-02-15,Customer Changed Mind,16383.42
3994,ORD139931,2024-05-11,Late Delivery,8567.06
3995,ORD139941,2025-08-09,Damaged,68151.1
3996,ORD139951,2025-12-30,Wrong Item,13902.64
3997,ORD139961,2025-08-21,Size Issue,50821.27
3998,ORD139971,2026-01-05,Customer Changed Mind,9008.52
3999,ORD139981,2025-02-18,Late Delivery,61683.89
4000,ORD139991,2024-07-06,Damaged,74462.12
4001,ORD140001,2025-04-28,Wrong Item,6220.2
4002,ORD140011,2024-08-31,Size Issue,13795.33
4003,ORD140021,2025-06-14,Customer Changed Mind,6941.13
4004,ORD140031,2024-01-31,Late Delivery,30463.14
4005,ORD140041,2024-01-25,Damaged,11822.58
4006,ORD140051,2024-09-06,Wrong Item,24473.99
4007,ORD140061,2025-08-10,Size Issue,31423.39
4008,ORD140071,2025-03-22,Customer Changed Mind,34843.75
4009,ORD140081,2024-10-10,Late Delivery,10457.93
4010,ORD140091,2025-06-26,Damaged,48319.31
4011,ORD140101,2024-07-04,Wrong Item,4967.17
4012,ORD140111,2024-05-07,Size Issue,54136.19
4013,ORD140121,2025-12-05,Customer Changed Mind,21611.95
4014,ORD140131,2024-04-14,Late Delivery,27467.15
4015,ORD140141,2025-01-10,Damaged,32214.97
4016,ORD140151,2025-07-13,Wrong Item,26078.42
4017,ORD140161,2025-05-07,Size Issue,85573.3
4018,ORD140171,2025-05-21,Customer Changed Mind,16949.18
4019,ORD140181,2025-02-14,Late Delivery,2633.89
4020,ORD140191,2024-10-23,Damaged,4941.31
4021,ORD140201,2024-08-10,Wrong Item,29203.8
4022,ORD140211,2025-05-24,Size Issue,33914.68
4023,ORD140221,2025-11-12,Customer Changed Mind,23456.09
4024,ORD140231,2024-11-22,Late Delivery,15592.09
4025,ORD140241,2025-06-15,Damaged,5646.08
4026,ORD140251,2024-05-10,Wrong Item,30028.41
4027,ORD140261,2024-09-24,Size Issue,11190.99
4028,ORD140271,2024-11-29,Customer Changed Mind,37562.64
4029,ORD140281,2024-12-06,Late Delivery,65369.34
4030,ORD140291,2025-11-20,Damaged,5147.86
4031,ORD140301,2024-03-05,Wrong Item,2556.37
4032,ORD140311,2024-03-10,Size Issue,35763.41
4033,ORD140321,2024-01-17,Customer Changed Mind,64108.84
4034,ORD140331,2025-01-22,Late Delivery,52701.35
4035,ORD140341,2025-06-27,Damaged,39735.98
4036,ORD140351,2025-07-24,Wrong Item,47742
4037,ORD140361,2025-12-25,Size Issue,15628.21
4038,ORD140371,2024-10-15,Customer Changed Mind,6068.34
4039,ORD140381,2024-02-15,Late Delivery,72499.66
4040,ORD140391,2025-07-06,Damaged,14660.78
4041,ORD140401,2025-01-08,Wrong Item,6773.5
4042,ORD140411,2024-03-16,Size Issue,14767.39
4043,ORD140421,2024-11-15,Customer Changed Mind,17492.76
4044,ORD140431,2025-11-14,Late Delivery,2196.45
4045,ORD140441,2024-05-25,Damaged,1143.64
4046,ORD140451,2025-12-22,Wrong Item,4511.7
4047,ORD140461,2024-03-26,Size Issue,18843.56
4048,ORD140471,2024-02-15,Customer Changed Mind,16558.39
4049,ORD140481,2024-10-25,Late Delivery,77583.62
4050,ORD140491,2025-09-01,Damaged,7082.71
4051,ORD140501,2024-11-01,Wrong Item,21264.99
4052,ORD140511,2025-01-28,Size Issue,17420.51
4053,ORD140521,2025-04-03,Customer Changed Mind,19223.87
4054,ORD140531,2024-12-29,Late Delivery,4245.85
4055,ORD140541,2024-07-09,Damaged,8708.41
4056,ORD140551,2025-03-25,Wrong Item,16278.41
4057,ORD140561,2024-03-17,Size Issue,14338.45
4058,ORD140571,2024-12-21,Customer Changed Mind,44252.68
4059,ORD140581,2024-05-18,Late Delivery,22929.55
4060,ORD140591,2025-11-09,Damaged,3396.68
4061,ORD140601,2025-07-08,Wrong Item,29346.28
4062,ORD140611,2025-07-25,Size Issue,23815.62
4063,ORD140621,2024-03-26,Customer Changed Mind,31060.15
4064,ORD140631,2024-03-31,Late Delivery,42837.08
4065,ORD140641,2024-06-06,Damaged,5394.11
4066,ORD140651,2024-09-07,Wrong Item,5707.5
4067,ORD140661,2024-09-19,Size Issue,63176.9
4068,ORD140671,2025-06-07,Customer Changed Mind,42302.82
4069,ORD140681,2025-11-29,Late Delivery,45959.33
4070,ORD140691,2024-08-30,Damaged,38576.55
4071,ORD140701,2025-05-04,Wrong Item,65985.78
4072,ORD140711,2024-04-05,Size Issue,46288.62
4073,ORD140721,2024-05-28,Customer Changed Mind,11727.05
4074,ORD140731,2025-06-27,Late Delivery,37682.98
4075,ORD140741,2025-03-23,Damaged,59975.78
4076,ORD140751,2025-01-19,Wrong Item,35428.07
4077,ORD140761,2025-06-30,Size Issue,4521.51
4078,ORD140771,2024-05-21,Customer Changed Mind,5811.76
4079,ORD140781,2024-04-10,Late Delivery,62606.43
4080,ORD140791,2025-08-29,Damaged,44199
4081,ORD140801,2024-11-04,Wrong Item,26831.27
4082,ORD140811,2025-02-07,Size Issue,24972.59
4083,ORD140821,2025-03-07,Customer Changed Mind,3947.94
4084,ORD140831,2024-12-18,Late Delivery,17733.87
4085,ORD140841,2025-05-06,Damaged,64384.78
4086,ORD140851,2025-07-05,Wrong Item,2378.6
4087,ORD140861,2025-02-03,Size Issue,43273.47
4088,ORD140871,2025-12-18,Customer Changed Mind,7414.63
4089,ORD140881,2025-11-27,Late Delivery,6740.5
4090,ORD140891,2025-03-03,Damaged,22847.59
4091,ORD140901,2024-02-22,Wrong Item,32773.9
4092,ORD140911,2024-04-08,Size Issue,14689.76
4093,ORD140921,2025-05-17,Customer Changed Mind,36889.94
4094,ORD140931,2024-02-20,Late Delivery,40580.7
4095,ORD140941,2025-01-01,Damaged,8869.02
4096,ORD140951,2024-06-08,Wrong Item,6146.06
4097,ORD140961,2025-03-03,Size Issue,15432.4
4098,ORD140971,2024-05-26,Customer Changed Mind,15371.04
4099,ORD140981,2024-02-29,Late Delivery,9834.11
4100,ORD140991,2024-04-05,Damaged,25746.57
4101,ORD141001,2024-10-29,Wrong Item,10035.18
4102,ORD141011,2024-02-13,Size Issue,63839.83
4103,ORD141021,2024-08-26,Customer Changed Mind,72632.6
4104,ORD141031,2025-04-17,Late Delivery,4347.55
4105,ORD141041,2025-02-10,Damaged,56800.24
4106,ORD141051,2025-11-15,Wrong Item,34689.79
4107,ORD141061,2024-04-20,Size Issue,47325.62
4108,ORD141071,2025-12-06,Customer Changed Mind,19436.45
4109,ORD141081,2024-12-31,Late Delivery,66274.66
4110,ORD141091,2024-03-20,Damaged,13972.36
4111,ORD141101,2024-08-07,Wrong Item,47506.02
4112,ORD141111,2025-04-25,Size Issue,96759.04
4113,ORD141121,2024-04-08,Customer Changed Mind,84633.01
4114,ORD141131,2025-11-01,Late Delivery,40992.3
4115,ORD141141,2025-03-21,Damaged,18238.26
4116,ORD141151,2025-09-16,Wrong Item,10519.99
4117,ORD141161,2025-09-14,Size Issue,18174.06
4118,ORD141171,2024-04-23,Customer Changed Mind,22492.53
4119,ORD141181,2024-10-15,Late Delivery,34336.4
4120,ORD141191,2025-01-26,Damaged,75682.34
4121,ORD141201,2024-02-27,Wrong Item,3834.95
4122,ORD141211,2024-04-18,Size Issue,46065.27
4123,ORD141221,2024-05-24,Customer Changed Mind,14607.02
4124,ORD141231,2026-01-06,Late Delivery,70370.86
4125,ORD141241,2025-11-23,Damaged,3815.16
4126,ORD141251,2025-06-29,Wrong Item,1143.64
4127,ORD141261,2024-02-05,Size Issue,24116.16
4128,ORD141271,2024-10-06,Customer Changed Mind,42957.1
4129,ORD141281,2024-05-27,Late Delivery,27634.67
4130,ORD141291,2024-02-18,Damaged,6707.59
4131,ORD141301,2025-10-20,Wrong Item,15626.32
4132,ORD141311,2024-03-11,Size Issue,33277.41
4133,ORD141321,2024-06-27,Customer Changed Mind,49888.68
4134,ORD141331,2025-12-17,Late Delivery,8448.69
4135,ORD141341,2024-09-15,Damaged,27467.15
4136,ORD141351,2024-04-04,Wrong Item,9771.33
4137,ORD141361,2024-07-15,Size Issue,3589.53
4138,ORD141371,2025-11-13,Customer Changed Mind,31726.64
4139,ORD141381,2025-08-24,Late Delivery,3692.41
4140,ORD141391,2025-06-22,Damaged,18470.83
4141,ORD141401,2025-02-14,Wrong Item,12081.35
4142,ORD141411,2025-01-22,Size Issue,2855.11
4143,ORD141421,2024-12-10,Customer Changed Mind,5149.31
4144,ORD141431,2025-06-01,Late Delivery,45024.9
4145,ORD141441,2025-08-09,Damaged,70057.75
4146,ORD141451,2025-07-05,Wrong Item,50877.61
4147,ORD141461,2024-07-09,Size Issue,18793.15
4148,ORD141471,2024-05-03,Customer Changed Mind,4027.12
4149,ORD141481,2024-12-07,Late Delivery,7402.15
4150,ORD141491,2025-10-30,Damaged,40194.83
4151,ORD141501,2025-02-18,Wrong Item,4185.47
4152,ORD141511,2024-07-28,Size Issue,27557.48
4153,ORD141521,2024-01-10,Customer Changed Mind,10563.35
4154,ORD141531,2024-05-22,Late Delivery,57119.85
4155,ORD141541,2024-11-19,Damaged,10870.77
4156,ORD141551,2024-09-04,Wrong Item,13416.69
4157,ORD141561,2024-12-12,Size Issue,6572.27
4158,ORD141571,2025-06-07,Customer Changed Mind,37714.4
4159,ORD141581,2024-06-29,Late Delivery,3866.04
4160,ORD141591,2024-06-09,Damaged,9382.44
4161,ORD141601,2024-04-17,Wrong Item,13790.01
4162,ORD141611,2024-02-28,Size Issue,52599.93
4163,ORD141621,2024-11-10,Customer Changed Mind,48881.18
4164,ORD141631,2025-02-23,Late Delivery,28409.58
4165,ORD141641,2024-09-06,Damaged,12594.78
4166,ORD141651,2025-02-23,Wrong Item,26340.27
4167,ORD141661,2024-07-21,Size Issue,36705.55
4168,ORD141671,2024-02-08,Customer Changed Mind,17057.05
4169,ORD141681,2024-06-01,Late Delivery,40889.98
4170,ORD141691,2024-01-25,Damaged,32713.31
4171,ORD141701,2025-12-12,Wrong Item,11127
4172,ORD141711,2026-01-04,Size Issue,37907.91
4173,ORD141721,2025-12-19,Customer Changed Mind,36438.87
4174,ORD141731,2024-07-06,Late Delivery,13339.14
4175,ORD141741,2025-05-03,Damaged,68278.64
4176,ORD141751,2025-12-16,Wrong Item,49872.49
4177,ORD141761,2024-02-18,Size Issue,8552.75
4178,ORD141771,2025-12-06,Customer Changed Mind,20490.85
4179,ORD141781,2024-03-09,Late Delivery,19436.4
4180,ORD141791,2025-10-16,Damaged,9983.22
4181,ORD141801,2025-07-15,Wrong Item,32550.28
4182,ORD141811,2024-02-12,Size Issue,35201.92
4183,ORD141821,2024-01-09,Customer Changed Mind,51927.48
4184,ORD141831,2024-11-15,Late Delivery,30696.98
4185,ORD141841,2024-05-19,Damaged,6647.7
4186,ORD141851,2024-11-11,Wrong Item,35628.8
4187,ORD141861,2024-06-11,Size Issue,19783.19
4188,ORD141871,2024-05-03,Customer Changed Mind,10518.65
4189,ORD141881,2025-09-14,Late Delivery,16306.16
4190,ORD141891,2024-04-30,Damaged,5231.84
4191,ORD141901,2025-06-13,Wrong Item,64585.53
4192,ORD141911,2024-03-02,Size Issue,24587.55
4193,ORD141921,2024-10-31,Customer Changed Mind,4120.5
4194,ORD141931,2024-09-18,Late Delivery,52034.69
4195,ORD141941,2024-09-24,Damaged,52701.35
4196,ORD141951,2024-08-22,Wrong Item,4325.69
4197,ORD141961,2024-02-18,Size Issue,49194.46
4198,ORD141971,2024-05-19,Customer Changed Mind,22479.04
4199,ORD141981,2025-08-14,Late Delivery,23883.98
4200,ORD141991,2024-09-27,Damaged,10431.34
4201,ORD142001,2024-10-02,Wrong Item,20610.96
4202,ORD142011,2025-10-05,Size Issue,56131.59
4203,ORD142021,2024-03-16,Customer Changed Mind,33917.6
4204,ORD142031,2024-07-21,Late Delivery,49635.35
4205,ORD142041,2025-08-10,Damaged,13084.46
4206,ORD142051,2024-09-07,Wrong Item,20464.65
4207,ORD142061,2025-03-03,Size Issue,26128.44
4208,ORD142071,2024-09-20,Customer Changed Mind,29178.5
4209,ORD142081,2024-08-03,Late Delivery,26432.97
4210,ORD142091,2024-07-16,Damaged,12764.01
4211,ORD142101,2024-06-04,Wrong Item,38943.02
4212,ORD142111,2026-01-07,Size Issue,14824.59
4213,ORD142121,2024-10-29,Customer Changed Mind,31042.28
4214,ORD142131,2025-01-02,Late Delivery,17420.51
4215,ORD142141,2024-07-12,Damaged,28085.45
4216,ORD142151,2024-12-04,Wrong Item,11562.98
4217,ORD142161,2024-11-23,Size Issue,10014.3
4218,ORD142171,2025-03-17,Customer Changed Mind,31493.93
4219,ORD142181,2025-07-15,Late Delivery,3418.68
4220,ORD142191,2024-12-18,Damaged,66777.32
4221,ORD142201,2024-03-02,Wrong Item,12946.83
4222,ORD142211,2025-05-17,Size Issue,5617.05
4223,ORD142221,2024-12-14,Customer Changed Mind,57573.26
4224,ORD142231,2025-10-14,Late Delivery,8260.47
4225,ORD142241,2024-07-31,Damaged,35440.58
4226,ORD142251,2024-08-17,Wrong Item,6300.41
4227,ORD142261,2025-04-06,Size Issue,58268.22
4228,ORD142271,2024-01-08,Customer Changed Mind,36476.53
4229,ORD142281,2024-10-20,Late Delivery,17076.74
4230,ORD142291,2024-12-19,Damaged,10183.28
4231,ORD142301,2024-06-04,Wrong Item,77489.49
4232,ORD142311,2026-01-04,Size Issue,6046.11
4233,ORD142321,2025-10-27,Customer Changed Mind,41995.27
4234,ORD142331,2024-01-10,Late Delivery,43795.57
4235,ORD142341,2024-03-21,Damaged,5953.9
4236,ORD142351,2025-12-11,Wrong Item,10578.67
4237,ORD142361,2024-08-10,Size Issue,14759.98
4238,ORD142371,2024-01-10,Customer Changed Mind,22594.05
4239,ORD142381,2024-10-01,Late Delivery,10927.43
4240,ORD142391,2025-07-28,Damaged,68989.97
4241,ORD142401,2025-04-25,Wrong Item,31356.45
4242,ORD142411,2024-06-26,Size Issue,34491.42
4243,ORD142421,2024-07-13,Customer Changed Mind,49916.11
4244,ORD142431,2024-05-11,Late Delivery,61372.38
4245,ORD142441,2024-02-13,Damaged,8565.32
4246,ORD142451,2024-02-25,Wrong Item,33796.47
4247,ORD142461,2024-11-22,Size Issue,10390.74
4248,ORD142471,2024-03-14,Customer Changed Mind,9154.03
4249,ORD142481,2024-07-10,Late Delivery,2624
4250,ORD142491,2024-08-21,Damaged,37004.62
4251,ORD142501,2024-08-11,Wrong Item,15050.94
4252,ORD142511,2024-10-14,Size Issue,20384.4
4253,ORD142521,2025-03-08,Customer Changed Mind,8601.5
4254,ORD142531,2024-03-09,Late Delivery,10191.97
4255,ORD142541,2025-01-02,Damaged,27176.93
4256,ORD142551,2024-06-03,Wrong Item,40992.65
4257,ORD142561,2025-06-17,Size Issue,16950.57
4258,ORD142571,2024-05-21,Customer Changed Mind,27763.42
4259,ORD142581,2024-02-04,Late Delivery,57612.92
4260,ORD142591,2024-10-31,Damaged,14298.39
4261,ORD142601,2025-02-04,Wrong Item,16903.12
4262,ORD142611,2025-06-12,Size Issue,16983.4
4263,ORD142621,2025-03-30,Customer Changed Mind,72501.39
4264,ORD142631,2025-09-06,Late Delivery,62087.58
4265,ORD142641,2024-10-11,Damaged,22713.36
4266,ORD142651,2024-01-17,Wrong Item,81798.9
4267,ORD142661,2025-10-07,Size Issue,32834.48
4268,ORD142671,2025-09-23,Customer Changed Mind,10201.38
4269,ORD142681,2025-03-28,Late Delivery,81642.38
4270,ORD142691,2025-10-04,Damaged,6124.56
4271,ORD142701,2025-12-21,Wrong Item,4578.33
4272,ORD142711,2025-02-26,Size Issue,2731.86
4273,ORD142721,2024-07-15,Customer Changed Mind,70504.69
4274,ORD142731,2024-11-26,Late Delivery,9778.2
4275,ORD142741,2024-09-06,Damaged,36758.61
4276,ORD142751,2024-03-12,Wrong Item,55642.68
4277,ORD142761,2024-08-20,Size Issue,26167
4278,ORD142771,2025-07-17,Customer Changed Mind,51766.92
4279,ORD142781,2025-02-08,Late Delivery,27246.26
4280,ORD142791,2024-02-03,Damaged,14993.94
4281,ORD142801,2024-12-24,Wrong Item,9430.53
4282,ORD142811,2024-07-15,Size Issue,44763.96
4283,ORD142821,2024-08-27,Customer Changed Mind,35023.7
4284,ORD142831,2025-05-23,Late Delivery,18675.91
4285,ORD142841,2025-03-10,Damaged,35692.47
4286,ORD142851,2025-09-01,Wrong Item,1366.29
4287,ORD142861,2024-05-10,Size Issue,17733.87
4288,ORD142871,2024-05-15,Customer Changed Mind,62813.09
4289,ORD142881,2024-04-22,Late Delivery,2584.37
4290,ORD142891,2024-04-26,Damaged,24944.34
4291,ORD142901,2025-12-01,Wrong Item,12003.05
4292,ORD142911,2025-04-16,Size Issue,14011.55
4293,ORD142921,2024-07-24,Customer Changed Mind,48319.31
4294,ORD142931,2025-03-01,Late Delivery,19941.85
4295,ORD142941,2024-06-22,Damaged,30028.41
4296,ORD142951,2024-07-30,Wrong Item,12041.48
4297,ORD142961,2025-08-05,Size Issue,18966.29
4298,ORD142971,2025-10-02,Customer Changed Mind,60203.76
4299,ORD142981,2024-04-10,Late Delivery,4013.83
4300,ORD142991,2025-04-21,Damaged,57647.85
4301,ORD143001,2024-04-14,Wrong Item,18787.68
4302,ORD143011,2024-06-13,Size Issue,19251.04
4303,ORD143021,2025-05-14,Customer Changed Mind,46175.04
4304,ORD143031,2025-11-29,Late Delivery,9200.2
4305,ORD143041,2025-09-12,Damaged,35201.92
4306,ORD143051,2024-02-17,Wrong Item,6533.68
4307,ORD143061,2024-06-12,Size Issue,11945.34
4308,ORD143071,2024-11-05,Customer Changed Mind,12679.43
4309,ORD143081,2025-02-08,Late Delivery,57424.19
4310,ORD143091,2025-04-06,Damaged,34375.74
4311,ORD143101,2024-08-12,Wrong Item,23347.08
4312,ORD143111,2025-12-05,Size Issue,16690.7
4313,ORD143121,2024-07-22,Customer Changed Mind,35195.75
4314,ORD143131,2024-05-29,Late Delivery,21773.7
4315,ORD143141,2024-06-01,Damaged,12971.74
4316,ORD143151,2025-02-08,Wrong Item,13928
4317,ORD143161,2025-02-09,Size Issue,37722.87
4318,ORD143171,2025-08-07,Customer Changed Mind,47892.16
4319,ORD143181,2024-07-26,Late Delivery,17532.11
4320,ORD143191,2024-11-28,Damaged,21168.45
4321,ORD143201,2025-10-31,Wrong Item,12626.48
4322,ORD143211,2024-10-23,Size Issue,86150.84
4323,ORD143221,2025-10-29,Customer Changed Mind,27286.2
4324,ORD143231,2024-04-13,Late Delivery,17153.54
4325,ORD143241,2024-08-18,Damaged,48728.27
4326,ORD143251,2024-07-15,Wrong Item,6520.7
4327,ORD143261,2024-08-18,Size Issue,14387.46
4328,ORD143271,2024-12-15,Customer Changed Mind,22202.77
4329,ORD143281,2025-04-05,Late Delivery,16466.41
4330,ORD143291,2024-02-20,Damaged,32017.36
4331,ORD143301,2025-08-24,Wrong Item,10183.28
4332,ORD143311,2025-10-04,Size Issue,25467.09
4333,ORD143321,2024-09-03,Customer Changed Mind,10646.35
4334,ORD143331,2024-08-03,Late Delivery,17202.13
4335,ORD143341,2025-03-03,Damaged,30013.06
4336,ORD143351,2024-11-22,Wrong Item,31042.28
4337,ORD143361,2025-06-07,Size Issue,24116.9
4338,ORD143371,2024-07-29,Customer Changed Mind,5168.74
4339,ORD143381,2025-05-31,Late Delivery,42839.68
4340,ORD143391,2024-07-16,Damaged,15722.28
4341,ORD143401,2024-04-12,Wrong Item,49635.35
4342,ORD143411,2024-01-29,Size Issue,810.55
4343,ORD143421,2025-05-10,Customer Changed Mind,70412.28
4344,ORD143431,2025-03-31,Late Delivery,19842.5
4345,ORD143441,2025-10-14,Damaged,21741.55
4346,ORD143451,2024-02-29,Wrong Item,23527.93
4347,ORD143461,2026-01-02,Size Issue,1921.57
4348,ORD143471,2024-03-06,Customer Changed Mind,21381.88
4349,ORD143481,2025-02-16,Late Delivery,44536
4350,ORD143491,2025-07-30,Damaged,19929.91
4351,ORD143501,2024-04-10,Wrong Item,1925.3
4352,ORD143511,2025-09-23,Size Issue,88262.46
4353,ORD143521,2025-07-27,Customer Changed Mind,6990.72
4354,ORD143531,2024-03-30,Late Delivery,2565.36
4355,ORD143541,2025-07-28,Damaged,20069.14
4356,ORD143551,2024-08-15,Wrong Item,816.78
4357,ORD143561,2025-06-08,Size Issue,47469.6
4358,ORD143571,2024-08-30,Customer Changed Mind,59424.29
4359,ORD143581,2025-06-28,Late Delivery,9311.28
4360,ORD143591,2024-12-15,Damaged,18017.98
4361,ORD143601,2024-04-23,Wrong Item,39026.02
4362,ORD143611,2025-11-22,Size Issue,21669.63
4363,ORD143621,2024-07-12,Customer Changed Mind,15545.28
4364,ORD143631,2024-02-28,Late Delivery,60231.69
4365,ORD143641,2024-03-04,Damaged,7365.45
4366,ORD143651,2024-01-23,Wrong Item,32680.58
4367,ORD143661,2025-05-09,Size Issue,24049.44
4368,ORD143671,2024-04-24,Customer Changed Mind,37171.03
4369,ORD143681,2025-09-26,Late Delivery,23677.6
4370,ORD143691,2024-05-23,Damaged,30137.64
4371,ORD143701,2024-02-12,Wrong Item,13220.78
4372,ORD143711,2024-04-09,Size Issue,49963.59
4373,ORD143721,2024-08-19,Customer Changed Mind,9992.72
4374,ORD143731,2025-05-07,Late Delivery,3391.47
4375,ORD143741,2024-08-23,Damaged,13934.96
4376,ORD143751,2024-10-14,Wrong Item,905.91
4377,ORD143761,2024-01-08,Size Issue,5965.95
4378,ORD143771,2025-01-11,Customer Changed Mind,28889.45
4379,ORD143781,2024-02-07,Late Delivery,45074.69
4380,ORD143791,2024-06-29,Damaged,30236.6
4381,ORD143801,2025-12-06,Wrong Item,36535.57
4382,ORD143811,2025-08-04,Size Issue,31680.46
4383,ORD143821,2025-07-06,Customer Changed Mind,25276.86
4384,ORD143831,2026-01-07,Late Delivery,33891.08
4385,ORD143841,2025-03-14,Damaged,19014.03
4386,ORD143851,2024-08-08,Wrong Item,10431.34
4387,ORD143861,2024-07-01,Size Issue,49821.59
4388,ORD143871,2024-11-01,Customer Changed Mind,29987.89
4389,ORD143881,2025-08-09,Late Delivery,58733.94
4390,ORD143891,2024-04-12,Damaged,30140.31
4391,ORD143901,2024-07-06,Wrong Item,81323.06
4392,ORD143911,2024-02-06,Size Issue,30784.71
4393,ORD143921,2024-12-19,Customer Changed Mind,14718.82
4394,ORD143931,2025-03-25,Late Delivery,59424.29
4395,ORD143941,2024-02-23,Damaged,14378.2
4396,ORD143951,2024-01-13,Wrong Item,14073.65
4397,ORD143961,2024-04-14,Size Issue,29378.22
4398,ORD143971,2024-05-29,Customer Changed Mind,61948.58
4399,ORD143981,2024-05-26,Late Delivery,20678.77
4400,ORD143991,2024-09-30,Damaged,16845.62
4401,ORD144001,2024-02-12,Wrong Item,24335.57
4402,ORD144011,2025-10-05,Size Issue,13483.82
4403,ORD144021,2025-05-25,Customer Changed Mind,35746.58
4404,ORD144031,2025-05-22,Late Delivery,56379.45
4405,ORD144041,2025-07-27,Damaged,21020.57
4406,ORD144051,2025-02-09,Wrong Item,16647.12
4407,ORD144061,2025-08-17,Size Issue,36877.23
4408,ORD144071,2025-12-09,Customer Changed Mind,79622.84
4409,ORD144081,2024-04-22,Late Delivery,54744.46
4410,ORD144091,2025-12-09,Damaged,20194
4411,ORD144101,2025-03-03,Wrong Item,36857.9
4412,ORD144111,2024-07-11,Size Issue,17448.08
4413,ORD144121,2025-06-05,Customer Changed Mind,6968.75
4414,ORD144131,2025-07-09,Late Delivery,11127
4415,ORD144141,2024-09-18,Damaged,42559.89
4416,ORD144151,2025-05-31,Wrong Item,11727.05
4417,ORD144161,2025-05-24,Size Issue,1438.2
4418,ORD144171,2025-03-29,Customer Changed Mind,36615.72
4419,ORD144181,2025-06-03,Late Delivery,2788.83
4420,ORD144191,2024-03-03,Damaged,16856.19
4421,ORD144201,2024-10-27,Wrong Item,8197.89
4422,ORD144211,2025-05-13,Size Issue,14621.81
4423,ORD144221,2025-12-16,Customer Changed Mind,38097.69
4424,ORD144231,2024-11-27,Late Delivery,48364.04
4425,ORD144241,2025-04-12,Damaged,2660.71
4426,ORD144251,2024-11-20,Wrong Item,18015.43
4427,ORD144261,2024-01-31,Size Issue,69262.56
4428,ORD144271,2025-12-03,Customer Changed Mind,26822.56
4429,ORD144281,2025-12-19,Late Delivery,4356.48
4430,ORD144291,2025-12-18,Damaged,33075.7
4431,ORD144301,2024-07-02,Wrong Item,16055.31
4432,ORD144311,2024-07-05,Size Issue,22712.36
4433,ORD144321,2024-08-24,Customer Changed Mind,63910.78
4434,ORD144331,2024-10-16,Late Delivery,4865.59
4435,ORD144341,2024-04-01,Damaged,10371.65
4436,ORD144351,2025-11-14,Wrong Item,21973.72
4437,ORD144361,2024-03-10,Size Issue,45121.56
4438,ORD144371,2025-09-24,Customer Changed Mind,35021.81
4439,ORD144381,2025-06-20,Late Delivery,16028.42
4440,ORD144391,2025-05-29,Damaged,40555.76
4441,ORD144401,2024-02-23,Wrong Item,39065.8
4442,ORD144411,2024-02-26,Size Issue,71368.71
4443,ORD144421,2024-11-04,Customer Changed Mind,5966.47
4444,ORD144431,2025-07-24,Late Delivery,4118.34
4445,ORD144441,2024-08-30,Damaged,43339.27
4446,ORD144451,2024-10-16,Wrong Item,4579.33
4447,ORD144461,2024-05-12,Size Issue,90936.99
4448,ORD144471,2025-03-14,Customer Changed Mind,46935.89
4449,ORD144481,2024-11-27,Late Delivery,10722.98
4450,ORD144491,2024-12-31,Damaged,21180.58
4451,ORD144501,2025-12-24,Wrong Item,14589.25
4452,ORD144511,2024-06-29,Size Issue,1846.21
4453,ORD144521,2025-02-08,Customer Changed Mind,36969.46
4454,ORD144531,2025-08-26,Late Delivery,4314.6
4455,ORD144541,2024-02-17,Damaged,6280.5
4456,ORD144551,2024-09-19,Wrong Item,72492.66
4457,ORD144561,2025-05-19,Size Issue,6068.34
4458,ORD144571,2025-09-14,Customer Changed Mind,99528.55
4459,ORD144581,2024-06-27,Late Delivery,50441.58
4460,ORD144591,2025-03-21,Damaged,27962.89
4461,ORD144601,2024-08-24,Wrong Item,52242.74
4462,ORD144611,2025-11-06,Size Issue,13069.44
4463,ORD144621,2025-01-06,Customer Changed Mind,14815.4
4464,ORD144631,2026-01-06,Late Delivery,92274.25
4465,ORD144641,2024-10-07,Damaged,26278.97
4466,ORD144651,2025-12-06,Wrong Item,77826.24
4467,ORD144661,2024-10-30,Size Issue,55181.32
4468,ORD144671,2024-06-22,Customer Changed Mind,12847.76
4469,ORD144681,2025-02-13,Late Delivery,52752.28
4470,ORD144691,2025-12-12,Damaged,38289.26
4471,ORD144701,2025-11-15,Wrong Item,6898.75
4472,ORD144711,2024-12-10,Size Issue,76159.8
4473,ORD144721,2025-04-03,Customer Changed Mind,18791.88
4474,ORD144731,2025-02-02,Late Delivery,9771.33
4475,ORD144741,2024-05-25,Damaged,70978.72
4476,ORD144751,2025-05-21,Wrong Item,9282.76
4477,ORD144761,2024-10-03,Size Issue,24720.44
4478,ORD144771,2024-01-14,Customer Changed Mind,28690.92
4479,ORD144781,2025-02-21,Late Delivery,85841
4480,ORD144791,2024-02-08,Damaged,52816.75
4481,ORD144801,2024-05-01,Wrong Item,45008.73
4482,ORD144811,2025-12-12,Size Issue,48010.02
4483,ORD144821,2025-06-03,Customer Changed Mind,52599.93
4484,ORD144831,2025-08-02,Late Delivery,3604.74
4485,ORD144841,2025-03-27,Damaged,41655.74
4486,ORD144851,2026-01-05,Wrong Item,17989.42
4487,ORD144861,2025-09-21,Size Issue,1201.58
4488,ORD144871,2025-06-04,Customer Changed Mind,8067.12
4489,ORD144881,2025-05-03,Late Delivery,18622.56
4490,ORD144891,2025-04-07,Damaged,11970.92
4491,ORD144901,2025-03-02,Wrong Item,77554.48
4492,ORD144911,2024-09-04,Size Issue,67240.44
4493,ORD144921,2024-10-07,Customer Changed Mind,24606.72
4494,ORD144931,2025-11-16,Late Delivery,77554.48
4495,ORD144941,2024-10-29,Damaged,17861.72
4496,ORD144951,2024-02-01,Wrong Item,49354.89
4497,ORD144961,2025-09-17,Size Issue,10448.55
4498,ORD144971,2024-06-02,Customer Changed Mind,2747
4499,ORD144981,2025-12-12,Late Delivery,12980.68
4500,ORD144991,2024-10-01,Damaged,47104.06
4501,ORD145001,2024-10-19,Wrong Item,33086.49
4502,ORD145011,2024-04-26,Size Issue,16391.7
4503,ORD145021,2024-11-09,Customer Changed Mind,36421.27
4504,ORD145031,2025-11-29,Late Delivery,8780.09
4505,ORD145041,2025-12-14,Damaged,3354.97
4506,ORD145051,2024-02-10,Wrong Item,26769.64
4507,ORD145061,2025-05-28,Size Issue,24571.94
4508,ORD145071,2024-05-09,Customer Changed Mind,18841.49
4509,ORD145081,2024-10-06,Late Delivery,13545.85
4510,ORD145091,2025-06-10,Damaged,29146.47
4511,ORD145101,2025-09-21,Wrong Item,11246.26
4512,ORD145111,2025-05-01,Size Issue,9391.17
4513,ORD145121,2025-04-27,Customer Changed Mind,120948.8
4514,ORD145131,2025-09-03,Late Delivery,31690.05
4515,ORD145141,2025-07-28,Damaged,89773.95
4516,ORD145151,2024-03-08,Wrong Item,9001.75
4517,ORD145161,2024-01-31,Size Issue,1219.23
4518,ORD145171,2025-03-04,Customer Changed Mind,50847.53
4519,ORD145181,2024-07-27,Late Delivery,8552.75
4520,ORD145191,2024-01-30,Damaged,26120.91
4521,ORD145201,2024-10-20,Wrong Item,38445.16
4522,ORD145211,2025-10-11,Size Issue,68656.88
4523,ORD145221,2024-11-03,Customer Changed Mind,33459.84
4524,ORD145231,2024-05-26,Late Delivery,19846.35
4525,ORD145241,2024-07-06,Damaged,13204.28
4526,ORD145251,2024-04-26,Wrong Item,30689.13
4527,ORD145261,2024-06-06,Size Issue,1599.54
4528,ORD145271,2025-04-27,Customer Changed Mind,20043.79
4529,ORD145281,2024-01-25,Late Delivery,42883.86
4530,ORD145291,2024-07-13,Damaged,20233.52
4531,ORD145301,2025-07-21,Wrong Item,37866.83
4532,ORD145311,2024-04-02,Size Issue,108595.32
4533,ORD145321,2025-09-30,Customer Changed Mind,7583.06
4534,ORD145331,2025-04-23,Late Delivery,10609.74
4535,ORD145341,2025-06-14,Damaged,20932.91
4536,ORD145351,2025-05-02,Wrong Item,24049.44
4537,ORD145361,2025-08-06,Size Issue,18841.49
4538,ORD145371,2025-07-18,Customer Changed Mind,5323.18
4539,ORD145381,2024-05-31,Late Delivery,12417.52
4540,ORD145391,2025-12-23,Damaged,6709.93
4541,ORD145401,2025-03-03,Wrong Item,10944.83
4542,ORD145411,2025-02-15,Size Issue,22697.7
4543,ORD145421,2024-07-13,Customer Changed Mind,65361.16
4544,ORD145431,2024-09-23,Late Delivery,88963.22
4545,ORD145441,2025-05-19,Damaged,27328.2
4546,ORD145451,2024-12-26,Wrong Item,3266.84
4547,ORD145461,2024-06-07,Size Issue,15432.4
4548,ORD145471,2024-03-06,Customer Changed Mind,23985.9
4549,ORD145481,2024-06-16,Late Delivery,9254.83
4550,ORD145491,2024-11-16,Damaged,5632.05
4551,ORD145501,2024-04-21,Wrong Item,4120.5
4552,ORD145511,2024-03-06,Size Issue,23196.83
4553,ORD145521,2025-06-23,Customer Changed Mind,6259.01
4554,ORD145531,2024-12-16,Late Delivery,65091.74
4555,ORD145541,2025-11-30,Damaged,15751.37
4556,ORD145551,2024-12-17,Wrong Item,19842.5
4557,ORD145561,2025-11-13,Size Issue,46015.04
4558,ORD145571,2025-02-19,Customer Changed Mind,51756.54
4559,ORD145581,2024-06-11,Late Delivery,18883.62
4560,ORD145591,2024-12-25,Damaged,81990.76
4561,ORD145601,2024-04-03,Wrong Item,2964.71
4562,ORD145611,2025-03-26,Size Issue,42264.78
4563,ORD145621,2025-05-29,Customer Changed Mind,31335.42
4564,ORD145631,2024-09-08,Late Delivery,8224.38
4565,ORD145641,2024-01-29,Damaged,27261.09
4566,ORD145651,2025-01-03,Wrong Item,11356.18
4567,ORD145661,2024-01-16,Size Issue,32783.4
4568,ORD145671,2024-02-12,Customer Changed Mind,36165.17
4569,ORD145681,2024-01-09,Late Delivery,12555.75
4570,ORD145691,2025-07-01,Damaged,21037.3
4571,ORD145701,2024-09-06,Wrong Item,19085.77
4572,ORD145711,2025-03-21,Size Issue,8796.47
4573,ORD145721,2025-06-22,Customer Changed Mind,2320.81
4574,ORD145731,2024-12-27,Late Delivery,57424.19
4575,ORD145741,2024-07-06,Damaged,45354.9
4576,ORD145751,2025-06-28,Wrong Item,47325.62
4577,ORD145761,2025-03-30,Size Issue,20264.25
4578,ORD145771,2025-01-10,Customer Changed Mind,15283.32
4579,ORD145781,2025-04-25,Late Delivery,16558.39
4580,ORD145791,2025-06-13,Damaged,53422.83
4581,ORD145801,2024-08-21,Wrong Item,40250.07
4582,ORD145811,2025-05-16,Size Issue,3913.28
4583,ORD145821,2025-10-14,Customer Changed Mind,13321.02
4584,ORD145831,2025-05-25,Late Delivery,3242.21
4585,ORD145841,2025-12-27,Damaged,44221.25
4586,ORD145851,2025-07-26,Wrong Item,40246.9
4587,ORD145861,2024-09-26,Size Issue,6259.01
4588,ORD145871,2024-02-16,Customer Changed Mind,82482.23
4589,ORD145881,2024-08-23,Late Delivery,11297.03
4590,ORD145891,2025-07-09,Damaged,19469.2
4591,ORD145901,2025-09-30,Wrong Item,73411.09
4592,ORD145911,2025-12-27,Size Issue,33033.68
4593,ORD145921,2025-04-04,Customer Changed Mind,24818.97
4594,ORD145931,2024-02-11,Late Delivery,8354.92
4595,ORD145941,2024-11-07,Damaged,32735.07
4596,ORD145951,2024-02-03,Wrong Item,99212.49
4597,ORD145961,2024-10-20,Size Issue,25271.94
4598,ORD145971,2024-08-20,Customer Changed Mind,31719.23
4599,ORD145981,2024-03-04,Late Delivery,10021.9
4600,ORD145991,2025-11-18,Damaged,1235.5
4601,ORD146001,2024-11-01,Wrong Item,30685.37
4602,ORD146011,2025-03-06,Size Issue,13708.41
4603,ORD146021,2024-10-22,Customer Changed Mind,46407.25
4604,ORD146031,2025-08-01,Late Delivery,25664.19
4605,ORD146041,2025-09-10,Damaged,3057.83
4606,ORD146051,2024-09-26,Wrong Item,31948.36
4607,ORD146061,2024-02-08,Size Issue,11183.22
4608,ORD146071,2024-11-09,Customer Changed Mind,6284.38
4609,ORD146081,2025-09-29,Late Delivery,10535.58
4610,ORD146091,2024-10-11,Damaged,30879.81
4611,ORD146101,2025-07-10,Wrong Item,43976.56
4612,ORD146111,2024-04-23,Size Issue,32793.84
4613,ORD146121,2025-07-10,Customer Changed Mind,7757.73
4614,ORD146131,2024-01-09,Late Delivery,32545.87
4615,ORD146141,2025-05-26,Damaged,1642.64
4616,ORD146151,2024-08-21,Wrong Item,9376.36
4617,ORD146161,2024-01-25,Size Issue,28021.32
4618,ORD146171,2025-02-22,Customer Changed Mind,76578.52
4619,ORD146181,2025-10-10,Late Delivery,43565.76
4620,ORD146191,2025-11-20,Damaged,47089.89
4621,ORD146201,2025-02-20,Wrong Item,12427.56
4622,ORD146211,2025-01-26,Size Issue,27276.51
4623,ORD146221,2024-10-25,Customer Changed Mind,13891.74
4624,ORD146231,2024-09-07,Late Delivery,25867.17
4625,ORD146241,2024-03-30,Damaged,64384.78
4626,ORD146251,2024-11-21,Wrong Item,14195.74
4627,ORD146261,2024-10-25,Size Issue,22553.32
4628,ORD146271,2024-04-21,Customer Changed Mind,13014.95
4629,ORD146281,2024-09-13,Late Delivery,15931.56
4630,ORD146291,2025-11-21,Damaged,19010.48
4631,ORD146301,2024-10-13,Wrong Item,47794.67
4632,ORD146311,2025-06-08,Size Issue,2956.34
4633,ORD146321,2024-02-06,Customer Changed Mind,5096.39
4634,ORD146331,2024-02-13,Late Delivery,58126.98
4635,ORD146341,2024-10-17,Damaged,16753.98
4636,ORD146351,2025-02-10,Wrong Item,5055.38
4637,ORD146361,2024-08-30,Size Issue,9801.35
4638,ORD146371,2025-07-01,Customer Changed Mind,48006.48
4639,ORD146381,2025-03-22,Late Delivery,46104.41
4640,ORD146391,2025-09-01,Damaged,6027.08
4641,ORD146401,2024-10-22,Wrong Item,9235.41
4642,ORD146411,2025-01-31,Size Issue,54724.13
4643,ORD146421,2025-11-13,Customer Changed Mind,47289.75
4644,ORD146431,2025-04-13,Late Delivery,15144.69
4645,ORD146441,2024-01-26,Damaged,40021.7
4646,ORD146451,2024-05-17,Wrong Item,30680.49
4647,ORD146461,2024-06-12,Size Issue,106966.63
4648,ORD146471,2025-05-27,Customer Changed Mind,16558.39
4649,ORD146481,2024-06-29,Late Delivery,39827.3
4650,ORD146491,2024-07-21,Damaged,68893.69
4651,ORD146501,2024-12-16,Wrong Item,13913.1
4652,ORD146511,2025-01-26,Size Issue,6585.46
4653,ORD146521,2025-11-14,Customer Changed Mind,3589.53
4654,ORD146531,2025-01-08,Late Delivery,13415.18
4655,ORD146541,2024-11-02,Damaged,14768.02
4656,ORD146551,2024-09-22,Wrong Item,13731.38
4657,ORD146561,2024-03-05,Size Issue,51148.55
4658,ORD146571,2024-05-24,Customer Changed Mind,7630.55
4659,ORD146581,2024-02-23,Late Delivery,18929.16
4660,ORD146591,2024-07-11,Damaged,35763.41
4661,ORD146601,2025-09-23,Wrong Item,33255.36
4662,ORD146611,2024-04-26,Size Issue,52481.38
4663,ORD146621,2024-02-29,Customer Changed Mind,17378.3
4664,ORD146631,2024-10-11,Late Delivery,5757.47
4665,ORD146641,2024-06-21,Damaged,13489.01
4666,ORD146651,2024-10-16,Wrong Item,23063.72
4667,ORD146661,2024-01-14,Size Issue,37583.77
4668,ORD146671,2024-12-29,Customer Changed Mind,2518.51
4669,ORD146681,2026-01-04,Late Delivery,71157.96
4670,ORD146691,2024-03-04,Damaged,83769.88
4671,ORD146701,2025-07-27,Wrong Item,54620.59
4672,ORD146711,2024-12-10,Size Issue,24013.02
4673,ORD146721,2025-04-08,Customer Changed Mind,6774.24
4674,ORD146731,2026-01-05,Late Delivery,40920.3
4675,ORD146741,2024-11-07,Damaged,16404.31
4676,ORD146751,2025-06-20,Wrong Item,33446.83
4677,ORD146761,2024-12-16,Size Issue,8462.07
4678,ORD146771,2025-02-07,Customer Changed Mind,58185.85
4679,ORD146781,2024-01-16,Late Delivery,7642.53
4680,ORD146791,2026-01-04,Damaged,54739.24
4681,ORD146801,2024-03-15,Wrong Item,18731.56
4682,ORD146811,2024-02-18,Size Issue,21219.48
4683,ORD146821,2025-08-20,Customer Changed Mind,6001.53
4684,ORD146831,2024-02-01,Late Delivery,28923.99
4685,ORD146841,2024-07-06,Damaged,43523.46
4686,ORD146851,2024-05-08,Wrong Item,4942.01
4687,ORD146861,2024-06-29,Size Issue,1373.5
4688,ORD146871,2024-12-22,Customer Changed Mind,31335.42
4689,ORD146881,2025-04-16,Late Delivery,28935.27
4690,ORD146891,2024-01-11,Damaged,96861.86
4691,ORD146901,2024-06-02,Wrong Item,8831.29
4692,ORD146911,2024-02-24,Size Issue,75723.45
4693,ORD146921,2024-06-20,Customer Changed Mind,14318.78
4694,ORD146931,2025-07-07,Late Delivery,54713.47
4695,ORD146941,2025-04-10,Damaged,7732.08
4696,ORD146951,2024-01-12,Wrong Item,12458.14
4697,ORD146961,2025-03-27,Size Issue,4727.35
4698,ORD146971,2024-01-15,Customer Changed Mind,58165.86
4699,ORD146981,2025-11-06,Late Delivery,17587.97
4700,ORD146991,2024-09-11,Damaged,14622.1
4701,ORD147001,2025-04-20,Wrong Item,27005.24
4702,ORD147011,2024-03-17,Size Issue,17786.72
4703,ORD147021,2025-03-28,Customer Changed Mind,56780.9
4704,ORD147031,2024-10-18,Late Delivery,45519.1
4705,ORD147041,2024-12-01,Damaged,26318.02
4706,ORD147051,2025-02-12,Wrong Item,8692.81
4707,ORD147061,2025-12-31,Size Issue,38872.9
4708,ORD147071,2025-09-03,Customer Changed Mind,22076.32
4709,ORD147081,2025-06-27,Late Delivery,2933.9
4710,ORD147091,2025-10-24,Damaged,59382.53
4711,ORD147101,2025-07-10,Wrong Item,50883.3
4712,ORD147111,2025-09-13,Size Issue,10867.73
4713,ORD147121,2025-07-16,Customer Changed Mind,45066.71
4714,ORD147131,2025-09-08,Late Delivery,25564.31
4715,ORD147141,2024-03-06,Damaged,27949.56
4716,ORD147151,2025-12-24,Wrong Item,4036.38
4717,ORD147161,2025-09-17,Size Issue,7876.27
4718,ORD147171,2025-07-13,Customer Changed Mind,16323.7
4719,ORD147181,2025-05-24,Late Delivery,86665.87
4720,ORD147191,2024-10-13,Damaged,2063.45
4721,ORD147201,2024-04-09,Wrong Item,75671.87
4722,ORD147211,2025-11-21,Size Issue,16328.48
4723,ORD147221,2024-07-30,Customer Changed Mind,70043.62
4724,ORD147231,2024-03-31,Late Delivery,15919.73
4725,ORD147241,2025-06-06,Damaged,45152.82
4726,ORD147251,2024-04-21,Wrong Item,12249.05
4727,ORD147261,2024-02-07,Size Issue,5494
4728,ORD147271,2024-07-02,Customer Changed Mind,18124.92
4729,ORD147281,2025-02-13,Late Delivery,20457.46
4730,ORD147291,2025-10-24,Damaged,81765.89
4731,ORD147301,2024-11-20,Wrong Item,15696.63
4732,ORD147311,2025-10-16,Size Issue,64364.93
4733,ORD147321,2024-05-29,Customer Changed Mind,20264.25
4734,ORD147331,2024-10-24,Late Delivery,20040.19
4735,ORD147341,2025-11-08,Damaged,18082.58
4736,ORD147351,2025-10-03,Wrong Item,21073.01
4737,ORD147361,2025-01-23,Size Issue,24936.25
4738,ORD147371,2024-08-13,Customer Changed Mind,6146.06
4739,ORD147381,2024-06-25,Late Delivery,32365.11
4740,ORD147391,2025-03-30,Damaged,34491.42
4741,ORD147401,2025-12-19,Wrong Item,6103.81
4742,ORD147411,2024-03-20,Size Issue,4813.25
4743,ORD147421,2024-10-23,Customer Changed Mind,10554.86
4744,ORD147431,2024-02-11,Late Delivery,89599.76
4745,ORD147441,2024-04-05,Damaged,50779.81
4746,ORD147451,2025-05-31,Wrong Item,42782.31
4747,ORD147461,2025-06-18,Size Issue,12926.06
4748,ORD147471,2025-06-19,Customer Changed Mind,41158.78
4749,ORD147481,2025-03-06,Late Delivery,8272.99
4750,ORD147491,2025-01-27,Damaged,15752.54
4751,ORD147501,2024-01-30,Wrong Item,8388.6
4752,ORD147511,2024-05-11,Size Issue,17534.79
4753,ORD147521,2025-10-28,Customer Changed Mind,61324.42
4754,ORD147531,2025-08-28,Late Delivery,51766.92
4755,ORD147541,2024-10-25,Damaged,50779.81
4756,ORD147551,2024-07-24,Wrong Item,24087.56
4757,ORD147561,2024-04-22,Size Issue,5188.77
4758,ORD147571,2025-09-12,Customer Changed Mind,14677.55
4759,ORD147581,2026-01-05,Late Delivery,11876.51
4760,ORD147591,2025-09-10,Damaged,32550.28
4761,ORD147601,2025-08-24,Wrong Item,40783.94
4762,ORD147611,2025-02-09,Size Issue,66437.46
4763,ORD147621,2024-08-24,Customer Changed Mind,31620.81
4764,ORD147631,2025-01-28,Late Delivery,21719.06
4765,ORD147641,2025-06-05,Damaged,1278.19
4766,ORD147651,2024-03-12,Wrong Item,6782.26
4767,ORD147661,2024-07-14,Size Issue,4118.34
4768,ORD147671,2025-06-15,Customer Changed Mind,17094.2
4769,ORD147681,2025-12-05,Late Delivery,2905.88
4770,ORD147691,2024-05-23,Damaged,2829.16
4771,ORD147701,2024-02-16,Wrong Item,6172.96
4772,ORD147711,2024-03-11,Size Issue,25009.88
4773,ORD147721,2025-04-23,Customer Changed Mind,59537.3
4774,ORD147731,2024-06-12,Late Delivery,42873.44
4775,ORD147741,2024-09-30,Damaged,35628.8
4776,ORD147751,2024-01-31,Wrong Item,6964
4777,ORD147761,2025-10-26,Size Issue,48831.79
4778,ORD147771,2025-07-03,Customer Changed Mind,7753.11
4779,ORD147781,2024-04-11,Late Delivery,11926.69
4780,ORD147791,2025-03-02,Damaged,13981
4781,ORD147801,2024-09-23,Wrong Item,9925.47
4782,ORD147811,2024-12-10,Size Issue,42314.67
4783,ORD147821,2025-03-19,Customer Changed Mind,14323.15
4784,ORD147831,2025-10-06,Late Delivery,4830.61
4785,ORD147841,2024-12-17,Damaged,2875.64
4786,ORD147851,2025-05-01,Wrong Item,11269.01
4787,ORD147861,2026-01-07,Size Issue,15384.78
4788,ORD147871,2025-04-24,Customer Changed Mind,23567.61
4789,ORD147881,2024-07-10,Late Delivery,13708.41
4790,ORD147891,2025-09-20,Damaged,94284.85
4791,ORD147901,2025-01-16,Wrong Item,5037.03
4792,ORD147911,2025-12-12,Size Issue,68731.2
4793,ORD147921,2025-04-03,Customer Changed Mind,8626.92
4794,ORD147931,2024-12-29,Late Delivery,37010.74
4795,ORD147941,2025-06-29,Damaged,14868.41
4796,ORD147951,2025-02-12,Wrong Item,20776.56
4797,ORD147961,2025-08-27,Size Issue,18698.9
4798,ORD147971,2024-10-25,Customer Changed Mind,28380.36
4799,ORD147981,2024-06-02,Late Delivery,4942.01
4800,ORD147991,2024-03-09,Damaged,7975.3
4801,ORD148001,2024-08-10,Wrong Item,11369.25
4802,ORD148011,2025-04-03,Size Issue,7975.3
4803,ORD148021,2024-05-03,Customer Changed Mind,3397.59
4804,ORD148031,2024-03-17,Late Delivery,4938.47
4805,ORD148041,2025-09-23,Damaged,7788.6
4806,ORD148051,2025-01-08,Wrong Item,6442.91
4807,ORD148061,2025-03-15,Size Issue,79719.64
4808,ORD148071,2025-05-29,Customer Changed Mind,5623.13
4809,ORD148081,2024-05-30,Late Delivery,40522.41
4810,ORD148091,2025-09-24,Damaged,8429.2
4811,ORD148101,2024-09-05,Wrong Item,71575.2
4812,ORD148111,2024-08-24,Size Issue,28848.98
4813,ORD148121,2024-11-10,Customer Changed Mind,15964.05
4814,ORD148131,2024-04-22,Late Delivery,22939.34
4815,ORD148141,2024-03-11,Damaged,16357.08
4816,ORD148151,2024-02-02,Wrong Item,3109.99
4817,ORD148161,2024-01-18,Size Issue,13560.46
4818,ORD148171,2024-09-03,Customer Changed Mind,17534.79
4819,ORD148181,2024-05-13,Late Delivery,10800.79
4820,ORD148191,2024-03-13,Damaged,45545.65
4821,ORD148201,2024-02-24,Wrong Item,77435.72
4822,ORD148211,2024-02-09,Size Issue,2209
4823,ORD148221,2025-08-29,Customer Changed Mind,78141.06
4824,ORD148231,2024-09-24,Late Delivery,48963.7
4825,ORD148241,2025-08-05,Damaged,14323.55
4826,ORD148251,2025-04-21,Wrong Item,11629.66
4827,ORD148261,2025-10-02,Size Issue,53784.97
4828,ORD148271,2025-09-06,Customer Changed Mind,22553.32
4829,ORD148281,2024-06-28,Late Delivery,6354.56
4830,ORD148291,2025-05-05,Damaged,37231.06
4831,ORD148301,2024-02-21,Wrong Item,5918.07
4832,ORD148311,2025-02-13,Size Issue,32785.72
4833,ORD148321,2024-02-11,Customer Changed Mind,20018.94
4834,ORD148331,2024-10-23,Late Delivery,4967.17
4835,ORD148341,2024-12-29,Damaged,31947.66
4836,ORD148351,2025-12-13,Wrong Item,16957.34
4837,ORD148361,2024-10-18,Size Issue,81990.76
4838,ORD148371,2024-04-21,Customer Changed Mind,20486.49
4839,ORD148381,2025-01-12,Late Delivery,32106.65
4840,ORD148391,2025-04-21,Damaged,28881.01
4841,ORD148401,2024-02-13,Wrong Item,35863.65
4842,ORD148411,2024-11-07,Size Issue,50593.92
4843,ORD148421,2025-03-15,Customer Changed Mind,2867.17
4844,ORD148431,2025-08-23,Late Delivery,58357.01
4845,ORD148441,2025-06-09,Damaged,6259.01
4846,ORD148451,2025-11-27,Wrong Item,54642.86
4847,ORD148461,2025-10-11,Size Issue,16864.64
4848,ORD148471,2025-01-20,Customer Changed Mind,49436.24
4849,ORD148481,2025-10-11,Late Delivery,75124.96
4850,ORD148491,2025-08-27,Damaged,17786.72
4851,ORD148501,2025-03-04,Wrong Item,16264.61
4852,ORD148511,2025-11-09,Size Issue,15464.56
4853,ORD148521,2024-01-22,Customer Changed Mind,24337.48
4854,ORD148531,2024-05-24,Late Delivery,56885.49
4855,ORD148541,2024-12-06,Damaged,12179.62
4856,ORD148551,2025-12-06,Wrong Item,12069.12
4857,ORD148561,2024-12-26,Size Issue,21181.86
4858,ORD148571,2024-08-01,Customer Changed Mind,4651.87
4859,ORD148581,2025-10-04,Late Delivery,38751.32
4860,ORD148591,2025-05-16,Damaged,20383.94
4861,ORD148601,2025-05-22,Wrong Item,43187.97
4862,ORD148611,2025-02-09,Size Issue,20132.96
4863,ORD148621,2024-08-17,Customer Changed Mind,2798.35
4864,ORD148631,2024-01-14,Late Delivery,6615.14
4865,ORD148641,2025-02-20,Damaged,22962.7
4866,ORD148651,2024-06-11,Wrong Item,37245.13
4867,ORD148661,2024-11-22,Size Issue,9966.3
4868,ORD148671,2025-04-23,Customer Changed Mind,39650.74
4869,ORD148681,2024-03-03,Late Delivery,36034.09
4870,ORD148691,2024-02-23,Damaged,67682.34
4871,ORD148701,2025-06-30,Wrong Item,28714.32
4872,ORD148711,2025-10-21,Size Issue,1278.32
4873,ORD148721,2025-09-07,Customer Changed Mind,10183.28
4874,ORD148731,2025-07-25,Late Delivery,66919.68
4875,ORD148741,2025-10-06,Damaged,64179.98
4876,ORD148751,2025-07-08,Wrong Item,15794.22
4877,ORD148761,2024-10-29,Size Issue,8004.34
4878,ORD148771,2025-10-01,Customer Changed Mind,18193.55
4879,ORD148781,2024-01-20,Late Delivery,80796.56
4880,ORD148791,2024-03-29,Damaged,57630.51
4881,ORD148801,2024-12-26,Wrong Item,28848.98
4882,ORD148811,2025-04-20,Size Issue,10051.56
4883,ORD148821,2024-05-15,Customer Changed Mind,28774.91
4884,ORD148831,2025-02-05,Late Delivery,36710.99
4885,ORD148841,2024-03-24,Damaged,29224.65
4886,ORD148851,2025-08-29,Wrong Item,43798.29
4887,ORD148861,2024-07-14,Size Issue,11463.8
4888,ORD148871,2025-10-30,Customer Changed Mind,39821.23
4889,ORD148881,2024-03-09,Late Delivery,63242.4
4890,ORD148891,2024-03-06,Damaged,6001.53
4891,ORD148901,2025-01-05,Wrong Item,59424.29
4892,ORD148911,2025-07-11,Size Issue,28023.1
4893,ORD148921,2025-10-01,Customer Changed Mind,40405.51
4894,ORD148931,2025-11-21,Late Delivery,35372.96
4895,ORD148941,2024-08-18,Damaged,1162.63
4896,ORD148951,2024-11-29,Wrong Item,25848.46
4897,ORD148961,2024-04-29,Size Issue,59740.95
4898,ORD148971,2025-01-03,Customer Changed Mind,38142.12
4899,ORD148981,2025-04-25,Late Delivery,32437.56
4900,ORD148991,2025-04-12,Damaged,19469.2
4901,ORD149001,2025-07-20,Wrong Item,5096.39
4902,ORD149011,2025-03-13,Size Issue,39871.86
4903,ORD149021,2025-12-06,Customer Changed Mind,16008.71
4904,ORD149031,2025-07-11,Late Delivery,3788.95
4905,ORD149041,2025-04-07,Damaged,5465.16
4906,ORD149051,2024-11-11,Wrong Item,3282.14
4907,ORD149061,2024-07-27,Size Issue,20323.67
4908,ORD149071,2024-08-08,Customer Changed Mind,27368.95
4909,ORD149081,2025-12-18,Late Delivery,14666.26
4910,ORD149091,2025-01-21,Damaged,54853.38
4911,ORD149101,2024-05-25,Wrong Item,33848.28
4912,ORD149111,2024-01-23,Size Issue,54724.13
4913,ORD149121,2025-10-13,Customer Changed Mind,34638.05
4914,ORD149131,2024-08-10,Late Delivery,8054.23
4915,ORD149141,2024-12-26,Damaged,5177.52
4916,ORD149151,2024-07-16,Wrong Item,20459.42
4917,ORD149161,2025-05-16,Size Issue,35884.67
4918,ORD149171,2024-04-13,Customer Changed Mind,15112.8
4919,ORD149181,2024-04-13,Late Delivery,15842.76
4920,ORD149191,2025-01-03,Damaged,11674.57
4921,ORD149201,2025-09-14,Wrong Item,34778.83
4922,ORD149211,2025-05-28,Size Issue,20676.78
4923,ORD149221,2024-05-05,Customer Changed Mind,76805.11
4924,ORD149231,2025-08-21,Late Delivery,14602.49
4925,ORD149241,2025-05-07,Damaged,10431.34
4926,ORD149251,2024-03-16,Wrong Item,60545.87
4927,ORD149261,2025-09-22,Size Issue,14100.94
4928,ORD149271,2024-02-17,Customer Changed Mind,82432.59
4929,ORD149281,2025-12-22,Late Delivery,13817.34
4930,ORD149291,2024-12-01,Damaged,8717.63
4931,ORD149301,2025-06-16,Wrong Item,7723.98
4932,ORD149311,2024-07-30,Size Issue,26602.04
4933,ORD149321,2025-06-20,Customer Changed Mind,30042.9
4934,ORD149331,2024-12-16,Late Delivery,4075.61
4935,ORD149341,2024-05-19,Damaged,65313.91
4936,ORD149351,2025-07-30,Wrong Item,2135.37
4937,ORD149361,2024-03-24,Size Issue,15142.24
4938,ORD149371,2024-08-28,Customer Changed Mind,41406.76
4939,ORD149381,2024-11-12,Late Delivery,23883.98
4940,ORD149391,2026-01-05,Damaged,8638.73
4941,ORD149401,2024-09-10,Wrong Item,90624.58
4942,ORD149411,2025-06-08,Size Issue,10769.33
4943,ORD149421,2024-02-22,Customer Changed Mind,49916.11
4944,ORD149431,2025-02-14,Late Delivery,29178.5
4945,ORD149441,2024-01-12,Damaged,18063.64
4946,ORD149451,2025-06-12,Wrong Item,10014.3
4947,ORD149461,2025-02-16,Size Issue,13257.66
4948,ORD149471,2025-03-06,Customer Changed Mind,22910.35
4949,ORD149481,2025-12-16,Late Delivery,14815.4
4950,ORD149491,2024-08-25,Damaged,38777.24
4951,ORD149501,2025-03-24,Wrong Item,55181.32
4952,ORD149511,2025-03-17,Size Issue,40149.6
4953,ORD149521,2025-04-19,Customer Changed Mind,14411.96
4954,ORD149531,2024-12-01,Late Delivery,39649.46
4955,ORD149541,2024-11-24,Damaged,27933.85
4956,ORD149551,2024-09-12,Wrong Item,11739.83
4957,ORD149561,2024-07-23,Size Issue,17094.2
4958,ORD149571,2025-11-25,Customer Changed Mind,71656.49
4959,ORD149581,2024-10-20,Late Delivery,40491.91
4960,ORD149591,2024-01-10,Damaged,25638.09
4961,ORD149601,2025-01-05,Wrong Item,39378.42
4962,ORD149611,2025-12-14,Size Issue,50451.6
4963,ORD149621,2025-03-19,Customer Changed Mind,923.1
4964,ORD149631,2024-09-20,Late Delivery,3051.34
4965,ORD149641,2024-12-21,Damaged,49693.75
4966,ORD149651,2024-03-13,Wrong Item,10500.29
4967,ORD149661,2024-12-04,Size Issue,48075.97
4968,ORD149671,2025-09-27,Customer Changed Mind,2822.72
4969,ORD149681,2024-06-01,Late Delivery,35033.37
4970,ORD149691,2024-12-24,Damaged,38079.9
4971,ORD149701,2024-08-07,Wrong Item,15974.18
4972,ORD149711,2025-06-09,Size Issue,4097.3
4973,ORD149721,2024-12-28,Customer Changed Mind,13800.19
4974,ORD149731,2025-04-14,Late Delivery,20997.63
4975,ORD149741,2024-05-22,Damaged,24153.97
4976,ORD149751,2024-03-26,Wrong Item,2745.56
4977,ORD149761,2024-05-22,Size Issue,60792.75
4978,ORD149771,2025-04-18,Customer Changed Mind,33218.73
4979,ORD149781,2024-09-24,Late Delivery,3424.5
4980,ORD149791,2025-05-29,Damaged,11961.56
4981,ORD149801,2025-05-01,Wrong Item,53243.89
4982,ORD149811,2025-12-22,Size Issue,10498.82
4983,ORD149821,2026-01-04,Customer Changed Mind,55830.31
4984,ORD149831,2024-02-08,Late Delivery,9466.78
4985,ORD149841,2025-04-03,Damaged,2579.31
4986,ORD149851,2025-08-07,Wrong Item,42782.31
4987,ORD149861,2025-06-22,Size Issue,6995.38
4988,ORD149871,2025-07-22,Customer Changed Mind,21002.69
4989,ORD149881,2024-08-21,Late Delivery,40706.64
4990,ORD149891,2024-12-15,Damaged,1057.43
4991,ORD149901,2024-01-20,Wrong Item,68071.5
4992,ORD149911,2025-06-04,Size Issue,37907.91
4993,ORD149921,2024-09-20,Customer Changed Mind,17333.67
4994,ORD149931,2025-07-02,Late Delivery,31486.94
4995,ORD149941,2025-01-15,Damaged,92274.25
4996,ORD149951,2024-08-14,Wrong Item,4967.17
4997,ORD149961,2024-01-29,Size Issue,45121.56
4998,ORD149971,2025-05-10,Customer Changed Mind,34666.35
4999,ORD149981,2024-11-02,Late Delivery,25201.65
5000,ORD149991,2025-01-11,Damaged,32932.81
